FULLT	run1	ssm1	-1	0	1.3272221088409424	0	0	0	0	0	0	0
FULLT	run1	ssm1	0	0	9.77830775	9.772268	0.250929124	2612793888	11	1	0.005951458	2.0830078125
FULLT	run1	ssm1	1	1	0.059522583	0.05751625	0.0	63913536	0	0	0.005891583	2.14990234375
FULLT	run1	ssm1	1	2	0.059303208	0.057368417	0.0	63913536	0	0	0.006110875	2.14990234375
FULLT	run1	ssm1	1	3	0.060573833	0.058566291	0.0	63913536	0	0	0.005979958	2.14990234375
FULLT	run1	ssm1	1	4	0.061284875	0.059319917	0.0	63913536	0	0	0.005939583	2.14990234375
FULLT	run1	ssm1	1	5	0.060569417	0.058602792	0.0	63913536	0	0	0.0059245	2.14990234375
FULLT	run1	ssm1	1	6	0.059501375	0.057533875	0.0	63913536	0	0	0.006081	2.14990234375
FULLT	run1	ssm1	1	7	0.060019417	0.058086792	0.0	63913536	0	0	0.006027208	2.14990234375
FULLT	run1	ssm1	1	8	0.059454584	0.057503666	0.0	63913536	0	0	0.006090459	2.14990234375
FULLT	run1	ssm1	1	9	0.059752833	0.05780925	0.0	63913536	0	0	0.006004667	2.14990234375
FULLT	run1	ssm1	1	10	0.058517417	0.056591666	0.0	63913536	0	0	0.005979542	2.14990234375
FULLT	run1	ssm1	1	11	0.060537208	0.058572959	0.0	63913536	0	0	0.005875167	2.14990234375
v6	run1	ssm1	-1	0	1.4663469791412354	0	0	0	0	0	0	0
v6	run1	ssm1	0	0	8.327517916	8.325685333	0.226340623	2172163184	8	1	0.005902792	2.1376953125
v6	run1	ssm1	1	1	0.045972708	0.045424208	0.0	58018608	0	0	0.005930292	2.1162109375
v6	run1	ssm1	1	2	0.046298417	0.045753958	0.0	58018608	0	0	0.005870666	2.1162109375
v6	run1	ssm1	1	3	0.047276875	0.046743	0.0	58018608	0	0	0.005957792	2.1162109375
v6	run1	ssm1	1	4	0.045330416	0.044799625	0.0	58018608	0	0	0.00588225	2.1162109375
v6	run1	ssm1	1	5	0.044315	0.043772417	0.0	58018608	0	0	0.006017875	2.1162109375
v6	run1	ssm1	1	6	0.044903084	0.0443805	0.0	58018608	0	0	0.005999875	2.1162109375
v6	run1	ssm1	1	7	0.045211792	0.044673458	0.0	58018608	0	0	0.005946875	2.1162109375
v6	run1	ssm1	1	8	0.044781125	0.044256375	0.0	58018608	0	0	0.0058935	2.1162109375
v6	run1	ssm1	1	9	0.044061584	0.043541541	0.0	58018608	0	0	0.005921417	2.1162109375
v6	run1	ssm1	1	10	0.046694709	0.046155959	0.0	58018608	0	0	0.005860125	2.1162109375
v6	run1	ssm1	1	11	0.045700667	0.045184125	0.0	58018608	0	0	0.005949042	2.1162109375
v6	run2	ssm1	-1	0	1.4633798599243164	0	0	0	0	0	0	0
v6	run2	ssm1	0	0	8.373923958	8.371528125	0.215583833	2172130528	8	1	0.005898667	2.1064453125
v6	run2	ssm1	1	1	0.045846375	0.045308083	0.0	58018608	0	0	0.005877042	2.2431640625
v6	run2	ssm1	1	2	0.045945833	0.045425875	0.0	58018608	0	0	0.005946584	2.2431640625
v6	run2	ssm1	1	3	0.046199208	0.045653333	0.0	58018608	0	0	0.005959541	2.2431640625
v6	run2	ssm1	1	4	0.046997	0.046479416	0.0	58018608	0	0	0.005956792	2.2431640625
v6	run2	ssm1	1	5	0.045838125	0.045292417	0.0	58018608	0	0	0.005954834	2.2431640625
v6	run2	ssm1	1	6	0.04972275	0.049172875	0.0	58018608	0	0	0.005970084	2.2431640625
v6	run2	ssm1	1	7	0.048965417	0.0484115	0.0	58018608	0	0	0.006207459	2.2431640625
v6	run2	ssm1	1	8	0.044182042	0.043649542	0.0	58018608	0	0	0.00589075	2.2431640625
v6	run2	ssm1	1	9	0.045814916	0.0452805	0.0	58018608	0	0	0.006001292	2.2431640625
v6	run2	ssm1	1	10	0.046496166	0.04595025	0.0	58018608	0	0	0.005918875	2.2431640625
v6	run2	ssm1	1	11	0.044999042	0.044483292	0.0	58018608	0	0	0.005975875	2.2431640625
FULLT	run2	ssm1	-1	0	1.3461289405822754	0	0	0	0	0	0	0
FULLT	run2	ssm1	0	0	9.646606292	9.64290525	0.245521209	2612819152	11	1	0.005888375	2.20556640625
FULLT	run2	ssm1	1	1	0.059620125	0.057696041	0.0	63913536	0	0	0.005917875	2.10009765625
FULLT	run2	ssm1	1	2	0.058576542	0.05661675	0.0	63913536	0	0	0.0059075	2.10009765625
FULLT	run2	ssm1	1	3	0.059044291	0.057053541	0.0	63913536	0	0	0.005929125	2.10009765625
FULLT	run2	ssm1	1	4	0.059199625	0.0572505	0.0	63913536	0	0	0.005915167	2.10009765625
FULLT	run2	ssm1	1	5	0.060043833	0.05810325	0.0	63913536	0	0	0.005891625	2.10009765625
FULLT	run2	ssm1	1	6	0.059599917	0.057639958	0.0	63913536	0	0	0.005895916	2.10009765625
FULLT	run2	ssm1	1	7	0.0602095	0.058231166	0.0	63913536	0	0	0.006033667	2.10009765625
FULLT	run2	ssm1	1	8	0.059540833	0.057597209	0.0	63913536	0	0	0.005985708	2.10009765625
FULLT	run2	ssm1	1	9	0.05861775	0.056638083	0.0	63913536	0	0	0.005890167	2.10009765625
FULLT	run2	ssm1	1	10	0.061799125	0.059839417	0.0	63913536	0	0	0.00586475	2.10009765625
FULLT	run2	ssm1	1	11	0.061094833	0.059100042	0.0	63913536	0	0	0.005904416	2.10009765625
FULLT	run3	ssm1	-1	0	1.3250470161437988	0	0	0	0	0	0	0
FULLT	run3	ssm1	0	0	9.573411291	9.5701575	0.247868956	2612829024	11	1	0.005916084	2.091796875
FULLT	run3	ssm1	1	1	0.0619085	0.059893958	0.0	63913536	0	0	0.005887917	2.00341796875
FULLT	run3	ssm1	1	2	0.060506209	0.058564584	0.0	63913536	0	0	0.0059635	2.00341796875
FULLT	run3	ssm1	1	3	0.061314833	0.059384542	0.0	63913536	0	0	0.005896958	2.00341796875
FULLT	run3	ssm1	1	4	0.060804375	0.05883275	0.0	63913536	0	0	0.005975792	2.00341796875
FULLT	run3	ssm1	1	5	0.059992958	0.058058125	0.0	63913536	0	0	0.005864958	2.00341796875
FULLT	run3	ssm1	1	6	0.060159458	0.058188208	0.0	63913536	0	0	0.006036667	2.00341796875
FULLT	run3	ssm1	1	7	0.061283084	0.059326666	0.0	63913536	0	0	0.005906083	2.00341796875
FULLT	run3	ssm1	1	8	0.059828	0.057872	0.0	63913536	0	0	0.005941584	1.9228515625
FULLT	run3	ssm1	1	9	0.059095917	0.057149125	0.0	63913536	0	0	0.005927709	1.9228515625
FULLT	run3	ssm1	1	10	0.059768666	0.057831959	0.0	63913536	0	0	0.005933458	1.9228515625
FULLT	run3	ssm1	1	11	0.060769958	0.058797667	0.0	63913536	0	0	0.005896417	1.9228515625
v6	run3	ssm1	-1	0	1.4662530422210693	0	0	0	0	0	0	0
v6	run3	ssm1	0	0	8.294522791	8.291346625	0.235163168	2172163120	9	1	0.006189458	1.9287109375
v6	run3	ssm1	1	1	0.0467515	0.04620825	0.0	58018608	0	0	0.005917333	2.16015625
v6	run3	ssm1	1	2	0.045879459	0.045317	0.0	58018608	0	0	0.005945625	2.16015625
v6	run3	ssm1	1	3	0.045144584	0.044609375	0.0	58018608	0	0	0.005959625	2.16015625
v6	run3	ssm1	1	4	0.045575958	0.045040542	0.0	58018608	0	0	0.005953625	2.16015625
v6	run3	ssm1	1	5	0.045766167	0.045222166	0.0	58018608	0	0	0.005895625	2.16015625
v6	run3	ssm1	1	6	0.045025583	0.044496291	0.0	58018608	0	0	0.005912667	2.16015625
v6	run3	ssm1	1	7	0.0439925	0.043454792	0.0	58018608	0	0	0.005969958	2.16015625
v6	run3	ssm1	1	8	0.044985458	0.044450917	0.0	58018608	0	0	0.00591325	2.16015625
v6	run3	ssm1	1	9	0.044917416	0.044378041	0.0	58018608	0	0	0.006173708	2.16015625
v6	run3	ssm1	1	10	0.053019416	0.052105625	0.0	58018608	0	0	0.006407917	2.16015625
v6	run3	ssm1	1	11	0.044485542	0.043960416	0.0	58018608	0	0	0.005966125	2.16015625
v6	run4	ssm1	-1	0	1.4439449310302734	0	0	0	0	0	0	0
v6	run4	ssm1	0	0	8.17503975	8.17227275	0.223228415	2172158224	8	1	0.005907	2.38720703125
v6	run4	ssm1	1	1	0.046507334	0.045958875	0.0	58018608	0	0	0.005911958	2.32080078125
v6	run4	ssm1	1	2	0.045089625	0.044551875	0.0	58018608	0	0	0.00592775	2.32080078125
v6	run4	ssm1	1	3	0.045883333	0.045336417	0.0	58018608	0	0	0.005914333	2.32080078125
v6	run4	ssm1	1	4	0.044877166	0.044328833	0.0	58018608	0	0	0.005891292	2.32080078125
v6	run4	ssm1	1	5	0.045491209	0.044951834	0.0	58018608	0	0	0.005836125	2.32080078125
v6	run4	ssm1	1	6	0.046658	0.046090167	0.0	58018608	0	0	0.005971458	2.32080078125
v6	run4	ssm1	1	7	0.04523725	0.044720916	0.0	58018608	0	0	0.005887458	2.32080078125
v6	run4	ssm1	1	8	0.044989292	0.044453083	0.0	58018608	0	0	0.005940417	2.32080078125
v6	run4	ssm1	1	9	0.044656834	0.044118833	0.0	58018608	0	0	0.005917959	2.32080078125
v6	run4	ssm1	1	10	0.044511209	0.043992542	0.0	58018608	0	0	0.005983458	2.32080078125
v6	run4	ssm1	1	11	0.044403416	0.043873125	0.0	58018608	0	0	0.0059355	2.32080078125
FULLT	run4	ssm1	-1	0	1.3873281478881836	0	0	0	0	0	0	0
FULLT	run4	ssm1	0	0	9.975443708	9.969492792	0.269237499	2612788496	10	1	0.006163625	2.455078125
FULLT	run4	ssm1	1	1	0.063540625	0.0615715	0.0	63913536	0	0	0.006026959	3.2685546875
FULLT	run4	ssm1	1	2	0.061671375	0.059718459	0.0	63913536	0	0	0.005970959	3.2685546875
FULLT	run4	ssm1	1	3	0.062525125	0.060571167	0.0	63913536	0	0	0.006053333	3.2685546875
FULLT	run4	ssm1	1	4	0.061470792	0.059522917	0.0	63913536	0	0	0.006071042	3.2685546875
FULLT	run4	ssm1	1	5	0.062042083	0.060101208	0.0	63913536	0	0	0.006500584	3.2685546875
FULLT	run4	ssm1	1	6	0.064128625	0.062155	0.0	63913536	0	0	0.006069125	3.16650390625
FULLT	run4	ssm1	1	7	0.062754083	0.06081	0.0	63913536	0	0	0.00644775	3.16650390625
FULLT	run4	ssm1	1	8	0.063086292	0.061117625	0.0	63913536	0	0	0.00626025	3.16650390625
FULLT	run4	ssm1	1	9	0.062448875	0.060481583	0.0	63913536	0	0	0.006091292	3.16650390625
FULLT	run4	ssm1	1	10	0.062671833	0.060704208	0.0	63913536	0	0	0.00632175	3.16650390625
FULLT	run4	ssm1	1	11	0.063263667	0.061302125	0.0	63913536	0	0	0.006123375	3.16650390625
FULLT	run5	ssm1	-1	0	1.3917250633239746	0	0	0	0	0	0	0
FULLT	run5	ssm1	0	0	10.102048334	10.098315709	0.262290082	2612797840	10	1	0.006491125	3.23291015625
FULLT	run5	ssm1	1	1	0.062368708	0.060404583	0.0	63913536	0	0	0.00624425	3.423828125
FULLT	run5	ssm1	1	2	0.060842792	0.058893	0.0	63913536	0	0	0.006243209	3.423828125
FULLT	run5	ssm1	1	3	0.061607375	0.059657542	0.0	63913536	0	0	0.00613025	3.423828125
FULLT	run5	ssm1	1	4	0.06387775	0.061915167	0.0	63913536	0	0	0.0063055	3.423828125
FULLT	run5	ssm1	1	5	0.063211875	0.061257375	0.0	63913536	0	0	0.0063085	3.423828125
FULLT	run5	ssm1	1	6	0.063098958	0.061135333	0.0	63913536	0	0	0.006229708	3.423828125
FULLT	run5	ssm1	1	7	0.062532084	0.060575791	0.0	63913536	0	0	0.006237834	3.423828125
FULLT	run5	ssm1	1	8	0.063080125	0.06105825	0.0	63913536	0	0	0.0061535	3.423828125
FULLT	run5	ssm1	1	9	0.063570333	0.061570084	0.0	63913536	0	0	0.006295791	3.423828125
FULLT	run5	ssm1	1	10	0.061502834	0.059524958	0.0	63913536	0	0	0.00615425	3.423828125
FULLT	run5	ssm1	1	11	0.062386791	0.060405917	0.0	63913536	0	0	0.0063745	3.423828125
v6	run5	ssm1	-1	0	1.526412010192871	0	0	0	0	0	0	0
v6	run5	ssm1	0	0	8.609094042	8.606667334	0.219453878	2172124688	8	1	0.006214291	3.3583984375
v6	run5	ssm1	1	1	0.048140208	0.047608458	0.0	58018608	0	0	0.00615525	3.4697265625
v6	run5	ssm1	1	2	0.047106625	0.046582083	0.0	58018608	0	0	0.006061042	3.4697265625
v6	run5	ssm1	1	3	0.048896666	0.048359542	0.0	58018608	0	0	0.006341	3.4697265625
v6	run5	ssm1	1	4	0.046698625	0.046157917	0.0	58018608	0	0	0.006088875	3.4697265625
v6	run5	ssm1	1	5	0.048340333	0.047783417	0.0	58018608	0	0	0.006082084	3.4697265625
v6	run5	ssm1	1	6	0.049757333	0.049219125	0.0	58018608	0	0	0.006387709	3.4697265625
v6	run5	ssm1	1	7	0.050209917	0.049674	0.0	58018608	0	0	0.00630775	3.4697265625
v6	run5	ssm1	1	8	0.052106	0.051567541	0.0	58018608	0	0	0.006138375	3.4697265625
v6	run5	ssm1	1	9	0.048785792	0.04826325	0.0	58018608	0	0	0.0061525	3.4697265625
v6	run5	ssm1	1	10	0.048658209	0.048132667	0.0	58018608	0	0	0.006108292	3.4697265625
v6	run5	ssm1	1	11	0.048907084	0.048366292	0.0	58018608	0	0	0.006173209	3.4697265625
FULLT	run1	ssm2	-1	0	1.4070510864257812	0	0	0	0	0	0	0
FULLT	run1	ssm2	0	0	11.9451655	11.930410125	0.309301125	2805859504	9	1	0.006084333	3.3515625
FULLT	run1	ssm2	1	1	0.107259417	0.1043075	0.0	104833248	0	0	0.006247958	3.28564453125
FULLT	run1	ssm2	1	2	0.105938041	0.102980708	0.0	104833248	0	0	0.006267	3.28564453125
FULLT	run1	ssm2	1	3	0.107753542	0.10478075	0.0	104833248	0	0	0.00634425	3.28564453125
FULLT	run1	ssm2	1	4	0.10641575	0.103409334	0.0	104833248	0	0	0.006281791	3.28564453125
FULLT	run1	ssm2	1	5	0.107875584	0.104873625	0.0	104833248	0	0	0.006263375	3.28564453125
FULLT	run1	ssm2	1	6	0.111332166	0.108415083	0.0	104833248	0	0	0.006296	3.28564453125
FULLT	run1	ssm2	1	7	0.113796209	0.110815208	0.0	104833248	0	0	0.006289792	3.28564453125
FULLT	run1	ssm2	1	8	0.115041333	0.112098583	0.0	104833248	0	0	0.006310292	3.28564453125
FULLT	run1	ssm2	1	9	0.117543	0.114544417	0.0	104833248	0	0	0.006684791	3.28564453125
FULLT	run1	ssm2	1	10	0.113406375	0.110433125	0.0	104833248	0	0	0.006518458	3.28564453125
FULLT	run1	ssm2	1	11	0.116049834	0.112984625	0.0	104833248	0	0	0.00667375	3.28564453125
v6	run1	ssm2	-1	0	1.5224990844726562	0	0	0	0	0	0	0
v6	run1	ssm2	0	0	9.973707625	9.967749584	0.268266291	2371132480	9	1	0.006272417	3.30859375
v6	run1	ssm2	1	1	0.087146083	0.086543708	0.0	94319312	0	0	0.006200958	3.40185546875
v6	run1	ssm2	1	2	0.085210708	0.084602	0.0	94319312	0	0	0.006269416	3.40185546875
v6	run1	ssm2	1	3	0.086549583	0.08590225	0.0	94319312	0	0	0.006107208	3.40185546875
v6	run1	ssm2	1	4	0.085293459	0.084689	0.0	94319312	0	0	0.006236834	3.40185546875
v6	run1	ssm2	1	5	0.083933208	0.083327375	0.0	94319312	0	0	0.006226958	3.40185546875
v6	run1	ssm2	1	6	0.08720425	0.086563875	0.0	94319312	0	0	0.006270625	3.40185546875
v6	run1	ssm2	1	7	0.085248917	0.08464725	0.0	94319312	0	0	0.006261334	3.40185546875
v6	run1	ssm2	1	8	0.085962042	0.085336334	0.0	94319312	0	0	0.006245542	3.40185546875
v6	run1	ssm2	1	9	0.086487542	0.08587875	0.0	94319312	0	0	0.006237917	3.40185546875
v6	run1	ssm2	1	10	0.082960459	0.082366708	0.0	94319312	0	0	0.00646675	3.40185546875
v6	run1	ssm2	1	11	0.086927334	0.086317209	0.0	94319312	0	0	0.006211125	3.40185546875
v6	run2	ssm2	-1	0	1.5273518562316895	0	0	0	0	0	0	0
v6	run2	ssm2	0	0	9.896904042	9.895196	0.267652626	2371101392	9	1	0.00626725	3.28955078125
v6	run2	ssm2	1	1	0.08795675	0.087371125	0.0	94319312	0	0	0.006386875	3.00341796875
v6	run2	ssm2	1	2	0.089729625	0.089110166	0.0	94319312	0	0	0.006329542	3.00341796875
v6	run2	ssm2	1	3	0.08792825	0.087324042	0.0	94319312	0	0	0.0060635	3.00341796875
v6	run2	ssm2	1	4	0.0877475	0.087160208	0.0	94319312	0	0	0.006053791	3.00341796875
v6	run2	ssm2	1	5	0.089179416	0.08857725	0.0	94319312	0	0	0.006319208	3.00341796875
v6	run2	ssm2	1	6	0.086642208	0.086049292	0.0	94319312	0	0	0.006286625	3.00341796875
v6	run2	ssm2	1	7	0.087271	0.086675416	0.0	94319312	0	0	0.006042708	3.00341796875
v6	run2	ssm2	1	8	0.088236833	0.087630458	0.0	94319312	0	0	0.006552542	3.00341796875
v6	run2	ssm2	1	9	0.085832458	0.085239	0.0	94319312	0	0	0.006494375	3.00341796875
v6	run2	ssm2	1	10	0.086623125	0.086022166	0.0	94319312	0	0	0.00624175	3.00341796875
v6	run2	ssm2	1	11	0.087062625	0.086460417	0.0	94319312	0	0	0.006180125	3.00341796875
FULLT	run2	ssm2	-1	0	1.4113478660583496	0	0	0	0	0	0	0
FULLT	run2	ssm2	0	0	11.648339875	11.643877125	0.300181583	2805879616	9	1	0.006175042	3.1630859375
FULLT	run2	ssm2	1	1	0.102153375	0.099255292	0.0	104833248	0	0	0.0060435	3.1328125
FULLT	run2	ssm2	1	2	0.102503959	0.099557333	0.0	104833248	0	0	0.005999083	3.1328125
FULLT	run2	ssm2	1	3	0.102982125	0.100096834	0.0	104833248	0	0	0.006145	3.1328125
FULLT	run2	ssm2	1	4	0.102496666	0.099586208	0.0	104833248	0	0	0.006161375	3.1328125
FULLT	run2	ssm2	1	5	0.103347625	0.100418	0.0	104833248	0	0	0.005999208	3.1328125
FULLT	run2	ssm2	1	6	0.102443958	0.099504917	0.0	104833248	0	0	0.005973625	3.1328125
FULLT	run2	ssm2	1	7	0.103633333	0.100726625	0.0	104833248	0	0	0.005956375	3.1328125
FULLT	run2	ssm2	1	8	0.102048125	0.099133875	0.0	104833248	0	0	0.006037208	3.1328125
FULLT	run2	ssm2	1	9	0.100316167	0.0974175	0.0	104833248	0	0	0.005988833	3.1328125
FULLT	run2	ssm2	1	10	0.102624875	0.099735417	0.0	104833248	0	0	0.006244166	3.1328125
FULLT	run2	ssm2	1	11	0.103007458	0.100078583	0.0	104833248	0	0	0.006025458	3.1328125
FULLT	run3	ssm2	-1	0	1.3656508922576904	0	0	0	0	0	0	0
FULLT	run3	ssm2	0	0	11.543175167	11.538357667	0.290354498	2805849632	9	1	0.006126666	3.19189453125
FULLT	run3	ssm2	1	1	0.104335625	0.101453333	0.0	104833248	0	0	0.005970583	3.1552734375
FULLT	run3	ssm2	1	2	0.102860458	0.099923708	0.0	104833248	0	0	0.006024208	3.1552734375
FULLT	run3	ssm2	1	3	0.102034542	0.099114125	0.0	104833248	0	0	0.006076917	3.1552734375
FULLT	run3	ssm2	1	4	0.103398541	0.100471583	0.0	104833248	0	0	0.005960292	3.1552734375
FULLT	run3	ssm2	1	5	0.102174791	0.099234375	0.0	104833248	0	0	0.006049917	3.1552734375
FULLT	run3	ssm2	1	6	0.103533291	0.1006	0.0	104833248	0	0	0.0060265	3.1552734375
FULLT	run3	ssm2	1	7	0.104470667	0.101491875	0.0	104833248	0	0	0.005989917	3.1552734375
FULLT	run3	ssm2	1	8	0.103631875	0.100707125	0.0	104833248	0	0	0.006065333	3.1552734375
FULLT	run3	ssm2	1	9	0.1030025	0.100077917	0.0	104833248	0	0	0.005998625	3.1552734375
FULLT	run3	ssm2	1	10	0.10266725	0.099737958	0.0	104833248	0	0	0.005962708	3.22265625
FULLT	run3	ssm2	1	11	0.10214	0.09921875	0.0	104833248	0	0	0.006085709	3.22265625
v6	run3	ssm2	-1	0	1.4713208675384521	0	0	0	0	0	0	0
v6	run3	ssm2	0	0	9.411374625	9.40965375	0.233628543	2371159728	8	1	0.006050958	3.12451171875
v6	run3	ssm2	1	1	0.083234625	0.082631458	0.0	94319312	0	0	0.006190625	3.03125
v6	run3	ssm2	1	2	0.084160667	0.083560625	0.0	94319312	0	0	0.005914208	3.03125
v6	run3	ssm2	1	3	0.082416375	0.081803709	0.0	94319312	0	0	0.0060905	3.03125
v6	run3	ssm2	1	4	0.083592	0.082973708	0.0	94319312	0	0	0.006198542	3.03125
v6	run3	ssm2	1	5	0.08300425	0.082392542	0.0	94319312	0	0	0.005967458	3.03125
v6	run3	ssm2	1	6	0.083190584	0.082577875	0.0	94319312	0	0	0.0059785	3.03125
v6	run3	ssm2	1	7	0.082958209	0.082342125	0.0	94319312	0	0	0.005973583	3.03125
v6	run3	ssm2	1	8	0.083960167	0.083345458	0.0	94319312	0	0	0.005980292	3.03125
v6	run3	ssm2	1	9	0.083395667	0.082780167	0.0	94319312	0	0	0.006078416	3.03125
v6	run3	ssm2	1	10	0.087166416	0.086536625	0.0	94319312	0	0	0.005893584	3.03125
v6	run3	ssm2	1	11	0.084063	0.083401	0.0	94319312	0	0	0.006076667	3.03125
v6	run4	ssm2	-1	0	1.4666509628295898	0	0	0	0	0	0	0
v6	run4	ssm2	0	0	9.857069583	9.85446175	0.271974915	2371135600	9	1	0.006033417	3.0322265625
v6	run4	ssm2	1	1	0.088116083	0.087521125	0.0	94319312	0	0	0.006160084	3.02685546875
v6	run4	ssm2	1	2	0.08682225	0.086231208	0.0	94319312	0	0	0.006060208	3.02685546875
v6	run4	ssm2	1	3	0.086130792	0.085504375	0.0	94319312	0	0	0.0065615	3.02685546875
v6	run4	ssm2	1	4	0.086460833	0.085848333	0.0	94319312	0	0	0.006006708	3.02685546875
v6	run4	ssm2	1	5	0.084854417	0.08426275	0.0	94319312	0	0	0.006016208	3.02685546875
v6	run4	ssm2	1	6	0.08910125	0.088284042	0.0	94319312	0	0	0.006055292	3.02685546875
v6	run4	ssm2	1	7	0.08935525	0.088724125	0.0	94319312	0	0	0.00637075	3.02685546875
v6	run4	ssm2	1	8	0.088294542	0.087680417	0.0	94319312	0	0	0.005898542	3.02685546875
v6	run4	ssm2	1	9	0.087235333	0.086633042	0.0	94319312	0	0	0.006077	3.02685546875
v6	run4	ssm2	1	10	0.087477958	0.086852666	0.0	94319312	0	0	0.006470166	3.02685546875
v6	run4	ssm2	1	11	0.087448875	0.086830584	0.0	94319312	0	0	0.006084125	3.02685546875
FULLT	run4	ssm2	-1	0	1.3946919441223145	0	0	0	0	0	0	0
FULLT	run4	ssm2	0	0	12.244193042	12.239374	0.310752292	2805861728	9	1	0.006350375	3.02197265625
FULLT	run4	ssm2	1	1	0.10815775	0.105232959	0.0	104833248	0	0	0.006298208	3.17822265625
FULLT	run4	ssm2	1	2	0.111798958	0.108808416	0.0	104833248	0	0	0.006450125	3.17822265625
FULLT	run4	ssm2	1	3	0.105632292	0.102603292	0.0	104833248	0	0	0.006054375	3.17822265625
FULLT	run4	ssm2	1	4	0.106165458	0.103175334	0.0	104833248	0	0	0.006204375	3.17822265625
FULLT	run4	ssm2	1	5	0.107253834	0.104285375	0.0	104833248	0	0	0.006473833	3.17822265625
FULLT	run4	ssm2	1	6	0.108391625	0.105438792	0.0	104833248	0	0	0.006281125	3.17822265625
FULLT	run4	ssm2	1	7	0.107554167	0.104612625	0.0	104833248	0	0	0.006121375	3.17822265625
FULLT	run4	ssm2	1	8	0.108819917	0.105885333	0.0	104833248	0	0	0.006412666	3.17822265625
FULLT	run4	ssm2	1	9	0.106326	0.103400167	0.0	104833248	0	0	0.006438458	3.17822265625
FULLT	run4	ssm2	1	10	0.108652625	0.105726416	0.0	104833248	0	0	0.006324209	3.17822265625
FULLT	run4	ssm2	1	11	0.107472	0.104525042	0.0	104833248	0	0	0.006015583	3.32373046875
FULLT	run5	ssm2	-1	0	1.4223060607910156	0	0	0	0	0	0	0
FULLT	run5	ssm2	0	0	12.254527542	12.249803791	0.302959584	2805892112	9	1	0.006505125	3.37744140625
FULLT	run5	ssm2	1	1	0.112455625	0.109501625	0.0	104833248	0	0	0.006373791	3.5087890625
FULLT	run5	ssm2	1	2	0.105983417	0.103009208	0.0	104833248	0	0	0.006339792	3.5087890625
FULLT	run5	ssm2	1	3	0.10816575	0.104977875	0.0	104833248	0	0	0.006258041	3.5087890625
FULLT	run5	ssm2	1	4	0.106851958	0.103903416	0.0	104833248	0	0	0.006324583	3.5087890625
FULLT	run5	ssm2	1	5	0.111058958	0.108086958	0.0	104833248	0	0	0.006283167	3.5087890625
FULLT	run5	ssm2	1	6	0.106864583	0.103932292	0.0	104833248	0	0	0.00623925	3.5087890625
FULLT	run5	ssm2	1	7	0.108459583	0.10548725	0.0	104833248	0	0	0.006561875	3.5087890625
FULLT	run5	ssm2	1	8	0.109490791	0.106525333	0.0	104833248	0	0	0.006177084	3.5087890625
FULLT	run5	ssm2	1	9	0.108316417	0.105384291	0.0	104833248	0	0	0.006329791	3.5087890625
FULLT	run5	ssm2	1	10	0.109389625	0.106394542	0.0	104833248	0	0	0.006408583	3.5087890625
FULLT	run5	ssm2	1	11	0.108499417	0.105523042	0.0	104833248	0	0	0.006334625	3.5087890625
v6	run5	ssm2	-1	0	1.5462419986724854	0	0	0	0	0	0	0
v6	run5	ssm2	0	0	9.904493334	9.902655416	0.251931583	2371099152	8	1	0.006684	3.5478515625
v6	run5	ssm2	1	1	0.087138042	0.08654075	0.0	94319312	0	0	0.006342166	3.50048828125
v6	run5	ssm2	1	2	0.086158125	0.085537083	0.0	94319312	0	0	0.006215959	3.50048828125
v6	run5	ssm2	1	3	0.087311959	0.086720417	0.0	94319312	0	0	0.006225167	3.50048828125
v6	run5	ssm2	1	4	0.0877195	0.087130542	0.0	94319312	0	0	0.006280666	3.50048828125
v6	run5	ssm2	1	5	0.088699875	0.088084625	0.0	94319312	0	0	0.006266916	3.50048828125
v6	run5	ssm2	1	6	0.087510917	0.086913333	0.0	94319312	0	0	0.006312166	3.50048828125
v6	run5	ssm2	1	7	0.08635575	0.085749208	0.0	94319312	0	0	0.006309708	3.50048828125
v6	run5	ssm2	1	8	0.084962292	0.084371625	0.0	94319312	0	0	0.006316833	3.50048828125
v6	run5	ssm2	1	9	0.086228375	0.085624667	0.0	94319312	0	0	0.0062305	3.50048828125
v6	run5	ssm2	1	10	0.089320209	0.088710917	0.0	94319312	0	0	0.006326625	3.50048828125
v6	run5	ssm2	1	11	0.085183042	0.084577125	0.0	94319312	0	0	0.006123875	3.50048828125
FULLT	run1	iid	-1	0	1.4129300117492676	0	0	0	0	0	0	0
FULLT	run1	iid	0	0	6.343734042	6.343113375	0.176361959	1852906672	7	1	0.006206958	3.7001953125
FULLT	run1	iid	20	1	0.0342935	0.03429075	0.0	44062848	0	0	0.006337625	3.51220703125
FULLT	run1	iid	40	1	0.045772792	0.0457745	0.0	62969824	0	0	0.006291208	3.51220703125
FULLT	run1	iid	20	2	0.033081708	0.03308375	0.0	44062848	0	0	0.006449916	3.51220703125
FULLT	run1	iid	40	2	0.044626375	0.044628083	0.0	62969824	0	0	0.006472709	3.51220703125
FULLT	run1	iid	20	3	0.032530167	0.032532125	0.0	44062848	0	0	0.006342042	3.51220703125
FULLT	run1	iid	40	3	0.0454725	0.045467709	0.0	62969824	0	0	0.006294708	3.51220703125
FULLT	run1	iid	20	4	0.031962958	0.031965417	0.0	44062848	0	0	0.006220042	3.51220703125
FULLT	run1	iid	40	4	0.045721958	0.045723833	0.0	62969824	0	0	0.006135667	3.51220703125
FULLT	run1	iid	20	5	0.032448	0.032449125	0.0	44062848	0	0	0.006152292	3.51220703125
FULLT	run1	iid	40	5	0.046943958	0.04694525	0.0	62969824	0	0	0.006414083	3.51220703125
FULLT	run1	iid	20	6	0.032464833	0.032466625	0.0	44062848	0	0	0.006345	3.51220703125
FULLT	run1	iid	40	6	0.045832792	0.045829458	0.0	62969824	0	0	0.006366125	3.51220703125
FULLT	run1	iid	20	7	0.032768083	0.032765916	0.0	44062848	0	0	0.006278	3.51220703125
FULLT	run1	iid	40	7	0.044938417	0.044934625	0.0	62969824	0	0	0.006116375	3.51220703125
FULLT	run1	iid	20	8	0.032747833	0.032749458	0.0	44063136	0	0	0.006299292	3.51220703125
FULLT	run1	iid	40	8	0.046831583	0.046833125	0.0	62969824	0	0	0.006366208	3.51220703125
FULLT	run1	iid	20	9	0.032868459	0.032869708	0.0	44062848	0	0	0.006309	3.51220703125
FULLT	run1	iid	40	9	0.045377959	0.045379292	0.0	62969824	0	0	0.006337875	3.51220703125
FULLT	run1	iid	20	10	0.032248875	0.032250584	0.0	44062848	0	0	0.0063255	3.51220703125
FULLT	run1	iid	40	10	0.04555525	0.045537959	0.0	62969824	0	0	0.005986375	3.51220703125
FULLT	run1	iid	20	11	0.032694916	0.032690375	0.0	44062848	0	0	0.006359875	3.51220703125
FULLT	run1	iid	40	11	0.045810708	0.045812167	0.0	62969824	0	0	0.006368042	3.51220703125
v6	run1	iid	-1	0	1.5418031215667725	0	0	0	0	0	0	0
v6	run1	iid	0	0	5.514314333	5.513954375	0.119399751	1535085840	6	1	0.006313459	3.3525390625
v6	run1	iid	20	1	0.024192208	0.024185958	0.0	34735808	0	0	0.006203542	3.404296875
v6	run1	iid	40	1	0.035699792	0.035701084	0.0	49180704	0	0	0.006356833	3.404296875
v6	run1	iid	20	2	0.024115666	0.024117041	0.0	34735808	0	0	0.006274125	3.404296875
v6	run1	iid	40	2	0.035719083	0.035720917	0.0	49180704	0	0	0.006280166	3.404296875
v6	run1	iid	20	3	0.02488975	0.024893125	0.0	34735808	0	0	0.0064645	3.404296875
v6	run1	iid	40	3	0.035092667	0.035094291	0.0	49180704	0	0	0.006297917	3.404296875
v6	run1	iid	20	4	0.024228583	0.024229875	0.0	34735808	0	0	0.0064725	3.404296875
v6	run1	iid	40	4	0.03583875	0.035834375	0.0	49180704	0	0	0.006786291	3.404296875
v6	run1	iid	20	5	0.024890084	0.024886291	0.0	34735808	0	0	0.006577625	3.404296875
v6	run1	iid	40	5	0.03703775	0.037032625	0.0	49180704	0	0	0.006465	3.404296875
v6	run1	iid	20	6	0.023611125	0.023612708	0.0	34735808	0	0	0.006359375	3.404296875
v6	run1	iid	40	6	0.036007666	0.036003375	0.0	49180704	0	0	0.006303833	3.404296875
v6	run1	iid	20	7	0.024431917	0.024433083	0.0	34735808	0	0	0.006359208	3.404296875
v6	run1	iid	40	7	0.035882042	0.035883	0.0	49180704	0	0	0.0064715	3.404296875
v6	run1	iid	20	8	0.025127792	0.025128834	0.0	34735808	0	0	0.006487166	3.404296875
v6	run1	iid	40	8	0.035736375	0.035738083	0.0	49180704	0	0	0.006344125	3.404296875
v6	run1	iid	20	9	0.024692042	0.024693125	0.0	34735808	0	0	0.006340709	3.404296875
v6	run1	iid	40	9	0.035293708	0.035295042	0.0	49180704	0	0	0.006409459	3.404296875
v6	run1	iid	20	10	0.024420375	0.024414542	0.0	34735808	0	0	0.006270542	3.404296875
v6	run1	iid	40	10	0.036613833	0.036605209	0.0	49180704	0	0	0.006508875	3.404296875
v6	run1	iid	20	11	0.02392575	0.02391125	0.0	34735808	0	0	0.006330333	3.404296875
v6	run1	iid	40	11	0.03735525	0.037356542	0.0	49180704	0	0	0.006410333	3.404296875
v6	run2	iid	-1	0	1.5445060729980469	0	0	0	0	0	0	0
v6	run2	iid	0	0	5.57970625	5.579112167	0.114192875	1535013968	6	0	0.006479167	3.18798828125
v6	run2	iid	20	1	0.026004292	0.026006417	0.0	34735808	0	0	0.006769292	3.1728515625
v6	run2	iid	40	1	0.036646542	0.036628833	0.0	49180704	0	0	0.006766292	3.1728515625
v6	run2	iid	20	2	0.024504625	0.024501208	0.0	34735808	0	0	0.006470042	3.1728515625
v6	run2	iid	40	2	0.035055833	0.035056625	0.0	49180704	0	0	0.006191208	3.1728515625
v6	run2	iid	20	3	0.024453833	0.024450875	0.0	34735808	0	0	0.006019542	3.1728515625
v6	run2	iid	40	3	0.033926083	0.033926875	0.0	49180704	0	0	0.006040166	3.1728515625
v6	run2	iid	20	4	0.022973458	0.022976792	0.0	34735808	0	0	0.006056417	3.1728515625
v6	run2	iid	40	4	0.035546833	0.035539458	0.0	49180704	0	0	0.00641175	3.1728515625
v6	run2	iid	20	5	0.024296417	0.024297667	0.0	34735808	0	0	0.006168084	3.1728515625
v6	run2	iid	40	5	0.036205958	0.036201125	0.0	49180704	0	0	0.006092375	3.1728515625
v6	run2	iid	20	6	0.026202417	0.026198292	0.0	34735808	0	0	0.006254583	3.1728515625
v6	run2	iid	40	6	0.034319583	0.034320958	0.0	49180704	0	0	0.006079833	3.1728515625
v6	run2	iid	20	7	0.024453541	0.024454958	0.0	34735808	0	0	0.006095292	3.1728515625
v6	run2	iid	40	7	0.0354505	0.03545175	0.0	49180704	0	0	0.006220167	3.1728515625
v6	run2	iid	20	8	0.02403775	0.024039209	0.0	34735808	0	0	0.006207167	3.1728515625
v6	run2	iid	40	8	0.035119416	0.035113958	0.0	49180704	0	0	0.00612175	3.1728515625
v6	run2	iid	20	9	0.024207125	0.024208875	0.0	34735808	0	0	0.006139958	3.1728515625
v6	run2	iid	40	9	0.034705167	0.034706792	0.0	49180704	0	0	0.006133875	3.1728515625
v6	run2	iid	20	10	0.023614334	0.02361825	0.0	34735808	0	0	0.00610425	3.1728515625
v6	run2	iid	40	10	0.034740333	0.034743458	0.0	49180704	0	0	0.006234333	3.1728515625
v6	run2	iid	20	11	0.024139083	0.024140542	0.0	34735808	0	0	0.006267875	3.1728515625
v6	run2	iid	40	11	0.035511416	0.035512667	0.0	49180704	0	0	0.006141209	3.1728515625
FULLT	run2	iid	-1	0	1.4067518711090088	0	0	0	0	0	0	0
FULLT	run2	iid	0	0	6.279603167	6.278585792	0.167414917	1852831936	6	1	0.006054125	3.2255859375
FULLT	run2	iid	20	1	0.034326417	0.034314917	0.0	44062848	0	0	0.006041417	3.28759765625
FULLT	run2	iid	40	1	0.044782375	0.044776375	0.0	62969824	0	0	0.006053208	3.28759765625
FULLT	run2	iid	20	2	0.031440875	0.031442416	0.0	44062848	0	0	0.0062355	3.28759765625
FULLT	run2	iid	40	2	0.049526042	0.049522334	0.0	62969824	0	0	0.006580292	3.28759765625
FULLT	run2	iid	20	3	0.032993375	0.032994459	0.0	44062848	0	0	0.006509875	3.28759765625
FULLT	run2	iid	40	3	0.046267166	0.04626275	0.0	62969824	0	0	0.006289958	3.28759765625
FULLT	run2	iid	20	4	0.031887959	0.031892166	0.0	44062848	0	0	0.006293125	3.28759765625
FULLT	run2	iid	40	4	0.045143042	0.045139541	0.0	62969824	0	0	0.006219875	3.26416015625
FULLT	run2	iid	20	5	0.031633292	0.031628875	0.0	44062848	0	0	0.006238292	3.26416015625
FULLT	run2	iid	40	5	0.045277667	0.045260166	0.0	62969824	0	0	0.006322125	3.26416015625
FULLT	run2	iid	20	6	0.032850833	0.032852541	0.0	44062848	0	0	0.006623375	3.26416015625
FULLT	run2	iid	40	6	0.045134583	0.045135625	0.0	62969824	0	0	0.006337792	3.26416015625
FULLT	run2	iid	20	7	0.032126625	0.032122458	0.0	44062848	0	0	0.006124084	3.26416015625
FULLT	run2	iid	40	7	0.046159125	0.046148291	0.0	62969824	0	0	0.006337042	3.26416015625
FULLT	run2	iid	20	8	0.031897375	0.031898833	0.0	44063136	0	0	0.006209542	3.26416015625
FULLT	run2	iid	40	8	0.0454615	0.045463291	0.0	62969824	0	0	0.006301375	3.26416015625
FULLT	run2	iid	20	9	0.031674375	0.031678292	0.0	44062848	0	0	0.00622225	3.26416015625
FULLT	run2	iid	40	9	0.044691125	0.044692166	0.0	62969824	0	0	0.006383791	3.26416015625
FULLT	run2	iid	20	10	0.031710333	0.031705417	0.0	44062848	0	0	0.006293667	3.26416015625
FULLT	run2	iid	40	10	0.046165459	0.046161708	0.0	62969824	0	0	0.006300459	3.26416015625
FULLT	run2	iid	20	11	0.032268709	0.032264041	0.0	44062848	0	0	0.006412542	3.26416015625
FULLT	run2	iid	40	11	0.047191375	0.047188	0.0	62969824	0	0	0.006628417	3.26416015625
FULLT	run3	iid	-1	0	1.4269111156463623	0	0	0	0	0	0	0
FULLT	run3	iid	0	0	6.490132459	6.488742166	0.166877125	1852870528	6	1	0.006100667	3.24267578125
FULLT	run3	iid	20	1	0.032262625	0.032264625	0.0	44062848	0	0	0.006334209	3.05126953125
FULLT	run3	iid	40	1	0.044847333	0.044851833	0.0	62969824	0	0	0.006419042	3.05126953125
FULLT	run3	iid	20	2	0.031791708	0.031793459	0.0	44062848	0	0	0.006330167	3.05126953125
FULLT	run3	iid	40	2	0.044129916	0.044113208	0.0	62969824	0	0	0.006413792	3.05126953125
FULLT	run3	iid	20	3	0.031537917	0.031539417	0.0	44062848	0	0	0.006289375	3.05126953125
FULLT	run3	iid	40	3	0.044519791	0.044521875	0.0	62969824	0	0	0.006269959	3.05126953125
FULLT	run3	iid	20	4	0.032479542	0.032476	0.0	44062848	0	0	0.006513458	3.05126953125
FULLT	run3	iid	40	4	0.045138375	0.045139916	0.0	62969824	0	0	0.006429625	3.05126953125
FULLT	run3	iid	20	5	0.031806708	0.031807667	0.0	44062848	0	0	0.006266917	3.05126953125
FULLT	run3	iid	40	5	0.043303792	0.043306291	0.0	62969824	0	0	0.006232375	3.05126953125
FULLT	run3	iid	20	6	0.031913625	0.031911916	0.0	44062848	0	0	0.006317	3.05126953125
FULLT	run3	iid	40	6	0.043897417	0.043899542	0.0	62969824	0	0	0.006184167	3.05126953125
FULLT	run3	iid	20	7	0.032252208	0.0321945	0.0	44062848	0	0	0.006347708	3.05126953125
FULLT	run3	iid	40	7	0.0443995	0.044399458	0.0	62969824	0	0	0.006286416	3.05126953125
FULLT	run3	iid	20	8	0.032200167	0.032201167	0.0	44063136	0	0	0.006319833	3.05126953125
FULLT	run3	iid	40	8	0.044922417	0.044923875	0.0	62969824	0	0	0.006287083	3.05126953125
FULLT	run3	iid	20	9	0.032264959	0.032266125	0.0	44062848	0	0	0.006361542	3.05126953125
FULLT	run3	iid	40	9	0.045601167	0.045602375	0.0	62969824	0	0	0.006257041	3.05126953125
FULLT	run3	iid	20	10	0.031457416	0.031459167	0.0	44062848	0	0	0.006314042	3.05126953125
FULLT	run3	iid	40	10	0.044035666	0.044037708	0.0	62969824	0	0	0.006334959	3.05126953125
FULLT	run3	iid	20	11	0.031313417	0.031315375	0.0	44062848	0	0	0.006324084	3.05126953125
FULLT	run3	iid	40	11	0.045562292	0.045564333	0.0	62969824	0	0	0.006307458	3.05126953125
v6	run3	iid	-1	0	1.541321039199829	0	0	0	0	0	0	0
v6	run3	iid	0	0	5.554645167	5.554156209	0.111134583	1534962960	6	0	0.006353458	3.04296875
v6	run3	iid	20	1	0.024786042	0.024787166	0.0	34735808	0	0	0.006338959	2.958984375
v6	run3	iid	40	1	0.035421	0.035422458	0.0	49180704	0	0	0.006309792	2.958984375
v6	run3	iid	20	2	0.024209125	0.02421075	0.0	34735808	0	0	0.006330583	2.958984375
v6	run3	iid	40	2	0.035766958	0.035767833	0.0	49180704	0	0	0.00637275	2.958984375
v6	run3	iid	20	3	0.024945	0.024939834	0.0	34735808	0	0	0.006521084	2.958984375
v6	run3	iid	40	3	0.036313083	0.0363005	0.0	49180704	0	0	0.006271208	2.958984375
v6	run3	iid	20	4	0.024343625	0.024345583	0.0	34735808	0	0	0.006615459	2.958984375
v6	run3	iid	40	4	0.036214042	0.036215667	0.0	49180704	0	0	0.006163833	2.958984375
v6	run3	iid	20	5	0.024248708	0.024244709	0.0	34735808	0	0	0.006334	2.958984375
v6	run3	iid	40	5	0.036327333	0.03632875	0.0	49180704	0	0	0.006473292	2.958984375
v6	run3	iid	20	6	0.025308083	0.025300667	0.0	34735808	0	0	0.006377208	2.958984375
v6	run3	iid	40	6	0.034820916	0.034815792	0.0	49180704	0	0	0.006356917	2.958984375
v6	run3	iid	20	7	0.024358792	0.024360416	0.0	34735808	0	0	0.0065055	2.958984375
v6	run3	iid	40	7	0.035568041	0.03556975	0.0	49180704	0	0	0.006305167	2.958984375
v6	run3	iid	20	8	0.024047167	0.024049	0.0	34735808	0	0	0.006356	2.958984375
v6	run3	iid	40	8	0.035874917	0.035876542	0.0	49180704	0	0	0.006165083	2.958984375
v6	run3	iid	20	9	0.023973833	0.023961875	0.0	34735808	0	0	0.006379542	2.958984375
v6	run3	iid	40	9	0.035383541	0.03538525	0.0	49180704	0	0	0.006413459	2.958984375
v6	run3	iid	20	10	0.024469333	0.0244485	0.0	34735808	0	0	0.006558125	2.958984375
v6	run3	iid	40	10	0.037754625	0.037753209	0.0	49180704	0	0	0.006406709	2.958984375
v6	run3	iid	20	11	0.023854333	0.023856	0.0	34735808	0	0	0.006097083	2.958984375
v6	run3	iid	40	11	0.0352825	0.035284667	0.0	49180704	0	0	0.006313917	2.958984375
v6	run4	iid	-1	0	1.577517032623291	0	0	0	0	0	0	0
v6	run4	iid	0	0	5.58245875	5.581872334	0.119188543	1535084144	6	1	0.006350542	3.10546875
v6	run4	iid	20	1	0.02488475	0.024885625	0.0	34735808	0	0	0.006461584	3.4169921875
v6	run4	iid	40	1	0.035479834	0.0354815	0.0	49180704	0	0	0.005985041	3.4169921875
v6	run4	iid	20	2	0.023820834	0.023822583	0.0	34735808	0	0	0.006260709	3.4169921875
v6	run4	iid	40	2	0.035311083	0.03531275	0.0	49180704	0	0	0.00612	3.4169921875
v6	run4	iid	20	3	0.025013458	0.025018375	0.0	34735808	0	0	0.00636725	3.4169921875
v6	run4	iid	40	3	0.036216417	0.036205833	0.0	49180704	0	0	0.006267292	3.4169921875
v6	run4	iid	20	4	0.023884	0.023885458	0.0	34735808	0	0	0.00632925	3.4169921875
v6	run4	iid	40	4	0.035105542	0.035100292	0.0	49180704	0	0	0.006330791	3.4169921875
v6	run4	iid	20	5	0.024208292	0.024209958	0.0	34735808	0	0	0.00616825	3.4169921875
v6	run4	iid	40	5	0.036170459	0.036163459	0.0	49180704	0	0	0.006364459	3.4169921875
v6	run4	iid	20	6	0.024363625	0.024365291	0.0	34735808	0	0	0.006319291	3.4169921875
v6	run4	iid	40	6	0.038052125	0.038028708	0.0	49180704	0	0	0.006710417	3.4169921875
v6	run4	iid	20	7	0.025296667	0.025300791	0.0	34735808	0	0	0.006557333	3.4169921875
v6	run4	iid	40	7	0.035613542	0.035611792	0.0	49180704	0	0	0.006249083	3.4169921875
v6	run4	iid	20	8	0.024480125	0.024469958	0.0	34735808	0	0	0.006393083	3.46337890625
v6	run4	iid	40	8	0.035324084	0.035322	0.0	49180704	0	0	0.006169083	3.46337890625
v6	run4	iid	20	9	0.023747208	0.023749417	0.0	34735808	0	0	0.006281708	3.46337890625
v6	run4	iid	40	9	0.036092833	0.036095083	0.0	49180704	0	0	0.006341833	3.46337890625
v6	run4	iid	20	10	0.024351792	0.024353208	0.0	34735808	0	0	0.006361417	3.46337890625
v6	run4	iid	40	10	0.035790292	0.03579175	0.0	49180704	0	0	0.006211791	3.46337890625
v6	run4	iid	20	11	0.024505834	0.024506625	0.0	34735808	0	0	0.006336917	3.46337890625
v6	run4	iid	40	11	0.034700583	0.034702333	0.0	49180704	0	0	0.00625275	3.46337890625
FULLT	run4	iid	-1	0	1.422489881515503	0	0	0	0	0	0	0
FULLT	run4	iid	0	0	6.336511584	6.333916292	0.158189627	1853154496	6	1	0.006094875	3.34619140625
FULLT	run4	iid	20	1	0.032502042	0.032496667	0.0	44062848	0	0	0.006005125	3.37255859375
FULLT	run4	iid	40	1	0.046051375	0.046053708	0.0	62969824	0	0	0.006138	3.37255859375
FULLT	run4	iid	20	2	0.031678917	0.031680541	0.0	44062848	0	0	0.005963667	3.37255859375
FULLT	run4	iid	40	2	0.044855708	0.044856625	0.0	62969824	0	0	0.005983125	3.37255859375
FULLT	run4	iid	20	3	0.032614542	0.032611875	0.0	44062848	0	0	0.006092334	3.37255859375
FULLT	run4	iid	40	3	0.048059375	0.0480125	0.0	62969824	0	0	0.006868167	3.37255859375
FULLT	run4	iid	20	4	0.0337355	0.033732167	0.0	44062848	0	0	0.00601825	3.37255859375
FULLT	run4	iid	40	4	0.048108792	0.048098375	0.0	62969824	0	0	0.006326167	3.37255859375
FULLT	run4	iid	20	5	0.031506708	0.031508333	0.0	44062848	0	0	0.006061417	3.37255859375
FULLT	run4	iid	40	5	0.044066666	0.044062375	0.0	62969824	0	0	0.005982792	3.37255859375
FULLT	run4	iid	20	6	0.031615167	0.031616667	0.0	44062848	0	0	0.006046292	3.37255859375
FULLT	run4	iid	40	6	0.0452915	0.045293708	0.0	62969824	0	0	0.006242375	3.37255859375
FULLT	run4	iid	20	7	0.0321605	0.03215575	0.0	44062848	0	0	0.006345375	3.37255859375
FULLT	run4	iid	40	7	0.04523875	0.045228542	0.0	62969824	0	0	0.006345708	3.37255859375
FULLT	run4	iid	20	8	0.031617125	0.031619042	0.0	44063136	0	0	0.006010917	3.37255859375
FULLT	run4	iid	40	8	0.044629417	0.044631333	0.0	62969824	0	0	0.006065708	3.37255859375
FULLT	run4	iid	20	9	0.031963042	0.031965125	0.0	44062848	0	0	0.006090583	3.37255859375
FULLT	run4	iid	40	9	0.048856917	0.048842209	0.0	62969824	0	0	0.006442583	3.37255859375
FULLT	run4	iid	20	10	0.032804541	0.032809958	0.0	44062848	0	0	0.006056375	3.37255859375
FULLT	run4	iid	40	10	0.045087125	0.045075166	0.0	62969824	0	0	0.005988959	3.37255859375
FULLT	run4	iid	20	11	0.034053083	0.034021709	0.0	44062848	0	0	0.006245708	3.37255859375
FULLT	run4	iid	40	11	0.048535625	0.048491166	0.0	62969824	0	0	0.006689917	3.37255859375
FULLT	run5	iid	-1	0	1.390028953552246	0	0	0	0	0	0	0
FULLT	run5	iid	0	0	6.4659135	6.463644834	0.157218251	1853122496	6	1	0.006373917	3.314453125
FULLT	run5	iid	20	1	0.032667917	0.0326625	0.0	44062848	0	0	0.00613525	3.2890625
FULLT	run5	iid	40	1	0.046198375	0.04620225	0.0	62969824	0	0	0.006525333	3.2890625
FULLT	run5	iid	20	2	0.032871833	0.032873333	0.0	44062848	0	0	0.0060315	3.2890625
FULLT	run5	iid	40	2	0.045076125	0.045077834	0.0	62969824	0	0	0.00605875	3.2890625
FULLT	run5	iid	20	3	0.031716417	0.031711375	0.0	44062848	0	0	0.006030459	3.2890625
FULLT	run5	iid	40	3	0.044285458	0.044287083	0.0	62969824	0	0	0.006043292	3.2890625
FULLT	run5	iid	20	4	0.032040917	0.032042708	0.0	44062848	0	0	0.00605275	3.2890625
FULLT	run5	iid	40	4	0.04642775	0.046415417	0.0	62969824	0	0	0.006058375	3.2890625
FULLT	run5	iid	20	5	0.032988125	0.032988917	0.0	44062848	0	0	0.006221458	3.2890625
FULLT	run5	iid	40	5	0.045678291	0.045679208	0.0	62969824	0	0	0.006182084	3.2890625
FULLT	run5	iid	20	6	0.032729291	0.032723958	0.0	44062848	0	0	0.006249125	3.2890625
FULLT	run5	iid	40	6	0.045756167	0.045758375	0.0	62969824	0	0	0.006495334	3.2890625
FULLT	run5	iid	20	7	0.0322125	0.032214125	0.0	44062848	0	0	0.006282375	3.2890625
FULLT	run5	iid	40	7	0.045175584	0.045177167	0.0	62969824	0	0	0.006032708	3.2890625
FULLT	run5	iid	20	8	0.032161083	0.032156167	0.0	44063136	0	0	0.006352166	3.2890625
FULLT	run5	iid	40	8	0.04594275	0.045943667	0.0	62969824	0	0	0.006014459	3.2890625
FULLT	run5	iid	20	9	0.034549167	0.034551292	0.0	44062848	0	0	0.0067765	3.2890625
FULLT	run5	iid	40	9	0.049485917	0.049487958	0.0	62969824	0	0	0.006810125	3.2890625
FULLT	run5	iid	20	10	0.032492084	0.032493083	0.0	44062848	0	0	0.006467458	3.185546875
FULLT	run5	iid	40	10	0.045116167	0.045117292	0.0	62969824	0	0	0.006161208	3.185546875
FULLT	run5	iid	20	11	0.032221416	0.032222291	0.0	44062848	0	0	0.006124417	3.185546875
FULLT	run5	iid	40	11	0.044822292	0.044824	0.0	62969824	0	0	0.006037958	3.185546875
v6	run5	iid	-1	0	1.5265259742736816	0	0	0	0	0	0	0
v6	run5	iid	0	0	5.475794459	5.473626875	0.116506915	1535101840	6	1	0.006234625	3.25048828125
v6	run5	iid	20	1	0.0241935	0.024170208	0.0	34735808	0	0	0.006111875	3.39013671875
v6	run5	iid	40	1	0.035057333	0.035059709	0.0	49180704	0	0	0.006136583	3.39013671875
v6	run5	iid	20	2	0.025228042	0.025202958	0.0	34735808	0	0	0.006400708	3.39013671875
v6	run5	iid	40	2	0.034635	0.034624042	0.0	49180704	0	0	0.006350542	3.39013671875
v6	run5	iid	20	3	0.023701375	0.023705292	0.0	34735808	0	0	0.005980708	3.39013671875
v6	run5	iid	40	3	0.034295208	0.034297292	0.0	49180704	0	0	0.006068583	3.39013671875
v6	run5	iid	20	4	0.023053666	0.023054542	0.0	34735808	0	0	0.00604925	3.39013671875
v6	run5	iid	40	4	0.035074583	0.035072959	0.0	49180704	0	0	0.006025542	3.39013671875
v6	run5	iid	20	5	0.02370575	0.023707416	0.0	34735808	0	0	0.006149959	3.39013671875
v6	run5	iid	40	5	0.034716041	0.034717958	0.0	49180704	0	0	0.006079292	3.39013671875
v6	run5	iid	20	6	0.023444084	0.02344625	0.0	34735808	0	0	0.006073792	3.27880859375
v6	run5	iid	40	6	0.037723917	0.037690709	0.0	49180704	0	0	0.006010125	3.27880859375
v6	run5	iid	20	7	0.024153209	0.024155041	0.0	34735808	0	0	0.006068958	3.27880859375
v6	run5	iid	40	7	0.034907292	0.034909334	0.0	49180704	0	0	0.006046792	3.27880859375
v6	run5	iid	20	8	0.02346325	0.023465541	0.0	34735808	0	0	0.006009125	3.27880859375
v6	run5	iid	40	8	0.035642542	0.035644166	0.0	49180704	0	0	0.006174417	3.27880859375
v6	run5	iid	20	9	0.024209709	0.024211667	0.0	34735808	0	0	0.006356375	3.27880859375
v6	run5	iid	40	9	0.034139833	0.034141042	0.0	49180704	0	0	0.00597575	3.27880859375
v6	run5	iid	20	10	0.023510458	0.023512375	0.0	34735808	0	0	0.006045167	3.27880859375
v6	run5	iid	40	10	0.035484708	0.035466667	0.0	49180704	0	0	0.0060145	3.27880859375
v6	run5	iid	20	11	0.023533708	0.023534958	0.0	34735808	0	0	0.005995625	3.27880859375
v6	run5	iid	40	11	0.033981084	0.033982416	0.0	49180704	0	0	0.006027334	3.27880859375
FULLT	run1	betabern	-1	0	1.4616239070892334	0	0	0	0	0	0	0
FULLT	run1	betabern	0	0	5.59650075	5.595263	0.193967291	1627762704	6	1	0.006485208	3.33642578125
FULLT	run1	betabern	1	1	0.077528958	0.077517167	0.0	87502448	0	0	0.006559333	3.4443359375
FULLT	run1	betabern	1	2	0.07595425	0.075951958	0.0	87502448	0	0	0.006117291	3.4443359375
FULLT	run1	betabern	1	3	0.078253334	0.078226542	0.0	87502448	0	0	0.006113833	3.4443359375
FULLT	run1	betabern	1	4	0.075590542	0.075579583	0.0	87502448	0	0	0.006009667	3.4443359375
FULLT	run1	betabern	1	5	0.075389208	0.07538475	0.0	87502448	0	0	0.006046542	3.4443359375
FULLT	run1	betabern	1	6	0.077567916	0.077533292	0.0	87502448	0	0	0.006077	3.4443359375
FULLT	run1	betabern	1	7	0.07580075	0.075802625	0.0	87502448	0	0	0.006087458	3.4443359375
FULLT	run1	betabern	1	8	0.078904917	0.0788995	0.0	87502448	0	0	0.006088625	3.4443359375
FULLT	run1	betabern	1	9	0.078756208	0.078734458	0.0	87502448	0	0	0.006038667	3.4443359375
FULLT	run1	betabern	1	10	0.077304709	0.077271	0.0	87502448	0	0	0.006056667	3.4443359375
FULLT	run1	betabern	1	11	0.074956416	0.074957291	0.0	87502448	0	0	0.006016667	3.4443359375
v6	run1	betabern	-1	0	1.4663059711456299	0	0	0	0	0	0	0
v6	run1	betabern	0	0	5.101940667	5.024931292	0.181539125	1376365200	5	1	0.00602025	3.24853515625
v6	run1	betabern	1	1	0.056032209	0.0557985	0.0	71649232	0	0	0.006153416	3.228515625
v6	run1	betabern	1	2	0.056740292	0.056430792	0.0	71649232	0	0	0.006104875	3.228515625
v6	run1	betabern	1	3	0.052822625	0.052814542	0.0	71649232	0	0	0.00601625	3.2099609375
v6	run1	betabern	1	4	0.055095459	0.054851125	0.0	71649232	0	0	0.006010333	3.2099609375
v6	run1	betabern	1	5	0.052755	0.052720583	0.0	71649232	0	0	0.00600425	3.2099609375
v6	run1	betabern	1	6	0.055134416	0.054991917	0.0	71649232	0	0	0.0060735	3.2099609375
v6	run1	betabern	1	7	0.052645958	0.052648042	0.0	71649232	0	0	0.00617	3.2099609375
v6	run1	betabern	1	8	0.054292125	0.054230334	0.0	71649232	0	0	0.006457083	3.2099609375
v6	run1	betabern	1	9	0.052184916	0.05217475	0.0	71649232	0	0	0.006133292	3.2099609375
v6	run1	betabern	1	10	0.052213333	0.05221425	0.0	71649232	0	0	0.006117625	3.2099609375
v6	run1	betabern	1	11	0.052513334	0.052515084	0.0	71649232	0	0	0.005999667	3.2099609375
v6	run2	betabern	-1	0	1.572288990020752	0	0	0	0	0	0	0
v6	run2	betabern	0	0	4.684750958	4.681781625	0.169027208	1376450512	6	1	0.00609375	3.43310546875
v6	run2	betabern	1	1	0.053171125	0.053172208	0.0	71649232	0	0	0.00594075	3.31787109375
v6	run2	betabern	1	2	0.051584834	0.051586333	0.0	71649232	0	0	0.006054875	3.31787109375
v6	run2	betabern	1	3	0.052900125	0.05290125	0.0	71649232	0	0	0.005963875	3.31787109375
v6	run2	betabern	1	4	0.0521445	0.052145417	0.0	71649232	0	0	0.005958083	3.31787109375
v6	run2	betabern	1	5	0.052573875	0.052566125	0.0	71649232	0	0	0.006035917	3.31787109375
v6	run2	betabern	1	6	0.051598208	0.051599333	0.0	71649232	0	0	0.005962625	3.31787109375
v6	run2	betabern	1	7	0.052730917	0.052734666	0.0	71649232	0	0	0.006031875	3.31787109375
v6	run2	betabern	1	8	0.051743541	0.051745084	0.0	71649232	0	0	0.005941417	3.31787109375
v6	run2	betabern	1	9	0.050650458	0.050638334	0.0	71649232	0	0	0.006008667	3.31787109375
v6	run2	betabern	1	10	0.051755042	0.05174725	0.0	71649232	0	0	0.006067	3.4521484375
v6	run2	betabern	1	11	0.051111875	0.051113292	0.0	71649232	0	0	0.006051375	3.4521484375
FULLT	run2	betabern	-1	0	1.345120906829834	0	0	0	0	0	0	0
FULLT	run2	betabern	0	0	5.440115667	5.434298208	0.127241041	1627770240	6	1	0.006438375	3.41552734375
FULLT	run2	betabern	1	1	0.076511208	0.076512084	0.0	87502448	0	0	0.006022875	3.7021484375
FULLT	run2	betabern	1	2	0.079335541	0.0793265	0.0	87502448	0	0	0.0061005	3.7021484375
FULLT	run2	betabern	1	3	0.078617959	0.078609125	0.0	87502448	0	0	0.006136584	3.7021484375
FULLT	run2	betabern	1	4	0.07813775	0.078116041	0.0	87502448	0	0	0.006171125	3.7021484375
FULLT	run2	betabern	1	5	0.0775995	0.077585375	0.0	87502448	0	0	0.006201375	3.7021484375
FULLT	run2	betabern	1	6	0.077353333	0.077350916	0.0	87502448	0	0	0.00609475	3.7021484375
FULLT	run2	betabern	1	7	0.078678375	0.078658959	0.0	87502448	0	0	0.006072	3.7021484375
FULLT	run2	betabern	1	8	0.078806667	0.078808458	0.0	87502448	0	0	0.006193916	3.7021484375
FULLT	run2	betabern	1	9	0.077281417	0.077283083	0.0	87502448	0	0	0.006067083	3.6455078125
FULLT	run2	betabern	1	10	0.079112583	0.079092958	0.0	87502448	0	0	0.006157458	3.6455078125
FULLT	run2	betabern	1	11	0.077050584	0.07705225	0.0	87502448	0	0	0.006179417	3.6455078125
FULLT	run3	betabern	-1	0	1.4353430271148682	0	0	0	0	0	0	0
FULLT	run3	betabern	0	0	5.630806541	5.629569875	0.191788959	1627767312	6	1	0.006390541	3.513671875
FULLT	run3	betabern	1	1	0.078916625	0.078918334	0.0	87502448	0	0	0.006378458	3.63232421875
FULLT	run3	betabern	1	2	0.079460834	0.079455333	0.0	87502448	0	0	0.006267667	3.63232421875
FULLT	run3	betabern	1	3	0.07955575	0.079557625	0.0	87502448	0	0	0.006248458	3.63232421875
FULLT	run3	betabern	1	4	0.082678459	0.082608125	0.0	87502448	0	0	0.006417459	3.50146484375
FULLT	run3	betabern	1	5	0.08119425	0.081134917	0.0	87502448	0	0	0.006802625	3.50146484375
FULLT	run3	betabern	1	6	0.080849959	0.080847792	0.0	87502448	0	0	0.006346416	3.50146484375
FULLT	run3	betabern	1	7	0.079188375	0.079190208	0.0	87502448	0	0	0.006347459	3.50146484375
FULLT	run3	betabern	1	8	0.078436	0.078437666	0.0	87502448	0	0	0.00631675	3.50146484375
FULLT	run3	betabern	1	9	0.079694916	0.07969675	0.0	87502448	0	0	0.006496917	3.50146484375
FULLT	run3	betabern	1	10	0.080429625	0.080424791	0.0	87502448	0	0	0.006339708	3.50146484375
FULLT	run3	betabern	1	11	0.078896375	0.078889417	0.0	87502448	0	0	0.006530167	3.50146484375
v6	run3	betabern	-1	0	1.567831039428711	0	0	0	0	0	0	0
v6	run3	betabern	0	0	5.01719325	5.008534666	0.168206375	1376358480	5	1	0.006214458	3.380859375
v6	run3	betabern	1	1	0.056735542	0.056616458	0.0	71649232	0	0	0.006345833	3.43017578125
v6	run3	betabern	1	2	0.058811959	0.058779583	0.0	71649232	0	0	0.006703292	3.43017578125
v6	run3	betabern	1	3	0.058243667	0.058137083	0.0	71649232	0	0	0.006591166	3.43017578125
v6	run3	betabern	1	4	0.057383375	0.057267958	0.0	71649232	0	0	0.00669275	3.4755859375
v6	run3	betabern	1	5	0.057896625	0.057811125	0.0	71649232	0	0	0.005991917	3.4755859375
v6	run3	betabern	1	6	0.056312	0.05631425	0.0	71649232	0	0	0.006470583	3.4755859375
v6	run3	betabern	1	7	0.055082	0.055084041	0.0	71649232	0	0	0.006271541	3.4755859375
v6	run3	betabern	1	8	0.05563275	0.055633792	0.0	71649232	0	0	0.006381208	3.4755859375
v6	run3	betabern	1	9	0.055399541	0.055400959	0.0	71649232	0	0	0.006435041	3.4755859375
v6	run3	betabern	1	10	0.055780666	0.055710833	0.0	71649232	0	0	0.006521333	3.4755859375
v6	run3	betabern	1	11	0.054984084	0.05498025	0.0	71649232	0	0	0.006213334	3.4755859375
v6	run4	betabern	-1	0	1.555462121963501	0	0	0	0	0	0	0
v6	run4	betabern	0	0	4.936952916	4.936192166	0.167324959	1376392336	5	1	0.006400875	3.7578125
v6	run4	betabern	1	1	0.057629375	0.05758125	0.0	71649232	0	0	0.006298875	3.61669921875
v6	run4	betabern	1	2	0.057134459	0.057136458	0.0	71649232	0	0	0.006308459	3.61669921875
v6	run4	betabern	1	3	0.05399075	0.053992292	0.0	71649232	0	0	0.006365417	3.61669921875
v6	run4	betabern	1	4	0.055062167	0.055064	0.0	71649232	0	0	0.006359958	3.61669921875
v6	run4	betabern	1	5	0.056029375	0.056031292	0.0	71649232	0	0	0.006356542	3.61669921875
v6	run4	betabern	1	6	0.054412375	0.054415959	0.0	71649232	0	0	0.006374042	3.61669921875
v6	run4	betabern	1	7	0.057811417	0.057772584	0.0	71649232	0	0	0.006385208	3.61669921875
v6	run4	betabern	1	8	0.059904959	0.059847833	0.0	71649232	0	0	0.006421625	3.61669921875
v6	run4	betabern	1	9	0.05618775	0.056183833	0.0	71649232	0	0	0.006488709	3.88720703125
v6	run4	betabern	1	10	0.056150416	0.056152208	0.0	71649232	0	0	0.006407125	3.88720703125
v6	run4	betabern	1	11	0.05658875	0.056557083	0.0	71649232	0	0	0.006424208	3.88720703125
FULLT	run4	betabern	-1	0	1.433600902557373	0	0	0	0	0	0	0
FULLT	run4	betabern	0	0	5.671086209	5.667129208	0.179722625	1627513120	6	1	0.006106709	3.89599609375
FULLT	run4	betabern	1	1	0.08384975	0.083739875	0.0	87502448	0	0	0.006595417	3.744140625
FULLT	run4	betabern	1	2	0.083683833	0.083559	0.0	87502448	0	0	0.006515167	3.744140625
FULLT	run4	betabern	1	3	0.07921525	0.079216333	0.0	87502448	0	0	0.006493084	3.744140625
FULLT	run4	betabern	1	4	0.082337042	0.08227575	0.0	87502448	0	0	0.006013458	3.60400390625
FULLT	run4	betabern	1	5	0.078770875	0.07877275	0.0	87502448	0	0	0.00615925	3.60400390625
FULLT	run4	betabern	1	6	0.080112458	0.080114208	0.0	87502448	0	0	0.006552625	3.60400390625
FULLT	run4	betabern	1	7	0.079592708	0.079596917	0.0	87502448	0	0	0.0063585	3.60400390625
FULLT	run4	betabern	1	8	0.08137975	0.081382208	0.0	87502448	0	0	0.006492875	3.60400390625
FULLT	run4	betabern	1	9	0.080736625	0.08072825	0.0	87502448	0	0	0.006507708	3.60400390625
FULLT	run4	betabern	1	10	0.080337292	0.080278	0.0	87502448	0	0	0.006101875	3.60400390625
FULLT	run4	betabern	1	11	0.079981292	0.079977209	0.0	87502448	0	0	0.006346875	3.60400390625
FULLT	run5	betabern	-1	0	1.4730148315429688	0	0	0	0	0	0	0
FULLT	run5	betabern	0	0	5.608700292	5.605645708	0.173256042	1627788544	6	1	0.006298875	3.55517578125
FULLT	run5	betabern	1	1	0.080273875	0.080260417	0.0	87502448	0	0	0.006449625	3.462890625
FULLT	run5	betabern	1	2	0.078715917	0.078718292	0.0	87502448	0	0	0.006538125	3.462890625
FULLT	run5	betabern	1	3	0.077484959	0.077486916	0.0	87502448	0	0	0.006710958	3.462890625
FULLT	run5	betabern	1	4	0.079262292	0.0792595	0.0	87502448	0	0	0.006279083	3.462890625
FULLT	run5	betabern	1	5	0.079508583	0.079505292	0.0	87502448	0	0	0.006400792	3.462890625
FULLT	run5	betabern	1	6	0.078548959	0.078551709	0.0	87502448	0	0	0.006473334	3.462890625
FULLT	run5	betabern	1	7	0.079272833	0.079275083	0.0	87502448	0	0	0.00624625	3.462890625
FULLT	run5	betabern	1	8	0.079603166	0.079598833	0.0	87502448	0	0	0.006650958	3.462890625
FULLT	run5	betabern	1	9	0.080338458	0.080340292	0.0	87502448	0	0	0.00657175	3.462890625
FULLT	run5	betabern	1	10	0.078407417	0.078392542	0.0	87502448	0	0	0.006497291	3.462890625
FULLT	run5	betabern	1	11	0.079509625	0.079511584	0.0	87502448	0	0	0.006379417	3.462890625
v6	run5	betabern	-1	0	1.5524568557739258	0	0	0	0	0	0	0
v6	run5	betabern	0	0	4.915965917	4.915667084	0.164242834	1376314768	5	1	0.006356167	3.3916015625
v6	run5	betabern	1	1	0.055164541	0.055165709	0.0	71649232	0	0	0.006371583	3.27978515625
v6	run5	betabern	1	2	0.05614025	0.05614175	0.0	71649232	0	0	0.006441458	3.27978515625
v6	run5	betabern	1	3	0.055620583	0.055616167	0.0	71649232	0	0	0.006344583	3.27978515625
v6	run5	betabern	1	4	0.054544459	0.054546583	0.0	71649232	0	0	0.006567167	3.27978515625
v6	run5	betabern	1	5	0.05503775	0.055039542	0.0	71649232	0	0	0.006391	3.27978515625
v6	run5	betabern	1	6	0.05563125	0.055633542	0.0	71649232	0	0	0.006605958	3.27978515625
v6	run5	betabern	1	7	0.056163792	0.056165625	0.0	71649232	0	0	0.006401542	3.27978515625
v6	run5	betabern	1	8	0.054383958	0.054380875	0.0	71649232	0	0	0.006397917	3.27978515625
v6	run5	betabern	1	9	0.053641292	0.05364325	0.0	71649232	0	0	0.00638975	3.27978515625
v6	run5	betabern	1	10	0.055920625	0.055924375	0.0	71649232	0	0	0.006402292	3.27978515625
v6	run5	betabern	1	11	0.055827167	0.055828625	0.0	71649232	0	0	0.006359417	3.27978515625
FULLT	run1	nl	-1	0	1.4269161224365234	0	0	0	0	0	0	0
FULLT	run1	nl	0	0	13.147297333	13.144068333	0.344127625	3295363440	12	2	0.006284458	3.17724609375
FULLT	run1	nl	10	1	0.049136125	0.048368333	0.0	47053712	0	0	0.006254	3.06298828125
FULLT	run1	nl	20	1	0.072189542	0.071404708	0.0	65308288	0	0	0.0063775	3.06298828125
FULLT	run1	nl	10	2	0.051052917	0.050284958	0.0	47053712	0	0	0.006330083	3.06298828125
FULLT	run1	nl	20	2	0.071555667	0.070772709	0.0	65308288	0	0	0.006301792	3.06298828125
FULLT	run1	nl	10	3	0.049018834	0.048228167	0.0	47053712	0	0	0.006274084	3.06298828125
FULLT	run1	nl	20	3	0.071115	0.070328	0.0	65308288	0	0	0.006389166	3.06298828125
FULLT	run1	nl	10	4	0.050509333	0.049739875	0.0	47053712	0	0	0.006356375	3.06298828125
FULLT	run1	nl	20	4	0.068966167	0.068186875	0.0	65308288	0	0	0.006300875	3.06298828125
FULLT	run1	nl	10	5	0.049790291	0.049006	0.0	47053712	0	0	0.00633425	3.06298828125
FULLT	run1	nl	20	5	0.070539209	0.069772291	0.0	65308288	0	0	0.0062445	3.06298828125
FULLT	run1	nl	10	6	0.048545875	0.047752875	0.0	47053712	0	0	0.00635325	3.1376953125
FULLT	run1	nl	20	6	0.070352833	0.069582125	0.0	65308288	0	0	0.006398959	3.1376953125
FULLT	run1	nl	10	7	0.050328042	0.049561333	0.0	47053712	0	0	0.006461375	3.1376953125
FULLT	run1	nl	20	7	0.071178084	0.070400375	0.0	65308288	0	0	0.006419834	3.1376953125
FULLT	run1	nl	10	8	0.0495475	0.048769	0.0	47053712	0	0	0.006349667	3.1376953125
FULLT	run1	nl	20	8	0.070717208	0.069935834	0.0	65308288	0	0	0.0064105	3.1376953125
FULLT	run1	nl	10	9	0.048991125	0.048224917	0.0	47053712	0	0	0.006373959	3.1376953125
FULLT	run1	nl	20	9	0.072742333	0.071933042	0.0	65308288	0	0	0.006380625	3.1376953125
FULLT	run1	nl	10	10	0.049595417	0.048834917	0.0	47053712	0	0	0.006378916	3.1376953125
FULLT	run1	nl	20	10	0.069288125	0.06849275	0.0	65308288	0	0	0.006408875	3.1376953125
FULLT	run1	nl	10	11	0.047855	0.047071333	0.0	47053712	0	0	0.005983166	3.1376953125
FULLT	run1	nl	20	11	0.070532541	0.069746375	0.0	65308288	0	0	0.006247584	3.1376953125
v6	run1	nl	-1	0	1.5577049255371094	0	0	0	0	0	0	0
v6	run1	nl	0	0	9.559944334	9.556355125	0.230449834	2401094016	9	1	0.006487417	3.04638671875
v6	run1	nl	10	1	0.4030875	0.402718	0.0	81868688	0	0	0.006181458	2.88525390625
v6	run1	nl	20	1	0.085084125	0.08496	0.0	75846352	0	0	0.006190125	2.88525390625
v6	run1	nl	10	2	0.052463458	0.052334	0.0	50586336	0	0	0.006231792	2.88525390625
v6	run1	nl	20	2	0.082718667	0.08259125	0.0	75846352	0	0	0.006542416	2.88525390625
v6	run1	nl	10	3	0.050200459	0.050078833	0.0	50586336	0	0	0.006047541	2.88525390625
v6	run1	nl	20	3	0.083847917	0.083713542	0.0	75846352	0	0	0.006105584	2.88525390625
v6	run1	nl	10	4	0.051081792	0.050952625	0.0	50586336	0	0	0.00607925	2.88525390625
v6	run1	nl	20	4	0.0837705	0.083630792	0.0	75846352	0	0	0.006082417	2.88525390625
v6	run1	nl	10	5	0.051920333	0.051786875	0.0	50586336	0	0	0.006231959	2.88525390625
v6	run1	nl	20	5	0.086580958	0.08644525	0.0	75846352	0	0	0.006027209	3.13427734375
v6	run1	nl	10	6	0.0516445	0.051517042	0.0	50586336	0	0	0.006148417	3.13427734375
v6	run1	nl	20	6	0.084710708	0.084577042	0.0	75846352	0	0	0.006189458	3.13427734375
v6	run1	nl	10	7	0.052728917	0.05259975	0.0	50586336	0	0	0.006247625	3.13427734375
v6	run1	nl	20	7	0.085962125	0.085826083	0.0	75846352	0	0	0.006066709	3.13427734375
v6	run1	nl	10	8	0.050651583	0.050520792	0.0	50586336	0	0	0.006051958	3.13427734375
v6	run1	nl	20	8	0.088890584	0.088661417	0.0	75846352	0	0	0.006265958	3.13427734375
v6	run1	nl	10	9	0.051543291	0.05142	0.0	50586336	0	0	0.006049958	3.13427734375
v6	run1	nl	20	9	0.08806225	0.087922792	0.0	75846352	0	0	0.006165416	3.13427734375
v6	run1	nl	10	10	0.051058458	0.050931958	0.0	50586336	0	0	0.006190916	3.13427734375
v6	run1	nl	20	10	0.08692125	0.086792708	0.0	75846352	0	0	0.006175125	3.13427734375
v6	run1	nl	10	11	0.052330458	0.052157542	0.0	50586336	0	0	0.006330208	3.13427734375
v6	run1	nl	20	11	0.084979708	0.084854417	0.0	75846352	0	0	0.006157708	3.13427734375
v6	run2	nl	-1	0	1.525040864944458	0	0	0	0	0	0	0
v6	run2	nl	0	0	9.989997041	9.984917792	0.244753789	2414541280	10	1	0.006084791	3.203125
v6	run2	nl	10	1	0.266889417	0.266644875	0.0	68484864	0	0	0.006455792	3.23876953125
v6	run2	nl	20	1	0.087801333	0.08767175	0.0	75846352	0	0	0.006551792	3.23876953125
v6	run2	nl	10	2	0.053027208	0.05282925	0.0	50586336	0	0	0.006137167	3.23876953125
v6	run2	nl	20	2	0.082161542	0.082045583	0.0	75846352	0	0	0.00606225	3.23876953125
v6	run2	nl	10	3	0.053249833	0.052972917	0.0	50586336	0	0	0.0063245	3.23876953125
v6	run2	nl	20	3	0.087873459	0.08754575	0.0	75846352	0	0	0.006302	3.23876953125
v6	run2	nl	10	4	0.05142	0.051289042	0.0	50586336	0	0	0.006402625	3.29931640625
v6	run2	nl	20	4	0.085657375	0.085513708	0.0	75846352	0	0	0.00654325	3.29931640625
v6	run2	nl	10	5	0.051010791	0.050855542	0.0	50586336	0	0	0.006334125	3.29931640625
v6	run2	nl	20	5	0.085032584	0.084899959	0.0	75846352	0	0	0.0062355	3.29931640625
v6	run2	nl	10	6	0.048658125	0.048526541	0.0	50586336	0	0	0.0064225	3.29931640625
v6	run2	nl	20	6	0.081794291	0.081671959	0.0	75846352	0	0	0.006506333	3.29931640625
v6	run2	nl	10	7	0.050900708	0.050779416	0.0	50586336	0	0	0.0063825	3.29931640625
v6	run2	nl	20	7	0.086890334	0.086759625	0.0	75846352	0	0	0.006481583	3.29931640625
v6	run2	nl	10	8	0.051626834	0.05150425	0.0	50586336	0	0	0.006567709	3.29931640625
v6	run2	nl	20	8	0.082319167	0.082188625	0.0	75846352	0	0	0.006492667	3.29931640625
v6	run2	nl	10	9	0.051040458	0.0508445	0.0	50586336	0	0	0.006425333	3.29931640625
v6	run2	nl	20	9	0.082442459	0.082323583	0.0	75846352	0	0	0.006278875	3.29931640625
v6	run2	nl	10	10	0.049331709	0.049224083	0.0	50586336	0	0	0.006526125	3.29931640625
v6	run2	nl	20	10	0.085115791	0.084953458	0.0	75846352	0	0	0.006627125	3.29931640625
v6	run2	nl	10	11	0.051492416	0.051363417	0.0	50586336	0	0	0.00645375	3.29931640625
v6	run2	nl	20	11	0.082850625	0.082233542	0.0	75846352	0	0	0.006297584	3.29931640625
FULLT	run2	nl	-1	0	1.4235799312591553	0	0	0	0	0	0	0
FULLT	run2	nl	0	0	13.064989	13.063074416	0.344244375	3295363504	12	2	0.006493083	3.19482421875
FULLT	run2	nl	10	1	0.051610083	0.050836208	0.0	47053712	0	0	0.006491	3.1455078125
FULLT	run2	nl	20	1	0.068132542	0.067345417	0.0	65308288	0	0	0.006474625	3.1455078125
FULLT	run2	nl	10	2	0.046962	0.046189333	0.0	47053712	0	0	0.006672416	3.1455078125
FULLT	run2	nl	20	2	0.067715833	0.066940708	0.0	65308288	0	0	0.006189583	3.1455078125
FULLT	run2	nl	10	3	0.049197541	0.048410375	0.0	47053712	0	0	0.006348292	3.1455078125
FULLT	run2	nl	20	3	0.068051542	0.067271084	0.0	65308288	0	0	0.006185666	3.1455078125
FULLT	run2	nl	10	4	0.04880225	0.048021208	0.0	47053712	0	0	0.006513208	3.1455078125
FULLT	run2	nl	20	4	0.069159292	0.068351708	0.0	65308288	0	0	0.006335	3.1455078125
FULLT	run2	nl	10	5	0.048827875	0.0480485	0.0	47053712	0	0	0.006371541	3.1455078125
FULLT	run2	nl	20	5	0.07102025	0.070187291	0.0	65308288	0	0	0.006375792	3.1455078125
FULLT	run2	nl	10	6	0.048624833	0.047852292	0.0	47053712	0	0	0.006434583	3.1455078125
FULLT	run2	nl	20	6	0.067883709	0.067120042	0.0	65308288	0	0	0.006261375	3.1455078125
FULLT	run2	nl	10	7	0.04917075	0.048389083	0.0	47053712	0	0	0.00642325	3.1455078125
FULLT	run2	nl	20	7	0.068600416	0.067814125	0.0	65308288	0	0	0.006489375	3.1455078125
FULLT	run2	nl	10	8	0.047538917	0.046787166	0.0	47053712	0	0	0.006285416	3.1455078125
FULLT	run2	nl	20	8	0.068440375	0.067650875	0.0	65308288	0	0	0.006379708	3.1455078125
FULLT	run2	nl	10	9	0.0477875	0.04701775	0.0	47053712	0	0	0.006565708	3.1455078125
FULLT	run2	nl	20	9	0.068055583	0.067280667	0.0	65308288	0	0	0.00668575	3.0537109375
FULLT	run2	nl	10	10	0.048032667	0.0472585	0.0	47053712	0	0	0.006458542	3.0537109375
FULLT	run2	nl	20	10	0.068816875	0.068040584	0.0	65308288	0	0	0.006390333	3.0537109375
FULLT	run2	nl	10	11	0.048008792	0.04721875	0.0	47053712	0	0	0.006408083	3.0537109375
FULLT	run2	nl	20	11	0.067587917	0.066828916	0.0	65308288	0	0	0.006535417	3.0537109375
FULLT	run3	nl	-1	0	1.418492078781128	0	0	0	0	0	0	0
FULLT	run3	nl	0	0	13.005989709	13.003916459	0.291314	3295398352	12	2	0.006136167	3.04931640625
FULLT	run3	nl	10	1	0.049982083	0.049226875	0.0	47053712	0	0	0.006256834	3.09912109375
FULLT	run3	nl	20	1	0.069780417	0.068994542	0.0	65308288	0	0	0.00648375	3.09912109375
FULLT	run3	nl	10	2	0.048114458	0.047336875	0.0	47053712	0	0	0.006220916	3.09912109375
FULLT	run3	nl	20	2	0.069583334	0.068792667	0.0	65308288	0	0	0.006065875	3.09912109375
FULLT	run3	nl	10	3	0.048069291	0.047302	0.0	47053712	0	0	0.006110458	3.09912109375
FULLT	run3	nl	20	3	0.069479959	0.068700459	0.0	65308288	0	0	0.006039	3.09912109375
FULLT	run3	nl	10	4	0.051706917	0.050907458	0.0	47053712	0	0	0.006316792	3.09912109375
FULLT	run3	nl	20	4	0.083558667	0.082614375	0.0	65308288	0	0	0.006813084	3.09912109375
FULLT	run3	nl	10	5	0.050417458	0.049624959	0.0	47053712	0	0	0.006201667	3.09912109375
FULLT	run3	nl	20	5	0.067784208	0.066998875	0.0	65308288	0	0	0.006043959	3.09912109375
FULLT	run3	nl	10	6	0.04925325	0.048481917	0.0	47053712	0	0	0.006069459	3.09912109375
FULLT	run3	nl	20	6	0.067368666	0.066590459	0.0	65308288	0	0	0.006108	3.09912109375
FULLT	run3	nl	10	7	0.050242584	0.049455291	0.0	47053712	0	0	0.006283292	3.09912109375
FULLT	run3	nl	20	7	0.068413416	0.067636	0.0	65308288	0	0	0.006073875	3.09912109375
FULLT	run3	nl	10	8	0.047729	0.046955375	0.0	47053712	0	0	0.006062875	3.09912109375
FULLT	run3	nl	20	8	0.070803708	0.0700235	0.0	65308288	0	0	0.006043	3.09912109375
FULLT	run3	nl	10	9	0.048406334	0.047645458	0.0	47053712	0	0	0.006011625	3.09912109375
FULLT	run3	nl	20	9	0.068198708	0.06742075	0.0	65308288	0	0	0.006145167	3.09912109375
FULLT	run3	nl	10	10	0.050287917	0.04946775	0.0	47053712	0	0	0.006115208	3.09912109375
FULLT	run3	nl	20	10	0.069775292	0.068984583	0.0	65308288	0	0	0.006452625	3.09912109375
FULLT	run3	nl	10	11	0.051398958	0.050638583	0.0	47053712	0	0	0.006110958	3.09912109375
FULLT	run3	nl	20	11	0.067757917	0.0669895	0.0	65308288	0	0	0.006087625	3.09912109375
v6	run3	nl	-1	0	1.4942169189453125	0	0	0	0	0	0	0
v6	run3	nl	0	0	9.6362675	9.634973375	0.241682666	2414488288	10	1	0.006002625	3.07666015625
v6	run3	nl	10	1	0.273218291	0.272992083	0.0	68485760	0	0	0.006577792	3.14453125
v6	run3	nl	20	1	0.087142625	0.087018583	0.0	75846352	0	0	0.006140208	3.14453125
v6	run3	nl	10	2	0.052447625	0.052319625	0.0	50586336	0	0	0.006289292	3.14453125
v6	run3	nl	20	2	0.0863755	0.086250916	0.0	75846352	0	0	0.006152917	3.14453125
v6	run3	nl	10	3	0.052074875	0.051943	0.0	50586336	0	0	0.006462625	3.14453125
v6	run3	nl	20	3	0.086481334	0.086349417	0.0	75846352	0	0	0.006492083	3.14453125
v6	run3	nl	10	4	0.053668541	0.053507917	0.0	50586336	0	0	0.006398292	3.14453125
v6	run3	nl	20	4	0.086805416	0.086671125	0.0	75846352	0	0	0.006421792	3.14453125
v6	run3	nl	10	5	0.051979	0.051852458	0.0	50586336	0	0	0.006515542	3.14453125
v6	run3	nl	20	5	0.088864375	0.088744125	0.0	75846352	0	0	0.006424042	3.14453125
v6	run3	nl	10	6	0.052511667	0.052381458	0.0	50586336	0	0	0.006351584	3.14453125
v6	run3	nl	20	6	0.088863417	0.088730709	0.0	75846352	0	0	0.006417875	3.14453125
v6	run3	nl	10	7	0.052860834	0.052733209	0.0	50586336	0	0	0.006468625	3.14453125
v6	run3	nl	20	7	0.088451166	0.088322833	0.0	75846352	0	0	0.006301792	3.14453125
v6	run3	nl	10	8	0.052878125	0.052749916	0.0	50586336	0	0	0.006333584	3.14453125
v6	run3	nl	20	8	0.089066458	0.088941333	0.0	75846352	0	0	0.006335208	3.14453125
v6	run3	nl	10	9	0.05201175	0.051883792	0.0	50586336	0	0	0.006411958	3.14453125
v6	run3	nl	20	9	0.08813125	0.088000583	0.0	75846352	0	0	0.006414666	3.14453125
v6	run3	nl	10	10	0.051276917	0.05114925	0.0	50586336	0	0	0.006348791	3.14453125
v6	run3	nl	20	10	0.084017833	0.083892167	0.0	75846352	0	0	0.006100917	3.14453125
v6	run3	nl	10	11	0.052212042	0.052071416	0.0	50586336	0	0	0.006397417	3.14453125
v6	run3	nl	20	11	0.087624333	0.087501375	0.0	75846352	0	0	0.006564084	3.14453125
v6	run4	nl	-1	0	1.54996919631958	0	0	0	0	0	0	0
v6	run4	nl	0	0	9.456221875	9.455013541	0.237839834	2414474992	10	1	0.006280041	3.04833984375
v6	run4	nl	10	1	0.257051416	0.256849417	0.0	68485888	0	0	0.00626775	2.966796875
v6	run4	nl	20	1	0.0820215	0.081887209	0.0	75846352	0	0	0.006011625	2.966796875
v6	run4	nl	10	2	0.050169583	0.050054167	0.0	50586336	0	0	0.006076459	2.966796875
v6	run4	nl	20	2	0.082105666	0.081974542	0.0	75846352	0	0	0.006591292	2.966796875
v6	run4	nl	10	3	0.048511083	0.048378291	0.0	50586336	0	0	0.006007875	2.966796875
v6	run4	nl	20	3	0.081397	0.081270583	0.0	75846352	0	0	0.00608125	2.966796875
v6	run4	nl	10	4	0.048488542	0.048379792	0.0	50586336	0	0	0.006042167	2.966796875
v6	run4	nl	20	4	0.081599	0.081475542	0.0	75846352	0	0	0.00609225	2.966796875
v6	run4	nl	10	5	0.05022875	0.050103209	0.0	50586336	0	0	0.006582917	2.966796875
v6	run4	nl	20	5	0.0805895	0.080456084	0.0	75846352	0	0	0.006568417	2.966796875
v6	run4	nl	10	6	0.049085417	0.048962125	0.0	50586336	0	0	0.006077625	2.966796875
v6	run4	nl	20	6	0.0835915	0.083467208	0.0	75846352	0	0	0.006104625	2.966796875
v6	run4	nl	10	7	0.050519291	0.050381541	0.0	50586336	0	0	0.006168333	2.966796875
v6	run4	nl	20	7	0.085994791	0.085848	0.0	75846352	0	0	0.006024458	2.966796875
v6	run4	nl	10	8	0.04994275	0.049819541	0.0	50586336	0	0	0.006278417	2.966796875
v6	run4	nl	20	8	0.082045792	0.081914792	0.0	75846352	0	0	0.00608475	2.966796875
v6	run4	nl	10	9	0.04965375	0.049534834	0.0	50586336	0	0	0.006103917	2.966796875
v6	run4	nl	20	9	0.083066625	0.082937833	0.0	75846352	0	0	0.006170209	2.966796875
v6	run4	nl	10	10	0.048698083	0.048570542	0.0	50586336	0	0	0.006189958	2.966796875
v6	run4	nl	20	10	0.081291042	0.081141583	0.0	75846352	0	0	0.006489333	2.966796875
v6	run4	nl	10	11	0.048937083	0.048809208	0.0	50586336	0	0	0.006100167	2.966796875
v6	run4	nl	20	11	0.083594625	0.083460834	0.0	75846352	0	0	0.006048292	2.966796875
FULLT	run4	nl	-1	0	1.4272971153259277	0	0	0	0	0	0	0
FULLT	run4	nl	0	0	12.86778	12.864262834	0.295370248	3295386192	12	1	0.006449708	3.03857421875
FULLT	run4	nl	10	1	0.048196	0.047410292	0.0	47053712	0	0	0.006115291	2.87841796875
FULLT	run4	nl	20	1	0.066118	0.065327292	0.0	65308288	0	0	0.006039333	2.87841796875
FULLT	run4	nl	10	2	0.047449125	0.046663292	0.0	47053712	0	0	0.00624675	2.87841796875
FULLT	run4	nl	20	2	0.067440625	0.066661375	0.0	65308288	0	0	0.006192458	2.87841796875
FULLT	run4	nl	10	3	0.048153042	0.047364583	0.0	47053712	0	0	0.006025583	2.87841796875
FULLT	run4	nl	20	3	0.067531708	0.066758958	0.0	65308288	0	0	0.00608075	2.8076171875
FULLT	run4	nl	10	4	0.046599084	0.045806792	0.0	47053712	0	0	0.00649275	2.8076171875
FULLT	run4	nl	20	4	0.065883875	0.065089	0.0	65308288	0	0	0.006059709	2.8076171875
FULLT	run4	nl	10	5	0.046917291	0.046155459	0.0	47053712	0	0	0.006163959	2.8076171875
FULLT	run4	nl	20	5	0.068050417	0.06728825	0.0	65308288	0	0	0.006320542	2.8076171875
FULLT	run4	nl	10	6	0.048496917	0.047722334	0.0	47053712	0	0	0.006170542	2.8076171875
FULLT	run4	nl	20	6	0.066253125	0.065460916	0.0	65308288	0	0	0.006110542	2.8076171875
FULLT	run4	nl	10	7	0.047158584	0.046392875	0.0	47053712	0	0	0.006570167	2.8076171875
FULLT	run4	nl	20	7	0.067547833	0.066780292	0.0	65308288	0	0	0.00633775	2.8076171875
FULLT	run4	nl	10	8	0.047943917	0.047175708	0.0	47053712	0	0	0.006029542	2.8076171875
FULLT	run4	nl	20	8	0.066869958	0.066099375	0.0	65308288	0	0	0.006153667	2.8076171875
FULLT	run4	nl	10	9	0.047011	0.046233125	0.0	47053712	0	0	0.006090125	2.8076171875
FULLT	run4	nl	20	9	0.065536667	0.064778708	0.0	65308288	0	0	0.006228084	2.8076171875
FULLT	run4	nl	10	10	0.047738875	0.046957291	0.0	47053712	0	0	0.006325209	2.8076171875
FULLT	run4	nl	20	10	0.067060917	0.066284375	0.0	65308288	0	0	0.006023542	2.8076171875
FULLT	run4	nl	10	11	0.04785475	0.0471	0.0	47053712	0	0	0.006173583	2.8076171875
FULLT	run4	nl	20	11	0.067014291	0.066215458	0.0	65308288	0	0	0.006129416	2.8076171875
FULLT	run5	nl	-1	0	1.3972070217132568	0	0	0	0	0	0	0
FULLT	run5	nl	0	0	12.550876041	12.5489095	0.280673249	3295358288	11	1	0.00640025	2.82275390625
FULLT	run5	nl	10	1	0.049168959	0.048387042	0.0	47053712	0	0	0.006490166	2.8798828125
FULLT	run5	nl	20	1	0.070567459	0.069794	0.0	65308288	0	0	0.0064185	2.8798828125
FULLT	run5	nl	10	2	0.049810292	0.049034458	0.0	47053712	0	0	0.006396042	2.8798828125
FULLT	run5	nl	20	2	0.071094375	0.070307584	0.0	65308288	0	0	0.006524209	2.8798828125
FULLT	run5	nl	10	3	0.049328417	0.048541125	0.0	47053712	0	0	0.006518959	2.8798828125
FULLT	run5	nl	20	3	0.069943625	0.069162292	0.0	65308288	0	0	0.006404584	2.8798828125
FULLT	run5	nl	10	4	0.049538	0.048768042	0.0	47053712	0	0	0.006408791	2.8798828125
FULLT	run5	nl	20	4	0.06906975	0.068285334	0.0	65308288	0	0	0.006425667	2.8798828125
FULLT	run5	nl	10	5	0.04976875	0.048985875	0.0	47053712	0	0	0.00668625	2.8798828125
FULLT	run5	nl	20	5	0.0703725	0.069576959	0.0	65308288	0	0	0.006362916	2.8798828125
FULLT	run5	nl	10	6	0.048919417	0.048133042	0.0	47053712	0	0	0.006530709	2.8798828125
FULLT	run5	nl	20	6	0.072284625	0.071489417	0.0	65308288	0	0	0.006354125	2.8798828125
FULLT	run5	nl	10	7	0.04931125	0.048523166	0.0	47053712	0	0	0.00652725	2.8798828125
FULLT	run5	nl	20	7	0.070809916	0.070015334	0.0	65308288	0	0	0.006539334	2.8798828125
FULLT	run5	nl	10	8	0.048583792	0.047785209	0.0	47053712	0	0	0.006499417	2.8798828125
FULLT	run5	nl	20	8	0.069447792	0.068667292	0.0	65308288	0	0	0.006372042	2.8798828125
FULLT	run5	nl	10	9	0.049690833	0.048911625	0.0	47053712	0	0	0.006434	2.8798828125
FULLT	run5	nl	20	9	0.06930725	0.068511833	0.0	65308288	0	0	0.006460125	2.8798828125
FULLT	run5	nl	10	10	0.051130042	0.050349875	0.0	47053712	0	0	0.006698958	2.8798828125
FULLT	run5	nl	20	10	0.074298334	0.073523333	0.0	65308288	0	0	0.006508417	2.8798828125
FULLT	run5	nl	10	11	0.04869325	0.047888541	0.0	47053712	0	0	0.00606125	2.80908203125
FULLT	run5	nl	20	11	0.065743583	0.064970958	0.0	65308288	0	0	0.006044	2.80908203125
v6	run5	nl	-1	0	1.5136480331420898	0	0	0	0	0	0	0
v6	run5	nl	0	0	9.137051334	9.135439375	0.221681418	2414489424	9	1	0.006042459	2.904296875
v6	run5	nl	10	1	0.215081209	0.214894416	0.0	67246384	0	0	0.006096666	2.7646484375
v6	run5	nl	20	1	0.114451125	0.114276084	0.0	77085312	0	0	0.006012667	2.7646484375
v6	run5	nl	10	2	0.04826975	0.048122917	0.0	50586336	0	0	0.005907	2.7646484375
v6	run5	nl	20	2	0.077873417	0.077756917	0.0	75846352	0	0	0.006158333	2.7646484375
v6	run5	nl	10	3	0.051387833	0.051261583	0.0	50586336	0	0	0.006023667	2.7646484375
v6	run5	nl	20	3	0.079020916	0.078890541	0.0	75846352	0	0	0.006010917	2.7646484375
v6	run5	nl	10	4	0.046931417	0.046810583	0.0	50586336	0	0	0.006050416	2.7646484375
v6	run5	nl	20	4	0.078259	0.078129625	0.0	75846352	0	0	0.006046458	2.7646484375
v6	run5	nl	10	5	0.046579167	0.046451542	0.0	50586336	0	0	0.006021875	2.7646484375
v6	run5	nl	20	5	0.079061209	0.078924458	0.0	75846352	0	0	0.006046958	2.7646484375
v6	run5	nl	10	6	0.046855667	0.046725375	0.0	50586336	0	0	0.006129875	2.7646484375
v6	run5	nl	20	6	0.077638833	0.077507208	0.0	75846352	0	0	0.006173167	2.7646484375
v6	run5	nl	10	7	0.046880292	0.04674975	0.0	50586336	0	0	0.006012583	2.7646484375
v6	run5	nl	20	7	0.077969	0.077837416	0.0	75846352	0	0	0.006045166	2.7646484375
v6	run5	nl	10	8	0.047543875	0.047408375	0.0	50586336	0	0	0.006015667	2.7646484375
v6	run5	nl	20	8	0.07935475	0.079229042	0.0	75846352	0	0	0.005959333	2.7646484375
v6	run5	nl	10	9	0.047706917	0.047581958	0.0	50586336	0	0	0.006131166	2.7646484375
v6	run5	nl	20	9	0.077501083	0.077362042	0.0	75846352	0	0	0.006160542	2.7646484375
v6	run5	nl	10	10	0.046894625	0.04676025	0.0	50586336	0	0	0.006045708	2.7646484375
v6	run5	nl	20	10	0.078461416	0.078322084	0.0	75846352	0	0	0.005974792	2.7646484375
v6	run5	nl	10	11	0.047411417	0.047285333	0.0	50586336	0	0	0.006034208	2.7646484375
v6	run5	nl	20	11	0.077964667	0.077834375	0.0	75846352	0	0	0.006073417	2.7646484375
FULLT	run1	hmm	-1	0	1.3363800048828125	0	0	0	0	0	0	0
FULLT	run1	hmm	0	0	12.442362208	12.440520708	0.296677874	3621070784	12	2	0.006058958	2.56640625
FULLT	run1	hmm	20	1	0.060851083	0.060307166	0.0	88273456	0	0	0.006012833	2.5078125
FULLT	run1	hmm	40	1	0.106876958	0.105896459	0.0	155554128	0	0	0.006096584	2.5078125
FULLT	run1	hmm	20	2	0.060463875	0.059926292	0.0	88273456	0	0	0.005937	2.5078125
FULLT	run1	hmm	40	2	0.106549375	0.105596208	0.0	155554128	0	0	0.005998375	2.5078125
FULLT	run1	hmm	20	3	0.061047666	0.060517458	0.0	88273456	0	0	0.006175583	2.5078125
FULLT	run1	hmm	40	3	0.107295334	0.106352875	0.0	155554128	0	0	0.006022292	2.5078125
FULLT	run1	hmm	20	4	0.060955584	0.06041	0.0	88273456	0	0	0.005994167	2.5078125
FULLT	run1	hmm	40	4	0.105260791	0.104278916	0.0	155554128	0	0	0.006076708	2.5078125
FULLT	run1	hmm	20	5	0.060942958	0.06039625	0.0	88273456	0	0	0.006096208	2.5078125
FULLT	run1	hmm	40	5	0.107179208	0.106247208	0.0	155554128	0	0	0.006357541	2.5078125
FULLT	run1	hmm	20	6	0.061624416	0.061078584	0.0	88273456	0	0	0.006036709	2.5078125
FULLT	run1	hmm	40	6	0.106165042	0.105225416	0.0	155554128	0	0	0.005998375	2.5078125
FULLT	run1	hmm	20	7	0.061295167	0.060772167	0.0	88273456	0	0	0.006108625	2.5078125
FULLT	run1	hmm	40	7	0.106247167	0.105296542	0.0	155554128	0	0	0.005969459	2.5078125
FULLT	run1	hmm	20	8	0.060967625	0.060431959	0.0	88273744	0	0	0.006009416	2.5078125
FULLT	run1	hmm	40	8	0.113137042	0.111915834	0.0	155554128	0	0	0.006021208	2.5078125
FULLT	run1	hmm	20	9	0.061104625	0.0605355	0.0	88273456	0	0	0.005951333	2.5078125
FULLT	run1	hmm	40	9	0.111663625	0.110350542	0.0	155554128	0	0	0.006042833	2.5078125
FULLT	run1	hmm	20	10	0.0619335	0.061397667	0.0	88273456	0	0	0.0060055	2.5078125
FULLT	run1	hmm	40	10	0.120534458	0.1185995	0.0	155554128	0	0	0.006284541	2.5078125
FULLT	run1	hmm	20	11	0.065373625	0.064830625	0.0	88273456	0	0	0.0061025	2.5078125
FULLT	run1	hmm	40	11	0.115293917	0.113988625	0.0	155554128	0	0	0.006360167	2.5078125
v6	run1	hmm	-1	0	1.4451289176940918	0	0	0	0	0	0	0
v6	run1	hmm	0	0	10.186489375	10.184985292	0.247409708	2742772304	11	1	0.006076459	2.546875
v6	run1	hmm	20	1	0.058736417	0.05831675	0.0	71724208	0	0	0.005945625	2.4375
v6	run1	hmm	40	1	0.107446833	0.106644416	0.0	125881360	0	0	0.005995458	2.4375
v6	run1	hmm	20	2	0.057655917	0.057236125	0.0	71724208	0	0	0.006104917	2.4375
v6	run1	hmm	40	2	0.107102792	0.10625875	0.0	125881360	0	0	0.005935833	2.4375
v6	run1	hmm	20	3	0.059212333	0.058777542	0.0	71724208	0	0	0.006042375	2.4375
v6	run1	hmm	40	3	0.105693375	0.104887375	0.0	125881360	0	0	0.005950958	2.4375
v6	run1	hmm	20	4	0.059042375	0.058608459	0.0	71724208	0	0	0.006023292	2.4375
v6	run1	hmm	40	4	0.107198167	0.106360916	0.0	125881360	0	0	0.006031	2.4375
v6	run1	hmm	20	5	0.057836959	0.0574095	0.0	71724208	0	0	0.00606025	2.4375
v6	run1	hmm	40	5	0.107283041	0.106442958	0.0	125881360	0	0	0.005979041	2.4375
v6	run1	hmm	20	6	0.057562959	0.057130333	0.0	71724208	0	0	0.006001375	2.4375
v6	run1	hmm	40	6	0.109056375	0.108225834	0.0	125881360	0	0	0.006183667	2.4375
v6	run1	hmm	20	7	0.0604105	0.059995834	0.0	71724208	0	0	0.005979875	2.4375
v6	run1	hmm	40	7	0.107249166	0.106403125	0.0	125881360	0	0	0.005970583	2.4375
v6	run1	hmm	20	8	0.058371042	0.057939041	0.0	71724208	0	0	0.005973417	2.4375
v6	run1	hmm	40	8	0.1067055	0.105907333	0.0	125881360	0	0	0.005993125	2.4375
v6	run1	hmm	20	9	0.058068708	0.057640083	0.0	71724208	0	0	0.005934666	2.4375
v6	run1	hmm	40	9	0.107211334	0.106373875	0.0	125881360	0	0	0.006008625	2.4375
v6	run1	hmm	20	10	0.059130333	0.058708042	0.0	71724208	0	0	0.006054125	2.4375
v6	run1	hmm	40	10	0.107214042	0.106386333	0.0	125881360	0	0	0.00594125	2.4375
v6	run1	hmm	20	11	0.058091958	0.057638583	0.0	71724208	0	0	0.006012917	2.4375
v6	run1	hmm	40	11	0.106869792	0.106038541	0.0	125881360	0	0	0.006011458	2.40234375
v6	run2	hmm	-1	0	1.4435808658599854	0	0	0	0	0	0	0
v6	run2	hmm	0	0	10.191570875	10.189496334	0.256997416	2742745024	11	1	0.006094	2.2900390625
v6	run2	hmm	20	1	0.05757225	0.057145166	0.0	71724208	0	0	0.005994875	2.33154296875
v6	run2	hmm	40	1	0.105179417	0.104348084	0.0	125881360	0	0	0.00619575	2.33154296875
v6	run2	hmm	20	2	0.056995708	0.056566708	0.0	71724208	0	0	0.006023	2.33154296875
v6	run2	hmm	40	2	0.104334667	0.103505	0.0	125881360	0	0	0.005952959	2.33154296875
v6	run2	hmm	20	3	0.05749575	0.057062125	0.0	71724208	0	0	0.006006833	2.33154296875
v6	run2	hmm	40	3	0.1043165	0.103494916	0.0	125881360	0	0	0.006029916	2.33154296875
v6	run2	hmm	20	4	0.0577695	0.057346958	0.0	71724208	0	0	0.006018459	2.33154296875
v6	run2	hmm	40	4	0.104007875	0.1031385	0.0	125881360	0	0	0.006057958	2.33154296875
v6	run2	hmm	20	5	0.056678958	0.056239166	0.0	71724208	0	0	0.006116	2.33154296875
v6	run2	hmm	40	5	0.104674084	0.103833375	0.0	125881360	0	0	0.006033167	2.33154296875
v6	run2	hmm	20	6	0.056881125	0.056423833	0.0	71724208	0	0	0.006011166	2.33154296875
v6	run2	hmm	40	6	0.103235	0.102411708	0.0	125881360	0	0	0.006046917	2.33154296875
v6	run2	hmm	20	7	0.057252125	0.056810583	0.0	71724208	0	0	0.006047583	2.224609375
v6	run2	hmm	40	7	0.104120792	0.103267417	0.0	125881360	0	0	0.006035042	2.224609375
v6	run2	hmm	20	8	0.057079083	0.05664375	0.0	71724208	0	0	0.00606425	2.224609375
v6	run2	hmm	40	8	0.105110209	0.104244292	0.0	125881360	0	0	0.006012	2.224609375
v6	run2	hmm	20	9	0.0576125	0.057180542	0.0	71724208	0	0	0.005918708	2.224609375
v6	run2	hmm	40	9	0.102825334	0.101986541	0.0	125881360	0	0	0.0060035	2.224609375
v6	run2	hmm	20	10	0.056939333	0.056503334	0.0	71724208	0	0	0.006039125	2.224609375
v6	run2	hmm	40	10	0.104158167	0.103316042	0.0	125881360	0	0	0.005894083	2.224609375
v6	run2	hmm	20	11	0.056785959	0.0563535	0.0	71724208	0	0	0.005902584	2.224609375
v6	run2	hmm	40	11	0.106113708	0.10528925	0.0	125881360	0	0	0.006018709	2.224609375
FULLT	run2	hmm	-1	0	1.3293731212615967	0	0	0	0	0	0	0
FULLT	run2	hmm	0	0	12.473475625	12.471190917	0.334814711	3621165744	13	2	0.006074417	2.44677734375
FULLT	run2	hmm	20	1	0.0598755	0.059336792	0.0	88273456	0	0	0.006026125	2.2734375
FULLT	run2	hmm	40	1	0.107236417	0.106295416	0.0	155554128	0	0	0.005983375	2.2734375
FULLT	run2	hmm	20	2	0.060019625	0.059479041	0.0	88273456	0	0	0.006002333	2.2734375
FULLT	run2	hmm	40	2	0.105274834	0.104317792	0.0	155554128	0	0	0.005981583	2.2734375
FULLT	run2	hmm	20	3	0.059614209	0.059084333	0.0	88273456	0	0	0.00604325	2.2734375
FULLT	run2	hmm	40	3	0.104594625	0.103624667	0.0	155554128	0	0	0.005972541	2.2734375
FULLT	run2	hmm	20	4	0.060453375	0.059904542	0.0	88273456	0	0	0.00612125	2.2734375
FULLT	run2	hmm	40	4	0.106423291	0.105466375	0.0	155554128	0	0	0.006007417	2.2734375
FULLT	run2	hmm	20	5	0.060135041	0.059582625	0.0	88273456	0	0	0.005980958	2.2734375
FULLT	run2	hmm	40	5	0.104545292	0.103578167	0.0	155554128	0	0	0.005997292	2.2734375
FULLT	run2	hmm	20	6	0.060166291	0.059600708	0.0	88273456	0	0	0.006029958	2.2734375
FULLT	run2	hmm	40	6	0.1053125	0.104346666	0.0	155554128	0	0	0.005986417	2.2734375
FULLT	run2	hmm	20	7	0.059254292	0.058700959	0.0	88273456	0	0	0.006020583	2.2734375
FULLT	run2	hmm	40	7	0.10559075	0.104617708	0.0	155554128	0	0	0.006042	2.2734375
FULLT	run2	hmm	20	8	0.062091083	0.061545417	0.0	88273744	0	0	0.006011083	2.2734375
FULLT	run2	hmm	40	8	0.104417875	0.103452541	0.0	155554128	0	0	0.00607475	2.2734375
FULLT	run2	hmm	20	9	0.060937084	0.060409084	0.0	88273456	0	0	0.00603325	2.2734375
FULLT	run2	hmm	40	9	0.104210417	0.103277041	0.0	155554128	0	0	0.006119916	2.2734375
FULLT	run2	hmm	20	10	0.059562375	0.059025792	0.0	88273456	0	0	0.005965458	2.17138671875
FULLT	run2	hmm	40	10	0.104592875	0.103642334	0.0	155554128	0	0	0.006050958	2.17138671875
FULLT	run2	hmm	20	11	0.061263084	0.060723958	0.0	88273456	0	0	0.006028041	2.17138671875
FULLT	run2	hmm	40	11	0.105290625	0.104340541	0.0	155554128	0	0	0.005870333	2.17138671875
FULLT	run3	hmm	-1	0	1.336683988571167	0	0	0	0	0	0	0
FULLT	run3	hmm	0	0	12.49168725	12.489839084	0.353791919	3620927824	14	2	0.006017292	2.1572265625
FULLT	run3	hmm	20	1	0.063474875	0.062925542	0.0	88273456	0	0	0.006079333	1.900390625
FULLT	run3	hmm	40	1	0.10840575	0.107466625	0.0	155554128	0	0	0.005896459	1.900390625
FULLT	run3	hmm	20	2	0.06181775	0.061276	0.0	88273456	0	0	0.005995375	1.900390625
FULLT	run3	hmm	40	2	0.106221208	0.105279209	0.0	155554128	0	0	0.006116	1.900390625
FULLT	run3	hmm	20	3	0.06082375	0.060283875	0.0	88273456	0	0	0.006043125	1.900390625
FULLT	run3	hmm	40	3	0.108185792	0.107249333	0.0	155554128	0	0	0.006041209	1.900390625
FULLT	run3	hmm	20	4	0.061616667	0.061060292	0.0	88273456	0	0	0.006291167	1.900390625
FULLT	run3	hmm	40	4	0.107777459	0.106818417	0.0	155554128	0	0	0.00598275	1.900390625
FULLT	run3	hmm	20	5	0.062047125	0.061487416	0.0	88273456	0	0	0.006044916	1.900390625
FULLT	run3	hmm	40	5	0.107638625	0.106681083	0.0	155554128	0	0	0.006027	1.900390625
FULLT	run3	hmm	20	6	0.061737916	0.061195583	0.0	88273456	0	0	0.006012334	1.900390625
FULLT	run3	hmm	40	6	0.10639625	0.105430083	0.0	155554128	0	0	0.006020958	1.900390625
FULLT	run3	hmm	20	7	0.064731417	0.064205209	0.0	88273456	0	0	0.005970166	1.900390625
FULLT	run3	hmm	40	7	0.110832458	0.10981625	0.0	155554128	0	0	0.006265458	1.900390625
FULLT	run3	hmm	20	8	0.061915708	0.061363166	0.0	88273744	0	0	0.006099958	1.900390625
FULLT	run3	hmm	40	8	0.107731959	0.106760083	0.0	155554128	0	0	0.006126625	1.900390625
FULLT	run3	hmm	20	9	0.061543166	0.06102075	0.0	88273456	0	0	0.00598175	1.900390625
FULLT	run3	hmm	40	9	0.108694667	0.10773925	0.0	155554128	0	0	0.006030792	1.900390625
FULLT	run3	hmm	20	10	0.060703	0.060147417	0.0	88273456	0	0	0.006006625	1.900390625
FULLT	run3	hmm	40	10	0.107808709	0.106857417	0.0	155554128	0	0	0.006017167	1.900390625
FULLT	run3	hmm	20	11	0.060860417	0.060343875	0.0	88273456	0	0	0.006082	1.900390625
FULLT	run3	hmm	40	11	0.107145375	0.10615775	0.0	155554128	0	0	0.006063208	1.900390625
v6	run3	hmm	-1	0	1.4650981426239014	0	0	0	0	0	0	0
v6	run3	hmm	0	0	10.197514834	10.195233042	0.247726998	2742716800	11	1	0.006144334	2.07568359375
v6	run3	hmm	20	1	0.057986792	0.057554833	0.0	71724208	0	0	0.00603625	2.51171875
v6	run3	hmm	40	1	0.107719416	0.106898709	0.0	125881360	0	0	0.005961125	2.51171875
v6	run3	hmm	20	2	0.060521042	0.060083541	0.0	71724208	0	0	0.005987916	2.51171875
v6	run3	hmm	40	2	0.1057005	0.104870333	0.0	125881360	0	0	0.006067791	2.51171875
v6	run3	hmm	20	3	0.058145667	0.057725375	0.0	71724208	0	0	0.005994708	2.51171875
v6	run3	hmm	40	3	0.106880167	0.106027417	0.0	125881360	0	0	0.005930958	2.51171875
v6	run3	hmm	20	4	0.058290625	0.057845209	0.0	71724208	0	0	0.006106708	2.51171875
v6	run3	hmm	40	4	0.10569	0.1048705	0.0	125881360	0	0	0.00612075	2.51171875
v6	run3	hmm	20	5	0.057618459	0.057191708	0.0	71724208	0	0	0.006290291	2.51171875
v6	run3	hmm	40	5	0.107360417	0.106526125	0.0	125881360	0	0	0.006015417	2.51171875
v6	run3	hmm	20	6	0.058305625	0.0578855	0.0	71724208	0	0	0.005983666	2.51171875
v6	run3	hmm	40	6	0.108096208	0.107243334	0.0	125881360	0	0	0.006041	2.51171875
v6	run3	hmm	20	7	0.057594917	0.057139834	0.0	71724208	0	0	0.006073292	2.51171875
v6	run3	hmm	40	7	0.10704825	0.106195125	0.0	125881360	0	0	0.006046708	2.390625
v6	run3	hmm	20	8	0.057622125	0.057184791	0.0	71724208	0	0	0.005991709	2.390625
v6	run3	hmm	40	8	0.10650925	0.105674375	0.0	125881360	0	0	0.00623625	2.390625
v6	run3	hmm	20	9	0.058276584	0.057836875	0.0	71724208	0	0	0.005957375	2.390625
v6	run3	hmm	40	9	0.105910667	0.105068667	0.0	125881360	0	0	0.005989667	2.390625
v6	run3	hmm	20	10	0.057371417	0.056943292	0.0	71724208	0	0	0.00593825	2.390625
v6	run3	hmm	40	10	0.10631175	0.105451667	0.0	125881360	0	0	0.005940041	2.390625
v6	run3	hmm	20	11	0.058784875	0.058360708	0.0	71724208	0	0	0.006033	2.390625
v6	run3	hmm	40	11	0.106867167	0.106017334	0.0	125881360	0	0	0.00603775	2.390625
v6	run4	hmm	-1	0	1.4444961547851562	0	0	0	0	0	0	0
v6	run4	hmm	0	0	10.292988416	10.289989708	0.255734874	2742780576	11	1	0.006017875	2.27880859375
v6	run4	hmm	20	1	0.057092791	0.0566455	0.0	71724208	0	0	0.00589725	2.22900390625
v6	run4	hmm	40	1	0.104421333	0.103542333	0.0	125881360	0	0	0.005949541	2.22900390625
v6	run4	hmm	20	2	0.057281208	0.056779834	0.0	71724208	0	0	0.005945917	2.22900390625
v6	run4	hmm	40	2	0.104536125	0.103650375	0.0	125881360	0	0	0.006005125	3.17138671875
v6	run4	hmm	20	3	0.05697225	0.056518583	0.0	71724208	0	0	0.005967083	3.17138671875
v6	run4	hmm	40	3	0.110525916	0.10964525	0.0	125881360	0	0	0.006085583	3.17138671875
v6	run4	hmm	20	4	0.0569755	0.05652225	0.0	71724208	0	0	0.006285167	3.17138671875
v6	run4	hmm	40	4	0.103878458	0.102990583	0.0	125881360	0	0	0.006045167	3.17138671875
v6	run4	hmm	20	5	0.056644083	0.056197334	0.0	71724208	0	0	0.006063916	3.17138671875
v6	run4	hmm	40	5	0.105237834	0.104366958	0.0	125881360	0	0	0.005967958	3.17138671875
v6	run4	hmm	20	6	0.058260625	0.057803917	0.0	71724208	0	0	0.005915833	3.17138671875
v6	run4	hmm	40	6	0.102325292	0.101459417	0.0	125881360	0	0	0.006055042	3.17138671875
v6	run4	hmm	20	7	0.056455125	0.056008917	0.0	71724208	0	0	0.005853125	3.17138671875
v6	run4	hmm	40	7	0.104036375	0.103163625	0.0	125881360	0	0	0.005998625	3.17138671875
v6	run4	hmm	20	8	0.05750325	0.057051041	0.0	71724208	0	0	0.005996625	3.17138671875
v6	run4	hmm	40	8	0.102750458	0.101877375	0.0	125881360	0	0	0.00601925	3.17138671875
v6	run4	hmm	20	9	0.056968375	0.056516083	0.0	71724208	0	0	0.005881167	3.17138671875
v6	run4	hmm	40	9	0.104402917	0.103526	0.0	125881360	0	0	0.005967166	3.17138671875
v6	run4	hmm	20	10	0.059189791	0.058743125	0.0	71724208	0	0	0.006058875	3.17138671875
v6	run4	hmm	40	10	0.102304834	0.101429833	0.0	125881360	0	0	0.005981	3.17138671875
v6	run4	hmm	20	11	0.055637708	0.055180875	0.0	71724208	0	0	0.006050458	3.17138671875
v6	run4	hmm	40	11	0.103560875	0.102679459	0.0	125881360	0	0	0.005980292	3.17138671875
FULLT	run4	hmm	-1	0	1.439349889755249	0	0	0	0	0	0	0
FULLT	run4	hmm	0	0	13.214327583	13.206806125	0.393275501	3621151168	13	2	0.006128334	3.5576171875
FULLT	run4	hmm	20	1	0.06645525	0.065914458	0.0	88273456	0	0	0.006312458	4.9853515625
FULLT	run4	hmm	40	1	0.117639542	0.116595542	0.0	155554128	0	0	0.006216875	4.9853515625
FULLT	run4	hmm	20	2	0.066305583	0.065767042	0.0	88273456	0	0	0.006340625	4.90625
FULLT	run4	hmm	40	2	0.118399542	0.11744025	0.0	155554128	0	0	0.00633275	4.90625
FULLT	run4	hmm	20	3	0.068318375	0.067754417	0.0	88273456	0	0	0.006403833	4.90625
FULLT	run4	hmm	40	3	0.115546	0.114555042	0.0	155554128	0	0	0.006312667	4.90625
FULLT	run4	hmm	20	4	0.065289834	0.064742917	0.0	88273456	0	0	0.006367292	4.90625
FULLT	run4	hmm	40	4	0.116485833	0.115513916	0.0	155554128	0	0	0.00635825	4.90625
FULLT	run4	hmm	20	5	0.066998542	0.066443542	0.0	88273456	0	0	0.006545583	4.90625
FULLT	run4	hmm	40	5	0.118560792	0.117601541	0.0	155554128	0	0	0.006361083	4.90625
FULLT	run4	hmm	20	6	0.064728791	0.064177875	0.0	88273456	0	0	0.006405791	4.90625
FULLT	run4	hmm	40	6	0.116221208	0.115243417	0.0	155554128	0	0	0.006327333	4.90625
FULLT	run4	hmm	20	7	0.065070375	0.0645275	0.0	88273456	0	0	0.006348166	4.90625
FULLT	run4	hmm	40	7	0.117860458	0.116888833	0.0	155554128	0	0	0.00643575	4.90625
FULLT	run4	hmm	20	8	0.066490625	0.065940833	0.0	88273744	0	0	0.006403542	4.90625
FULLT	run4	hmm	40	8	0.121913625	0.120930417	0.0	155554128	0	0	0.006505208	4.90625
FULLT	run4	hmm	20	9	0.067587875	0.067033667	0.0	88273456	0	0	0.006429792	4.90625
FULLT	run4	hmm	40	9	0.117227375	0.116183833	0.0	155554128	0	0	0.006357542	4.90625
FULLT	run4	hmm	20	10	0.065734208	0.065177834	0.0	88273456	0	0	0.006263792	4.90625
FULLT	run4	hmm	40	10	0.11461225	0.113646709	0.0	155554128	0	0	0.00646	4.90625
FULLT	run4	hmm	20	11	0.065052917	0.064506291	0.0	88273456	0	0	0.006311459	4.90625
FULLT	run4	hmm	40	11	0.117346209	0.116362208	0.0	155554128	0	0	0.006273375	4.90625
FULLT	run5	hmm	-1	0	1.4501268863677979	0	0	0	0	0	0	0
FULLT	run5	hmm	0	0	13.376731458	13.374546416	0.307569708	3621174544	12	2	0.006173417	4.77294921875
FULLT	run5	hmm	20	1	0.065760209	0.065207209	0.0	88273456	0	0	0.006275959	4.30615234375
FULLT	run5	hmm	40	1	0.112590958	0.111650417	0.0	155554128	0	0	0.006366292	4.30615234375
FULLT	run5	hmm	20	2	0.063452167	0.062917167	0.0	88273456	0	0	0.006182167	4.30615234375
FULLT	run5	hmm	40	2	0.115251667	0.114298333	0.0	155554128	0	0	0.006176125	4.30615234375
FULLT	run5	hmm	20	3	0.063780125	0.063226	0.0	88273456	0	0	0.006231792	4.30615234375
FULLT	run5	hmm	40	3	0.113567417	0.112600334	0.0	155554128	0	0	0.006325791	4.30615234375
FULLT	run5	hmm	20	4	0.063511083	0.062972	0.0	88273456	0	0	0.006298792	4.30615234375
FULLT	run5	hmm	40	4	0.112337	0.111330084	0.0	155554128	0	0	0.006398334	4.30615234375
FULLT	run5	hmm	20	5	0.064919083	0.064358667	0.0	88273456	0	0	0.00646625	4.30615234375
FULLT	run5	hmm	40	5	0.115068	0.114115292	0.0	155554128	0	0	0.006327292	4.30615234375
FULLT	run5	hmm	20	6	0.066985916	0.066419458	0.0	88273456	0	0	0.006569625	4.30615234375
FULLT	run5	hmm	40	6	0.111476708	0.110535042	0.0	155554128	0	0	0.00620025	4.30615234375
FULLT	run5	hmm	20	7	0.06491425	0.064368417	0.0	88273456	0	0	0.006615542	4.30615234375
FULLT	run5	hmm	40	7	0.114361667	0.113383125	0.0	155554128	0	0	0.00630675	4.30615234375
FULLT	run5	hmm	20	8	0.064875292	0.064316375	0.0	88273744	0	0	0.006360458	4.30615234375
FULLT	run5	hmm	40	8	0.113350125	0.112388708	0.0	155554128	0	0	0.006405041	4.30615234375
FULLT	run5	hmm	20	9	0.06454975	0.064001208	0.0	88273456	0	0	0.006382083	4.30615234375
FULLT	run5	hmm	40	9	0.112845291	0.111860375	0.0	155554128	0	0	0.006382583	4.30615234375
FULLT	run5	hmm	20	10	0.064355792	0.063807125	0.0	88273456	0	0	0.006380875	4.30615234375
FULLT	run5	hmm	40	10	0.113886459	0.11290525	0.0	155554128	0	0	0.006420208	4.30615234375
FULLT	run5	hmm	20	11	0.064311708	0.063779125	0.0	88273456	0	0	0.006087333	4.30615234375
FULLT	run5	hmm	40	11	0.111832417	0.110870042	0.0	155554128	0	0	0.00616175	4.30615234375
v6	run5	hmm	-1	0	1.5306241512298584	0	0	0	0	0	0	0
v6	run5	hmm	0	0	10.316586291	10.314007041	0.248527541	2742763600	11	1	0.006099834	4.02490234375
v6	run5	hmm	20	1	0.06012	0.059667666	0.0	71724208	0	0	0.006011958	3.71923828125
v6	run5	hmm	40	1	0.1064075	0.105567917	0.0	125881360	0	0	0.006209959	3.71923828125
v6	run5	hmm	20	2	0.061116917	0.060675958	0.0	71724208	0	0	0.006382458	3.71923828125
v6	run5	hmm	40	2	0.108270291	0.107450625	0.0	125881360	0	0	0.006011709	3.71923828125
v6	run5	hmm	20	3	0.058505084	0.058080334	0.0	71724208	0	0	0.006011	3.71923828125
v6	run5	hmm	40	3	0.10909875	0.108253458	0.0	125881360	0	0	0.006068209	3.71923828125
v6	run5	hmm	20	4	0.058030708	0.057605584	0.0	71724208	0	0	0.006098208	3.71923828125
v6	run5	hmm	40	4	0.109072167	0.108219583	0.0	125881360	0	0	0.006679208	3.71923828125
v6	run5	hmm	20	5	0.060135583	0.059688625	0.0	71724208	0	0	0.006388625	3.71923828125
v6	run5	hmm	40	5	0.109811083	0.108929125	0.0	125881360	0	0	0.006054625	3.71923828125
v6	run5	hmm	20	6	0.058986334	0.05855425	0.0	71724208	0	0	0.006062458	3.71923828125
v6	run5	hmm	40	6	0.109544875	0.108692625	0.0	125881360	0	0	0.006252334	3.71923828125
v6	run5	hmm	20	7	0.063077208	0.062641833	0.0	71724208	0	0	0.006105833	3.58154296875
v6	run5	hmm	40	7	0.106110583	0.105253042	0.0	125881360	0	0	0.006202292	3.58154296875
v6	run5	hmm	20	8	0.059144667	0.058709	0.0	71724208	0	0	0.00607175	3.58154296875
v6	run5	hmm	40	8	0.107279792	0.106450959	0.0	125881360	0	0	0.006110958	3.58154296875
v6	run5	hmm	20	9	0.058651458	0.058211334	0.0	71724208	0	0	0.006154875	3.58154296875
v6	run5	hmm	40	9	0.108658792	0.10779675	0.0	125881360	0	0	0.006156791	3.58154296875
v6	run5	hmm	20	10	0.057666667	0.057234709	0.0	71724208	0	0	0.006053375	3.58154296875
v6	run5	hmm	40	10	0.109643542	0.10879325	0.0	125881360	0	0	0.006336625	3.58154296875
v6	run5	hmm	20	11	0.05799	0.057552875	0.0	71724208	0	0	0.006462334	3.58154296875
v6	run5	hmm	40	11	0.108135625	0.107290542	0.0	125881360	0	0	0.006261541	3.58154296875
FULLT	run1	gmm	-1	0	1.4026260375976562	0	0	0	0	0	0	0
FULLT	run1	gmm	0	0	10.141692875	10.140918458	0.235599209	2808053968	9	1	0.006151042	3.61474609375
FULLT	run1	gmm	20	1	0.08564325	0.085632542	0.0	83805504	0	0	0.006667459	3.484375
FULLT	run1	gmm	40	1	0.125063333	0.125031333	0.0	122831520	0	0	0.006618208	3.484375
FULLT	run1	gmm	20	2	0.082478166	0.082477958	0.0	83805504	0	0	0.006190292	3.484375
FULLT	run1	gmm	40	2	0.124131084	0.12413275	0.0	122831520	0	0	0.006312958	3.484375
FULLT	run1	gmm	20	3	0.082069584	0.082072	0.0	83805504	0	0	0.006449959	3.484375
FULLT	run1	gmm	40	3	0.123993417	0.123995208	0.0	122831520	0	0	0.006724125	3.484375
FULLT	run1	gmm	20	4	0.081202541	0.081204792	0.0	83805504	0	0	0.006312	3.484375
FULLT	run1	gmm	40	4	0.127266208	0.127248375	0.0	122831520	0	0	0.00654625	3.484375
FULLT	run1	gmm	20	5	0.080032792	0.08003025	0.0	83805504	0	0	0.006112041	3.484375
FULLT	run1	gmm	40	5	0.122524375	0.122520792	0.0	122831520	0	0	0.006223	3.484375
FULLT	run1	gmm	20	6	0.080916416	0.08089825	0.0	83805504	0	0	0.006504542	3.484375
FULLT	run1	gmm	40	6	0.129072875	0.129067958	0.0	122831520	0	0	0.006283417	3.484375
FULLT	run1	gmm	20	7	0.079504917	0.079506083	0.0	83805504	0	0	0.006432291	3.484375
FULLT	run1	gmm	40	7	0.124779042	0.124773209	0.0	122831520	0	0	0.006553917	3.484375
FULLT	run1	gmm	20	8	0.080796709	0.080791417	0.0	83805792	0	0	0.0062615	3.484375
FULLT	run1	gmm	40	8	0.126386667	0.126379167	0.0	122831520	0	0	0.006366792	3.484375
FULLT	run1	gmm	20	9	0.081873875	0.081869792	0.0	83805504	0	0	0.006211917	3.484375
FULLT	run1	gmm	40	9	0.124986166	0.1249865	0.0	122831520	0	0	0.006404333	3.484375
FULLT	run1	gmm	20	10	0.081703041	0.081705542	0.0	83805504	0	0	0.006295667	3.484375
FULLT	run1	gmm	40	10	0.124999208	0.124992167	0.0	122831520	0	0	0.006601917	3.484375
FULLT	run1	gmm	20	11	0.07996625	0.079968	0.0	83805504	0	0	0.006376917	3.484375
FULLT	run1	gmm	40	11	0.129447	0.129444083	0.0	122831520	0	0	0.006372334	3.484375
v6	run1	gmm	-1	0	1.543604850769043	0	0	0	0	0	0	0
v6	run1	gmm	0	0	8.06684025	8.066339625	0.197457209	2129197600	8	1	0.006321625	3.255859375
v6	run1	gmm	20	1	0.070643917	0.070640542	0.0	71027984	0	0	0.006508917	3.0625
v6	run1	gmm	40	1	0.118506834	0.1185025	0.0	109135920	0	0	0.006508542	3.0625
v6	run1	gmm	20	2	0.071064208	0.07106125	0.0	71027984	0	0	0.006370875	3.0625
v6	run1	gmm	40	2	0.119666125	0.119663292	0.0	109135920	0	0	0.006498833	3.0625
v6	run1	gmm	20	3	0.069790959	0.069785709	0.0	71027984	0	0	0.006423209	3.0625
v6	run1	gmm	40	3	0.118307792	0.118309875	0.0	109135920	0	0	0.006455625	3.0625
v6	run1	gmm	20	4	0.068407125	0.068409542	0.0	71027984	0	0	0.0063615	3.0625
v6	run1	gmm	40	4	0.117455333	0.117450875	0.0	109135920	0	0	0.006371333	3.05712890625
v6	run1	gmm	20	5	0.068909792	0.068905333	0.0	71027984	0	0	0.006365708	3.05712890625
v6	run1	gmm	40	5	0.118171833	0.118157291	0.0	109135920	0	0	0.006497125	3.05712890625
v6	run1	gmm	20	6	0.069858542	0.069860625	0.0	71027984	0	0	0.006410875	3.05712890625
v6	run1	gmm	40	6	0.11806175	0.118054875	0.0	109135920	0	0	0.006173959	3.05712890625
v6	run1	gmm	20	7	0.066716834	0.066718958	0.0	71027984	0	0	0.006214875	3.05712890625
v6	run1	gmm	40	7	0.119273959	0.119268083	0.0	109135920	0	0	0.006292875	3.05712890625
v6	run1	gmm	20	8	0.067381792	0.0673765	0.0	71027984	0	0	0.006333792	3.05712890625
v6	run1	gmm	40	8	0.118324125	0.118318708	0.0	109135920	0	0	0.006376375	3.05712890625
v6	run1	gmm	20	9	0.065938875	0.065944167	0.0	71027984	0	0	0.00640875	3.05712890625
v6	run1	gmm	40	9	0.11846475	0.118462459	0.0	109135920	0	0	0.006389792	3.05712890625
v6	run1	gmm	20	10	0.068097583	0.068100083	0.0	71027984	0	0	0.006498833	3.05712890625
v6	run1	gmm	40	10	0.120848708	0.120827958	0.0	109135920	0	0	0.006391208	3.05712890625
v6	run1	gmm	20	11	0.0692685	0.069267416	0.0	71027984	0	0	0.006682083	3.05712890625
v6	run1	gmm	40	11	0.119265958	0.119260958	0.0	109135920	0	0	0.006354375	3.05712890625
v6	run2	gmm	-1	0	1.5361099243164062	0	0	0	0	0	0	0
v6	run2	gmm	0	0	7.552188375	7.550805291	0.18453346	2129161856	8	1	0.006108166	2.81396484375
v6	run2	gmm	20	1	0.064129875	0.064123125	0.0	71027984	0	0	0.00599525	2.69482421875
v6	run2	gmm	40	1	0.112608875	0.112611125	0.0	109135920	0	0	0.006045958	2.69482421875
v6	run2	gmm	20	2	0.063426542	0.063428	0.0	71027984	0	0	0.006119417	2.69482421875
v6	run2	gmm	40	2	0.111564416	0.11157075	0.0	109135920	0	0	0.006111083	2.69482421875
v6	run2	gmm	20	3	0.064781167	0.06478275	0.0	71027984	0	0	0.005989875	2.69482421875
v6	run2	gmm	40	3	0.111853709	0.111843875	0.0	109135920	0	0	0.0060735	2.69482421875
v6	run2	gmm	20	4	0.06323825	0.063240125	0.0	71027984	0	0	0.00593525	2.69482421875
v6	run2	gmm	40	4	0.112013333	0.112005916	0.0	109135920	0	0	0.006108292	2.69482421875
v6	run2	gmm	20	5	0.06402175	0.064012791	0.0	71027984	0	0	0.006017708	2.69482421875
v6	run2	gmm	40	5	0.111331917	0.111323583	0.0	109135920	0	0	0.005999791	2.69482421875
v6	run2	gmm	20	6	0.064677958	0.064679916	0.0	71027984	0	0	0.006044875	2.69482421875
v6	run2	gmm	40	6	0.113650125	0.1136415	0.0	109135920	0	0	0.00610075	2.69482421875
v6	run2	gmm	20	7	0.064754417	0.064749708	0.0	71027984	0	0	0.0060655	2.69482421875
v6	run2	gmm	40	7	0.113168167	0.113171416	0.0	109135920	0	0	0.005966542	2.69482421875
v6	run2	gmm	20	8	0.0641885	0.064180708	0.0	71027984	0	0	0.0061315	2.69482421875
v6	run2	gmm	40	8	0.112011	0.11198875	0.0	109135920	0	0	0.006035	2.69482421875
v6	run2	gmm	20	9	0.064275208	0.064266666	0.0	71027984	0	0	0.006036333	2.69482421875
v6	run2	gmm	40	9	0.112405458	0.112408083	0.0	109135920	0	0	0.005973458	2.69482421875
v6	run2	gmm	20	10	0.064084208	0.064086	0.0	71027984	0	0	0.006115958	2.69482421875
v6	run2	gmm	40	10	0.111113709	0.111106208	0.0	109135920	0	0	0.006196458	2.69482421875
v6	run2	gmm	20	11	0.064029167	0.064028708	0.0	71027984	0	0	0.005996625	2.69482421875
v6	run2	gmm	40	11	0.111917542	0.111909708	0.0	109135920	0	0	0.006136958	2.69482421875
FULLT	run2	gmm	-1	0	1.3383288383483887	0	0	0	0	0	0	0
FULLT	run2	gmm	0	0	9.616625208	9.615440666	0.238578126	2808063760	9	1	0.006097209	2.587890625
FULLT	run2	gmm	20	1	0.074344041	0.074346125	0.0	83805504	0	0	0.006067375	2.5771484375
FULLT	run2	gmm	40	1	0.113097834	0.11309075	0.0	122831520	0	0	0.006021417	2.5771484375
FULLT	run2	gmm	20	2	0.074710584	0.074715125	0.0	83805504	0	0	0.006046208	2.5771484375
FULLT	run2	gmm	40	2	0.114250208	0.114246292	0.0	122831520	0	0	0.006107	2.5771484375
FULLT	run2	gmm	20	3	0.073048792	0.073050792	0.0	83805504	0	0	0.006037291	2.5771484375
FULLT	run2	gmm	40	3	0.112471708	0.112473542	0.0	122831520	0	0	0.005927833	2.5771484375
FULLT	run2	gmm	20	4	0.073169042	0.073171458	0.0	83805504	0	0	0.005998625	2.5771484375
FULLT	run2	gmm	40	4	0.11502125	0.114998292	0.0	122831520	0	0	0.006078791	2.5771484375
FULLT	run2	gmm	20	5	0.07310975	0.073102084	0.0	83805504	0	0	0.006124917	2.5771484375
FULLT	run2	gmm	40	5	0.113617417	0.113610042	0.0	122831520	0	0	0.006018125	2.45068359375
FULLT	run2	gmm	20	6	0.072488417	0.072481791	0.0	83805504	0	0	0.00601125	2.45068359375
FULLT	run2	gmm	40	6	0.113830167	0.113832625	0.0	122831520	0	0	0.006105167	2.45068359375
FULLT	run2	gmm	20	7	0.072872334	0.072874417	0.0	83805504	0	0	0.006066208	2.45068359375
FULLT	run2	gmm	40	7	0.113574708	0.113566875	0.0	122831520	0	0	0.00599025	2.45068359375
FULLT	run2	gmm	20	8	0.074734834	0.074725375	0.0	83805792	0	0	0.005978375	2.45068359375
FULLT	run2	gmm	40	8	0.115352	0.115343708	0.0	122831520	0	0	0.006115666	2.45068359375
FULLT	run2	gmm	20	9	0.073359542	0.073350125	0.0	83805504	0	0	0.006041291	2.45068359375
FULLT	run2	gmm	40	9	0.114349375	0.114342625	0.0	122831520	0	0	0.006037875	2.45068359375
FULLT	run2	gmm	20	10	0.072114291	0.07211675	0.0	83805504	0	0	0.0059905	2.45068359375
FULLT	run2	gmm	40	10	0.114674334	0.114673084	0.0	122831520	0	0	0.006059125	2.45068359375
FULLT	run2	gmm	20	11	0.074576459	0.074568917	0.0	83805504	0	0	0.006013166	2.45068359375
FULLT	run2	gmm	40	11	0.1133465	0.1133215	0.0	122831520	0	0	0.006065042	2.45068359375
FULLT	run3	gmm	-1	0	1.333240032196045	0	0	0	0	0	0	0
FULLT	run3	gmm	0	0	9.537775334	9.537041542	0.228063874	2808093280	10	1	0.006057333	2.33447265625
FULLT	run3	gmm	20	1	0.074990625	0.074992292	0.0	83805504	0	0	0.006148916	2.3154296875
FULLT	run3	gmm	40	1	0.118474334	0.118465916	0.0	122831520	0	0	0.006088417	2.3154296875
FULLT	run3	gmm	20	2	0.074607917	0.07461	0.0	83805504	0	0	0.005946334	2.3154296875
FULLT	run3	gmm	40	2	0.115955417	0.11594725	0.0	122831520	0	0	0.006002917	2.3154296875
FULLT	run3	gmm	20	3	0.074426625	0.074412167	0.0	83805504	0	0	0.006048083	2.3154296875
FULLT	run3	gmm	40	3	0.117573417	0.117565291	0.0	122831520	0	0	0.006035292	2.3154296875
FULLT	run3	gmm	20	4	0.074953083	0.074944417	0.0	83805504	0	0	0.006044375	2.3154296875
FULLT	run3	gmm	40	4	0.117835042	0.117827459	0.0	122831520	0	0	0.006050375	2.3154296875
FULLT	run3	gmm	20	5	0.074305583	0.074297417	0.0	83805504	0	0	0.006037417	2.3154296875
FULLT	run3	gmm	40	5	0.116200958	0.116193125	0.0	122831520	0	0	0.006023041	2.3154296875
FULLT	run3	gmm	20	6	0.07529825	0.075289	0.0	83805504	0	0	0.006050042	2.3154296875
FULLT	run3	gmm	40	6	0.116404792	0.116405792	0.0	122831520	0	0	0.006108625	2.3154296875
FULLT	run3	gmm	20	7	0.07485975	0.074852917	0.0	83805504	0	0	0.006038041	2.3154296875
FULLT	run3	gmm	40	7	0.116176208	0.116167209	0.0	122831520	0	0	0.006018291	2.3154296875
FULLT	run3	gmm	20	8	0.074697083	0.074698917	0.0	83805792	0	0	0.005908917	2.3154296875
FULLT	run3	gmm	40	8	0.115417875	0.115409667	0.0	122831520	0	0	0.006058958	2.3154296875
FULLT	run3	gmm	20	9	0.075105	0.075106542	0.0	83805504	0	0	0.006044417	2.3154296875
FULLT	run3	gmm	40	9	0.117254542	0.117246916	0.0	122831520	0	0	0.00618175	2.3154296875
FULLT	run3	gmm	20	10	0.075003875	0.075005291	0.0	83805504	0	0	0.005941792	2.4501953125
FULLT	run3	gmm	40	10	0.116438416	0.11643175	0.0	122831520	0	0	0.006054917	2.4501953125
FULLT	run3	gmm	20	11	0.075136625	0.075128792	0.0	83805504	0	0	0.006024167	2.4501953125
FULLT	run3	gmm	40	11	0.115732833	0.115725542	0.0	122831520	0	0	0.006042084	2.4501953125
v6	run3	gmm	-1	0	1.4455349445343018	0	0	0	0	0	0	0
v6	run3	gmm	0	0	8.391866708	8.384274125	0.214221333	2129206752	8	1	0.006704334	2.494140625
v6	run3	gmm	20	1	0.066968708	0.066960458	0.0	71027984	0	0	0.006216708	2.96533203125
v6	run3	gmm	40	1	0.114843542	0.114825833	0.0	109135920	0	0	0.00617175	2.96533203125
v6	run3	gmm	20	2	0.068633333	0.068635083	0.0	71027984	0	0	0.006162	2.96533203125
v6	run3	gmm	40	2	0.1145175	0.114520125	0.0	109135920	0	0	0.0061485	2.96533203125
v6	run3	gmm	20	3	0.065682875	0.065685458	0.0	71027984	0	0	0.00609625	2.96533203125
v6	run3	gmm	40	3	0.13238575	0.132303292	0.0	109135920	0	0	0.006522	2.96533203125
v6	run3	gmm	20	4	0.078408666	0.078387208	0.0	71027984	0	0	0.006819875	3.1279296875
v6	run3	gmm	40	4	0.146528541	0.146441875	0.0	109135920	0	0	0.006668917	3.1279296875
v6	run3	gmm	20	5	0.077298583	0.077255834	0.0	71027984	0	0	0.00667075	3.1279296875
v6	run3	gmm	40	5	0.137877667	0.137815834	0.0	109135920	0	0	0.00677325	3.1279296875
v6	run3	gmm	20	6	0.081192666	0.08115475	0.0	71027984	0	0	0.006705	3.1279296875
v6	run3	gmm	40	6	0.140378125	0.14031725	0.0	109135920	0	0	0.006612709	3.1279296875
v6	run3	gmm	20	7	0.074271334	0.074240584	0.0	71027984	0	0	0.006581709	3.1279296875
v6	run3	gmm	40	7	0.134707542	0.134654875	0.0	109135920	0	0	0.006696375	3.1279296875
v6	run3	gmm	20	8	0.0758085	0.075759125	0.0	71027984	0	0	0.006228209	3.1279296875
v6	run3	gmm	40	8	0.131980625	0.131911834	0.0	109135920	0	0	0.006092375	3.1279296875
v6	run3	gmm	20	9	0.06548075	0.065485291	0.0	71027984	0	0	0.00622625	3.1279296875
v6	run3	gmm	40	9	0.12872025	0.128666333	0.0	109135920	0	0	0.006691334	3.1279296875
v6	run3	gmm	20	10	0.08163675	0.081588958	0.0	71027984	0	0	0.006659083	3.1279296875
v6	run3	gmm	40	10	0.160893417	0.160760625	0.0	109135920	0	0	0.006078791	3.1279296875
v6	run3	gmm	20	11	0.084167083	0.084123	0.0	71027984	0	0	0.006269167	3.1279296875
v6	run3	gmm	40	11	0.154846625	0.154751667	0.0	109135920	0	0	0.006673208	3.1279296875
v6	run4	gmm	-1	0	1.5166230201721191	0	0	0	0	0	0	0
v6	run4	gmm	0	0	7.47856	7.477473875	0.184918082	2129173184	8	1	0.006060541	3.31640625
v6	run4	gmm	20	1	0.062011958	0.062014083	0.0	71027984	0	0	0.006085625	3.0400390625
v6	run4	gmm	40	1	0.108849708	0.108851125	0.0	109135920	0	0	0.005967791	3.0400390625
v6	run4	gmm	20	2	0.061846084	0.061836875	0.0	71027984	0	0	0.006087375	3.0400390625
v6	run4	gmm	40	2	0.107068083	0.107058625	0.0	109135920	0	0	0.006059125	3.0400390625
v6	run4	gmm	20	3	0.062217875	0.062222167	0.0	71027984	0	0	0.005978125	3.0400390625
v6	run4	gmm	40	3	0.108129125	0.108123083	0.0	109135920	0	0	0.005977209	3.0400390625
v6	run4	gmm	20	4	0.061759792	0.061751542	0.0	71027984	0	0	0.006072291	3.0400390625
v6	run4	gmm	40	4	0.108851042	0.1088425	0.0	109135920	0	0	0.006059042	3.0400390625
v6	run4	gmm	20	5	0.061628083	0.061620291	0.0	71027984	0	0	0.006220958	3.0400390625
v6	run4	gmm	40	5	0.107950416	0.107942417	0.0	109135920	0	0	0.00608675	3.0400390625
v6	run4	gmm	20	6	0.062617	0.062618584	0.0	71027984	0	0	0.005972083	3.0400390625
v6	run4	gmm	40	6	0.108076666	0.108078792	0.0	109135920	0	0	0.006164459	3.0400390625
v6	run4	gmm	20	7	0.061879542	0.061881208	0.0	71027984	0	0	0.005967792	3.0400390625
v6	run4	gmm	40	7	0.109674	0.109675833	0.0	109135920	0	0	0.0060575	3.0400390625
v6	run4	gmm	20	8	0.06230075	0.062303292	0.0	71027984	0	0	0.006004292	3.0400390625
v6	run4	gmm	40	8	0.110689959	0.110641666	0.0	109135920	0	0	0.00605625	3.0400390625
v6	run4	gmm	20	9	0.062947875	0.062949584	0.0	71027984	0	0	0.006073292	3.0400390625
v6	run4	gmm	40	9	0.108528291	0.108518042	0.0	109135920	0	0	0.006026	3.0400390625
v6	run4	gmm	20	10	0.062212792	0.062209	0.0	71027984	0	0	0.006089791	3.0400390625
v6	run4	gmm	40	10	0.128117584	0.127624084	0.0	109135920	0	0	0.006025125	3.0400390625
v6	run4	gmm	20	11	0.062703541	0.062700334	0.0	71027984	0	0	0.006015166	3.0400390625
v6	run4	gmm	40	11	0.11360775	0.113538916	0.0	109135920	0	0	0.006142458	3.0400390625
FULLT	run4	gmm	-1	0	1.4223120212554932	0	0	0	0	0	0	0
FULLT	run4	gmm	0	0	9.533786208	9.533060667	0.233315917	2808085472	9	1	0.005896458	3.0400390625
FULLT	run4	gmm	20	1	0.0726415	0.07263425	0.0	83805504	0	0	0.006015625	2.88623046875
FULLT	run4	gmm	40	1	0.112313541	0.112305208	0.0	122831520	0	0	0.006056375	2.88623046875
FULLT	run4	gmm	20	2	0.072835584	0.072840291	0.0	83805504	0	0	0.006047292	2.88623046875
FULLT	run4	gmm	40	2	0.113454292	0.113445625	0.0	122831520	0	0	0.006104167	2.88623046875
FULLT	run4	gmm	20	3	0.072955708	0.072947125	0.0	83805504	0	0	0.005998084	2.88623046875
FULLT	run4	gmm	40	3	0.114182667	0.114185791	0.0	122831520	0	0	0.00611	2.73486328125
FULLT	run4	gmm	20	4	0.072443958	0.072436834	0.0	83805504	0	0	0.0061525	2.73486328125
FULLT	run4	gmm	40	4	0.11259375	0.112587625	0.0	122831520	0	0	0.0060035	2.73486328125
FULLT	run4	gmm	20	5	0.073619208	0.073611	0.0	83805504	0	0	0.006041542	2.73486328125
FULLT	run4	gmm	40	5	0.113405	0.113407209	0.0	122831520	0	0	0.006067417	2.73486328125
FULLT	run4	gmm	20	6	0.072681833	0.072677458	0.0	83805504	0	0	0.005991209	2.73486328125
FULLT	run4	gmm	40	6	0.1140335	0.114026459	0.0	122831520	0	0	0.006052583	2.73486328125
FULLT	run4	gmm	20	7	0.073422	0.073413291	0.0	83805504	0	0	0.006024958	2.73486328125
FULLT	run4	gmm	40	7	0.111606625	0.11159675	0.0	122831520	0	0	0.005961375	2.73486328125
FULLT	run4	gmm	20	8	0.074585	0.074577291	0.0	83805792	0	0	0.006051042	2.73486328125
FULLT	run4	gmm	40	8	0.121280208	0.121242583	0.0	122831520	0	0	0.006392084	2.73486328125
FULLT	run4	gmm	20	9	0.075556167	0.075551958	0.0	83805504	0	0	0.006017667	2.73486328125
FULLT	run4	gmm	40	9	0.113574291	0.113566417	0.0	122831520	0	0	0.006076708	2.73486328125
FULLT	run4	gmm	20	10	0.07453275	0.074524542	0.0	83805504	0	0	0.005987958	2.73486328125
FULLT	run4	gmm	40	10	0.112792708	0.112784542	0.0	122831520	0	0	0.006107833	2.73486328125
FULLT	run4	gmm	20	11	0.073287709	0.073280042	0.0	83805504	0	0	0.0060275	2.73486328125
FULLT	run4	gmm	40	11	0.114835916	0.114827708	0.0	122831520	0	0	0.006172542	2.73486328125
FULLT	run5	gmm	-1	0	1.3424079418182373	0	0	0	0	0	0	0
FULLT	run5	gmm	0	0	9.548787541	9.548005375	0.227070415	2808060928	10	1	0.006005708	2.4677734375
FULLT	run5	gmm	20	1	0.074574709	0.074567	0.0	83805504	0	0	0.006082459	2.32177734375
FULLT	run5	gmm	40	1	0.1122535	0.112244584	0.0	122831520	0	0	0.00597325	2.32177734375
FULLT	run5	gmm	20	2	0.073134833	0.073127417	0.0	83805504	0	0	0.0060185	2.32177734375
FULLT	run5	gmm	40	2	0.111161292	0.11115225	0.0	122831520	0	0	0.006044542	2.32177734375
FULLT	run5	gmm	20	3	0.075012375	0.075014375	0.0	83805504	0	0	0.005975834	2.32177734375
FULLT	run5	gmm	40	3	0.122580542	0.122555584	0.0	122831520	0	0	0.006182334	2.32177734375
FULLT	run5	gmm	20	4	0.07854675	0.078476041	0.0	83805504	0	0	0.006108375	2.32177734375
FULLT	run5	gmm	40	4	0.112964375	0.112945167	0.0	122831520	0	0	0.006093667	2.32177734375
FULLT	run5	gmm	20	5	0.073893125	0.073895125	0.0	83805504	0	0	0.006067209	2.32177734375
FULLT	run5	gmm	40	5	0.112823875	0.112828208	0.0	122831520	0	0	0.006231667	2.32177734375
FULLT	run5	gmm	20	6	0.074299041	0.074292334	0.0	83805504	0	0	0.0060165	2.32177734375
FULLT	run5	gmm	40	6	0.114580333	0.114556458	0.0	122831520	0	0	0.00601375	2.32177734375
FULLT	run5	gmm	20	7	0.074402041	0.074395417	0.0	83805504	0	0	0.006079708	2.32177734375
FULLT	run5	gmm	40	7	0.111535042	0.111528333	0.0	122831520	0	0	0.006018958	2.32177734375
FULLT	run5	gmm	20	8	0.073023083	0.073024542	0.0	83805792	0	0	0.005959	2.2158203125
FULLT	run5	gmm	40	8	0.112554959	0.112557125	0.0	122831520	0	0	0.006098292	2.2158203125
FULLT	run5	gmm	20	9	0.073511125	0.073496709	0.0	83805504	0	0	0.005955125	2.2158203125
FULLT	run5	gmm	40	9	0.113758458	0.113752542	0.0	122831520	0	0	0.0060365	2.2158203125
FULLT	run5	gmm	20	10	0.072822792	0.072817958	0.0	83805504	0	0	0.005986458	2.2158203125
FULLT	run5	gmm	40	10	0.112633	0.112624792	0.0	122831520	0	0	0.006057	2.2158203125
FULLT	run5	gmm	20	11	0.073143584	0.073147792	0.0	83805504	0	0	0.006156042	2.2158203125
FULLT	run5	gmm	40	11	0.113384	0.11337775	0.0	122831520	0	0	0.005932042	2.2158203125
v6	run5	gmm	-1	0	1.4595811367034912	0	0	0	0	0	0	0
v6	run5	gmm	0	0	7.546228667	7.545177125	0.209344833	2129140272	8	1	0.006140084	2.1181640625
v6	run5	gmm	20	1	0.062619167	0.062632042	0.0	71027984	0	0	0.005990542	2.240234375
v6	run5	gmm	40	1	0.109802084	0.1097945	0.0	109135920	0	0	0.005995	2.240234375
v6	run5	gmm	20	2	0.062948209	0.062949875	0.0	71027984	0	0	0.0060175	2.240234375
v6	run5	gmm	40	2	0.110272916	0.110270209	0.0	109135920	0	0	0.006048625	2.240234375
v6	run5	gmm	20	3	0.064999208	0.064992958	0.0	71027984	0	0	0.006029292	2.240234375
v6	run5	gmm	40	3	0.110893042	0.110883625	0.0	109135920	0	0	0.006095583	2.240234375
v6	run5	gmm	20	4	0.065084916	0.065076708	0.0	71027984	0	0	0.006066083	2.240234375
v6	run5	gmm	40	4	0.109322541	0.109313041	0.0	109135920	0	0	0.006131375	2.140625
v6	run5	gmm	20	5	0.062935625	0.062937458	0.0	71027984	0	0	0.005945334	2.140625
v6	run5	gmm	40	5	0.110825875	0.110817334	0.0	109135920	0	0	0.0060555	2.140625
v6	run5	gmm	20	6	0.062503833	0.06249625	0.0	71027984	0	0	0.006141916	2.140625
v6	run5	gmm	40	6	0.110365459	0.110357083	0.0	109135920	0	0	0.006014167	2.140625
v6	run5	gmm	20	7	0.062598667	0.062600125	0.0	71027984	0	0	0.006102917	2.140625
v6	run5	gmm	40	7	0.1103065	0.110308583	0.0	109135920	0	0	0.005970458	2.140625
v6	run5	gmm	20	8	0.063033041	0.063034041	0.0	71027984	0	0	0.005920041	2.140625
v6	run5	gmm	40	8	0.110584917	0.110576084	0.0	109135920	0	0	0.006055208	2.140625
v6	run5	gmm	20	9	0.064305459	0.064298875	0.0	71027984	0	0	0.006038625	2.140625
v6	run5	gmm	40	9	0.113038083	0.113022792	0.0	109135920	0	0	0.006095917	2.140625
v6	run5	gmm	20	10	0.06266075	0.062652625	0.0	71027984	0	0	0.006069333	2.140625
v6	run5	gmm	40	10	0.111351292	0.111344959	0.0	109135920	0	0	0.006023875	2.140625
v6	run5	gmm	20	11	0.0629085	0.062910542	0.0	71027984	0	0	0.006123708	2.140625
v6	run5	gmm	40	11	0.108709	0.108711375	0.0	109135920	0	0	0.006098792	2.140625
FULLT	run1	linreg	-1	0	1.3380060195922852	0	0	0	0	0	0	0
FULLT	run1	linreg	0	0	10.541873792	10.538361167	0.347790834	3183687888	11	2	0.006041333	2.44482421875
FULLT	run1	linreg	20	1	0.210746708	0.208677917	0.0	201960112	0	0	0.00595075	2.302734375
FULLT	run1	linreg	40	1	0.342231625	0.340197125	0.0	317186448	0	0	0.005976333	2.302734375
FULLT	run1	linreg	20	2	0.20713075	0.205091	0.0	201960112	0	0	0.006050667	2.302734375
FULLT	run1	linreg	40	2	0.340647625	0.338584958	0.0	317186448	0	0	0.006002209	2.302734375
FULLT	run1	linreg	20	3	0.209234542	0.207189459	0.0	201960112	0	0	0.006072667	2.302734375
FULLT	run1	linreg	40	3	0.342385542	0.340317292	0.0	317186448	0	0	0.006022583	2.302734375
FULLT	run1	linreg	20	4	0.205856625	0.203790041	0.0	201960112	0	0	0.006064375	2.302734375
FULLT	run1	linreg	40	4	0.339880375	0.337814875	0.0	317186448	0	0	0.006033667	2.302734375
FULLT	run1	linreg	20	5	0.206491833	0.204432083	0.0	201960112	0	0	0.005941541	2.302734375
FULLT	run1	linreg	40	5	0.405149917	0.402915542	0.0	317186448	0	0	0.006136791	2.302734375
FULLT	run1	linreg	20	6	0.209186667	0.20706675	0.0	201960112	0	0	0.00605525	2.302734375
FULLT	run1	linreg	40	6	0.343365333	0.3413075	0.0	317186448	0	0	0.006072833	2.302734375
FULLT	run1	linreg	20	7	0.212383125	0.210355166	0.0	201960112	0	0	0.0060425	2.1982421875
FULLT	run1	linreg	40	7	0.346078958	0.344046292	0.0	317186448	0	0	0.006048708	2.1982421875
FULLT	run1	linreg	20	8	0.2069325	0.204903209	0.0	201960112	0	0	0.005975583	2.1982421875
FULLT	run1	linreg	40	8	0.342870417	0.340818417	0.0	317186448	0	0	0.006007375	2.1982421875
FULLT	run1	linreg	20	9	0.208266667	0.206220208	0.0	201960112	0	0	0.006039625	2.1982421875
FULLT	run1	linreg	40	9	0.34305725	0.340993875	0.0	317186448	0	0	0.006080791	2.1982421875
FULLT	run1	linreg	20	10	0.208580583	0.206472041	0.0	201960112	0	0	0.005985291	2.1982421875
FULLT	run1	linreg	40	10	0.34550175	0.343420625	0.0	317186448	0	0	0.006007375	2.1982421875
FULLT	run1	linreg	20	11	0.20734525	0.205302125	0.0	201960112	0	0	0.00619075	2.1982421875
FULLT	run1	linreg	40	11	0.342683458	0.340612333	0.0	317186448	0	0	0.006030125	2.1982421875
FULLT	run2	linreg	-1	0	1.338622808456421	0	0	0	0	0	0	0
FULLT	run2	linreg	0	0	10.677722167	10.674075041	0.306500085	3183400416	10	2	0.006074209	2.57421875
FULLT	run2	linreg	20	1	0.214164083	0.212090292	0.0	201960112	0	0	0.006115083	2.37841796875
FULLT	run2	linreg	40	1	0.386585333	0.384505667	0.030035583	317186448	1	0	0.005939417	2.37841796875
FULLT	run2	linreg	20	2	0.209589416	0.207507584	0.0	201960112	0	0	0.006142875	2.37841796875
FULLT	run2	linreg	40	2	0.403965667	0.401451334	0.0	317186448	0	0	0.00597975	2.37841796875
FULLT	run2	linreg	20	3	0.214831833	0.212792166	0.0	201960112	0	0	0.006107375	2.37841796875
FULLT	run2	linreg	40	3	0.345599459	0.343522	0.0	317186448	0	0	0.006105875	2.37841796875
FULLT	run2	linreg	20	4	0.210523583	0.208434792	0.0	201960112	0	0	0.006095834	2.37841796875
FULLT	run2	linreg	40	4	0.347539375	0.345443	0.0	317186448	0	0	0.005984667	2.37841796875
FULLT	run2	linreg	20	5	0.212387667	0.210315417	0.0	201960112	0	0	0.006094084	2.37841796875
FULLT	run2	linreg	40	5	0.350572709	0.348460875	0.0	317186448	0	0	0.006015584	2.37841796875
FULLT	run2	linreg	20	6	0.210812917	0.208752792	0.0	201960112	0	0	0.006000667	2.37841796875
FULLT	run2	linreg	40	6	0.345686667	0.343598125	0.0	317186448	0	0	0.006197625	2.37841796875
FULLT	run2	linreg	20	7	0.216380334	0.214300792	0.0	201960112	0	0	0.006115333	2.267578125
FULLT	run2	linreg	40	7	0.347702125	0.345612792	0.0	317186448	0	0	0.005972375	2.267578125
FULLT	run2	linreg	20	8	0.208062834	0.205999542	0.0	201960112	0	0	0.006267959	2.267578125
FULLT	run2	linreg	40	8	0.350601583	0.348494458	0.0	317186448	0	0	0.005993	2.267578125
FULLT	run2	linreg	20	9	0.208335708	0.206243541	0.0	201960112	0	0	0.005987083	2.267578125
FULLT	run2	linreg	40	9	0.347977542	0.345884959	0.0	317186448	0	0	0.005999209	2.267578125
FULLT	run2	linreg	20	10	0.21081575	0.208762125	0.0	201960112	0	0	0.006050708	2.267578125
FULLT	run2	linreg	40	10	0.352949125	0.350840958	0.0	317186448	0	0	0.006088083	2.267578125
FULLT	run2	linreg	20	11	0.20820225	0.206142875	0.0	201960112	0	0	0.006066041	2.267578125
FULLT	run2	linreg	40	11	0.376216541	0.373947834	0.0	317186448	0	0	0.006023208	2.267578125
FULLT	run3	linreg	-1	0	1.336543083190918	0	0	0	0	0	0	0
FULLT	run3	linreg	0	0	10.814748666	10.810946292	0.356975168	3183698048	11	2	0.007514458	2.60107421875
FULLT	run3	linreg	20	1	0.24091875	0.238831125	0.0	201960112	0	0	0.007463083	2.65576171875
FULLT	run3	linreg	40	1	0.444742	0.442723292	0.0	317186448	0	0	0.007598417	2.65576171875
FULLT	run3	linreg	20	2	0.275244458	0.273151458	0.0	201960112	0	0	0.007500916	2.65576171875
FULLT	run3	linreg	40	2	0.4103585	0.40828575	0.0	317186448	0	0	0.007448333	2.65576171875
FULLT	run3	linreg	20	3	0.271762459	0.269706959	0.0	201960112	0	0	0.007631375	2.65576171875
FULLT	run3	linreg	40	3	0.391783042	0.389691875	0.0	317186448	0	0	0.007820833	2.65576171875
FULLT	run3	linreg	20	4	0.27439	0.272280625	0.0	201960112	0	0	0.007624541	2.65576171875
FULLT	run3	linreg	40	4	0.414802625	0.412696541	0.0	317186448	0	0	0.007655791	2.65576171875
FULLT	run3	linreg	20	5	0.238426792	0.236302417	0.0	201960112	0	0	0.00747675	2.65576171875
FULLT	run3	linreg	40	5	0.410310209	0.408121334	0.0	317186448	0	0	0.007665708	2.92333984375
FULLT	run3	linreg	20	6	0.24607025	0.243961583	0.0	201960112	0	0	0.007796291	2.92333984375
FULLT	run3	linreg	40	6	0.435660667	0.432599791	0.0	317186448	0	0	0.0076745	2.92333984375
FULLT	run3	linreg	20	7	0.241845916	0.239721583	0.0	201960112	0	0	0.008272291	2.92333984375
FULLT	run3	linreg	40	7	0.397240875	0.394940209	0.0	317186448	0	0	0.007420083	2.92333984375
FULLT	run3	linreg	20	8	0.23817575	0.236109584	0.0	201960112	0	0	0.007537041	2.92333984375
FULLT	run3	linreg	40	8	0.399196541	0.397123792	0.0	317186448	0	0	0.007629667	2.92333984375
FULLT	run3	linreg	20	9	0.281742125	0.279726208	0.0	201960112	0	0	0.007559875	2.92333984375
FULLT	run3	linreg	40	9	0.386952167	0.38487925	0.0	317186448	0	0	0.007862542	2.92333984375
FULLT	run3	linreg	20	10	0.24053675	0.238429458	0.0	201960112	0	0	0.007652	2.92333984375
FULLT	run3	linreg	40	10	0.466865125	0.464836917	0.0	317186448	0	0	0.007489334	2.92333984375
FULLT	run3	linreg	20	11	0.240692917	0.238663958	0.0	201960112	0	0	0.007476833	2.92919921875
FULLT	run3	linreg	40	11	0.4464575	0.444364792	0.0	317186448	0	0	0.007364416	2.92919921875
FULLT	run4	linreg	-1	0	1.3544719219207764	0	0	0	0	0	0	0
FULLT	run4	linreg	0	0	10.570745	10.567452666	0.361977875	3183702064	11	2	0.006054917	2.68994140625
FULLT	run4	linreg	20	1	0.269738041	0.267570333	0.0	201960112	0	0	0.005976916	2.650390625
FULLT	run4	linreg	40	1	0.427719792	0.425609	0.0	317186448	0	0	0.006764708	2.650390625
FULLT	run4	linreg	20	2	0.236410292	0.23433375	0.0	201960112	0	0	0.006112291	2.650390625
FULLT	run4	linreg	40	2	0.397359833	0.395266084	0.0	317186448	0	0	0.006089917	2.650390625
FULLT	run4	linreg	20	3	0.23913775	0.237096	0.0	201960112	0	0	0.00604525	2.59814453125
FULLT	run4	linreg	40	3	0.398052792	0.396008375	0.0	317186448	0	0	0.006098166	2.59814453125
FULLT	run4	linreg	20	4	0.238384	0.236233	0.0	201960112	0	0	0.006043917	2.59814453125
FULLT	run4	linreg	40	4	0.441603042	0.439489375	0.0	317186448	0	0	0.006050084	2.59814453125
FULLT	run4	linreg	20	5	0.235129833	0.233131375	0.0	201960112	0	0	0.006120125	2.59814453125
FULLT	run4	linreg	40	5	0.383385917	0.381348291	0.0	317186448	0	0	0.006172333	2.59814453125
FULLT	run4	linreg	20	6	0.247638125	0.245602542	0.0	201960112	0	0	0.006080833	2.59814453125
FULLT	run4	linreg	40	6	0.409171666	0.407094958	0.0	317186448	0	0	0.006132041	2.59814453125
FULLT	run4	linreg	20	7	0.223275166	0.221242	0.0	201960112	0	0	0.006093541	2.59814453125
FULLT	run4	linreg	40	7	0.409392083	0.407283542	0.0	317186448	0	0	0.006087166	2.59814453125
FULLT	run4	linreg	20	8	0.246756041	0.244633417	0.0	201960112	0	0	0.006093833	2.59814453125
FULLT	run4	linreg	40	8	0.424586166	0.422538416	0.0	317186448	0	0	0.006128542	2.59814453125
FULLT	run4	linreg	20	9	0.248888041	0.246791709	0.0	201960112	0	0	0.00614275	2.8701171875
FULLT	run4	linreg	40	9	0.414968708	0.412944666	0.0	317186448	0	0	0.006072667	2.8701171875
FULLT	run4	linreg	20	10	0.243239125	0.241219084	0.0	201960112	0	0	0.006128208	2.8701171875
FULLT	run4	linreg	40	10	0.424180917	0.422148542	0.0	317186448	0	0	0.006122708	2.8701171875
FULLT	run4	linreg	20	11	0.250236916	0.248171333	0.0	201960112	0	0	0.006569667	2.8701171875
FULLT	run4	linreg	40	11	0.425164292	0.422784583	0.0	317186448	0	0	0.006056125	2.8701171875
FULLT	run5	linreg	-1	0	1.4749000072479248	0	0	0	0	0	0	0
FULLT	run5	linreg	0	0	11.141152	11.138039375	0.391921208	3183718768	11	2	0.006127625	2.80029296875
FULLT	run5	linreg	20	1	0.232025833	0.229947875	0.0	201960112	0	0	0.006515166	3.24462890625
FULLT	run5	linreg	40	1	0.382227583	0.380175625	0.0	317186448	0	0	0.006194834	3.24462890625
FULLT	run5	linreg	20	2	0.239337792	0.23726525	0.0	201960112	0	0	0.006312166	3.24462890625
FULLT	run5	linreg	40	2	0.381205833	0.3791275	0.0	317186448	0	0	0.006399875	3.24462890625
FULLT	run5	linreg	20	3	0.243187292	0.241084416	0.0	201960112	0	0	0.006505542	3.24462890625
FULLT	run5	linreg	40	3	0.383381958	0.381310458	0.0	317186448	0	0	0.006138833	3.24462890625
FULLT	run5	linreg	20	4	0.231202	0.229145042	0.0	201960112	0	0	0.006374583	3.24462890625
FULLT	run5	linreg	40	4	0.390503	0.388434291	0.0	317186448	0	0	0.006367	3.24462890625
FULLT	run5	linreg	20	5	0.228049792	0.225939042	0.0	201960112	0	0	0.006574292	3.24462890625
FULLT	run5	linreg	40	5	0.384694125	0.382578417	0.0	317186448	0	0	0.006427792	3.24462890625
FULLT	run5	linreg	20	6	0.233714167	0.23164225	0.0	201960112	0	0	0.006330208	3.24462890625
FULLT	run5	linreg	40	6	0.380575834	0.378525416	0.0	317186448	0	0	0.006344625	3.24462890625
FULLT	run5	linreg	20	7	0.240307875	0.238166666	0.0	201960112	0	0	0.00635975	3.3046875
FULLT	run5	linreg	40	7	0.381353959	0.379269459	0.0	317186448	0	0	0.006598084	3.3046875
FULLT	run5	linreg	20	8	0.233440583	0.2313375	0.0	201960112	0	0	0.00622225	3.3046875
FULLT	run5	linreg	40	8	0.394241584	0.392160041	0.0	317186448	0	0	0.006310916	3.3046875
FULLT	run5	linreg	20	9	0.238832833	0.236724625	0.0	201960112	0	0	0.006220458	3.3046875
FULLT	run5	linreg	40	9	0.378561042	0.376497958	0.0	317186448	0	0	0.006133292	3.3046875
FULLT	run5	linreg	20	10	0.229718917	0.227659667	0.0	201960112	0	0	0.006523333	3.3046875
FULLT	run5	linreg	40	10	0.38672575	0.384668	0.0	317186448	0	0	0.00650325	3.3046875
FULLT	run5	linreg	20	11	0.243357167	0.241327	0.0	201960112	0	0	0.006387042	3.3046875
FULLT	run5	linreg	40	11	0.387458417	0.385344667	0.0	317186448	0	0	0.006474709	3.3046875
FULLT	run1	filter	-1	0	1.4412310123443604	0	0	0	0	0	0	0
FULLT	run1	filter	0	0	6.779295875	6.778867916	0.114724084	1908765456	7	0	0.006370375	3.50927734375
FULLT	run1	filter	1	1	0.00501225	0.005013292	0.0	4033200	0	0	0.006051875	3.54833984375
FULLT	run1	filter	1	2	0.004867417	0.0048685	0.0	4033200	0	0	0.00640075	3.54833984375
FULLT	run1	filter	1	3	0.004969084	0.004970292	0.0	4033200	0	0	0.006275041	3.54833984375
FULLT	run1	filter	1	4	0.005106125	0.005107542	0.0	4033200	0	0	0.006412541	3.54833984375
FULLT	run1	filter	1	5	0.004705	0.0047085	0.0	4033200	0	0	0.006398083	3.54833984375
FULLT	run1	filter	1	6	0.004766209	0.004769875	0.0	4033200	0	0	0.006600167	3.54833984375
FULLT	run1	filter	1	7	0.005006083	0.005007042	0.0	4033200	0	0	0.006352209	3.54833984375
FULLT	run1	filter	1	8	0.004940542	0.004941333	0.0	4033200	0	0	0.006383167	3.54833984375
FULLT	run1	filter	1	9	0.004803666	0.004804375	0.0	4033200	0	0	0.00636	3.54833984375
FULLT	run1	filter	1	10	0.004696375	0.004697166	0.0	4033200	0	0	0.006494	3.54833984375
FULLT	run1	filter	1	11	0.004816375	0.004817417	0.0	4033200	0	0	0.006638167	3.54833984375
v6	run1	filter	-1	0	1.537416934967041	0	0	0	0	0	0	0
v6	run1	filter	0	0	5.130790875	5.130311417	0.085586834	1511570160	6	0	0.006256916	3.63037109375
v6	run1	filter	1	1	0.008236375	0.0082375	0.0	4927296	0	0	0.006238208	3.49951171875
v6	run1	filter	1	2	0.007738916	0.007740333	0.0	4927296	0	0	0.00616875	3.49951171875
v6	run1	filter	1	3	0.007696458	0.0077	0.0	4927296	0	0	0.006151667	3.49951171875
v6	run1	filter	1	4	0.007200542	0.007201291	0.0	4927296	0	0	0.006201708	3.49951171875
v6	run1	filter	1	5	0.007488542	0.00748625	0.0	4927296	0	0	0.006208625	3.49951171875
v6	run1	filter	1	6	0.007389291	0.007390542	0.0	4927296	0	0	0.006180375	3.49951171875
v6	run1	filter	1	7	0.007656792	0.007660667	0.0	4927296	0	0	0.006171792	3.49951171875
v6	run1	filter	1	8	0.007391625	0.0073925	0.0	4927296	0	0	0.006272334	3.49951171875
v6	run1	filter	1	9	0.007747875	0.007748834	0.0	4927296	0	0	0.006233833	3.49951171875
v6	run1	filter	1	10	0.007921459	0.007923375	0.0	4927296	0	0	0.006145709	3.49951171875
v6	run1	filter	1	11	0.007572834	0.007573833	0.0	4927296	0	0	0.006377333	3.49951171875
v6	run2	filter	-1	0	1.5216989517211914	0	0	0	0	0	0	0
v6	run2	filter	0	0	5.257625125	5.25726375	0.085839166	1511579392	6	0	0.0063365	3.49609375
v6	run2	filter	1	1	0.007496	0.007496958	0.0	4927296	0	0	0.00640475	3.4560546875
v6	run2	filter	1	2	0.007218167	0.007221708	0.0	4927296	0	0	0.006158792	3.4560546875
v6	run2	filter	1	3	0.007099291	0.007103208	0.0	4927296	0	0	0.006321166	3.4560546875
v6	run2	filter	1	4	0.006960834	0.006962	0.0	4927296	0	0	0.006303084	3.4560546875
v6	run2	filter	1	5	0.007239042	0.00723975	0.0	4927296	0	0	0.006354916	3.4560546875
v6	run2	filter	1	6	0.007226208	0.007227167	0.0	4927296	0	0	0.006658708	3.4560546875
v6	run2	filter	1	7	0.007328958	0.007329583	0.0	4927296	0	0	0.006375125	3.4560546875
v6	run2	filter	1	8	0.00704	0.007041167	0.0	4927296	0	0	0.0062695	3.4560546875
v6	run2	filter	1	9	0.007160542	0.007164042	0.0	4927296	0	0	0.006345583	3.4560546875
v6	run2	filter	1	10	0.007227167	0.007228208	0.0	4927296	0	0	0.006382958	3.4560546875
v6	run2	filter	1	11	0.007076167	0.007076875	0.0	4927296	0	0	0.006410917	3.4560546875
FULLT	run2	filter	-1	0	1.510293960571289	0	0	0	0	0	0	0
FULLT	run2	filter	0	0	6.429935208	6.421087542	0.110386959	1908777104	7	0	0.005967292	3.23193359375
FULLT	run2	filter	1	1	0.00491775	0.004918667	0.0	4033200	0	0	0.006070459	3.052734375
FULLT	run2	filter	1	2	0.004381584	0.004382708	0.0	4033200	0	0	0.006051291	3.052734375
FULLT	run2	filter	1	3	0.004518292	0.004519042	0.0	4033200	0	0	0.005957583	3.052734375
FULLT	run2	filter	1	4	0.004352417	0.004353958	0.0	4033200	0	0	0.0060655	3.052734375
FULLT	run2	filter	1	5	0.004487375	0.004488167	0.0	4033200	0	0	0.00606975	3.052734375
FULLT	run2	filter	1	6	0.004307167	0.004307958	0.0	4033200	0	0	0.006082958	3.052734375
FULLT	run2	filter	1	7	0.004529917	0.004530625	0.0	4033200	0	0	0.005991834	3.052734375
FULLT	run2	filter	1	8	0.004445125	0.004445959	0.0	4033200	0	0	0.00601875	3.052734375
FULLT	run2	filter	1	9	0.004558459	0.004559291	0.0	4033200	0	0	0.005897417	3.052734375
FULLT	run2	filter	1	10	0.004327458	0.004328459	0.0	4033200	0	0	0.006030416	3.052734375
FULLT	run2	filter	1	11	0.004309458	0.004310209	0.0	4033200	0	0	0.006059	3.052734375
FULLT	run3	filter	-1	0	1.3824989795684814	0	0	0	0	0	0	0
FULLT	run3	filter	0	0	6.330491583	6.329468958	0.118568001	1908755776	7	0	0.006031875	2.96435546875
FULLT	run3	filter	1	1	0.004728375	0.00472925	0.0	4033200	0	0	0.006048	2.966796875
FULLT	run3	filter	1	2	0.004414084	0.004414958	0.0	4033200	0	0	0.006167458	2.966796875
FULLT	run3	filter	1	3	0.004217459	0.004217959	0.0	4033200	0	0	0.006079541	2.966796875
FULLT	run3	filter	1	4	0.004441709	0.004442875	0.0	4033200	0	0	0.00600125	2.966796875
FULLT	run3	filter	1	5	0.004347458	0.004348291	0.0	4033200	0	0	0.006235666	2.966796875
FULLT	run3	filter	1	6	0.004330583	0.004331917	0.0	4033200	0	0	0.005987334	2.966796875
FULLT	run3	filter	1	7	0.004997584	0.004988083	0.0	4033200	0	0	0.006018	2.966796875
FULLT	run3	filter	1	8	0.004591708	0.00457075	0.0	4033200	0	0	0.006567208	2.966796875
FULLT	run3	filter	1	9	0.004512542	0.004513375	0.0	4033200	0	0	0.006137083	2.966796875
FULLT	run3	filter	1	10	0.004603875	0.004608125	0.0	4033200	0	0	0.006106667	2.966796875
FULLT	run3	filter	1	11	0.004457792	0.004458916	0.0	4033200	0	0	0.005985666	2.966796875
v6	run3	filter	-1	0	1.5126478672027588	0	0	0	0	0	0	0
v6	run3	filter	0	0	5.023059584	5.022215458	0.090059166	1511539808	6	0	0.006060084	3.044921875
v6	run3	filter	1	1	0.007380459	0.007381917	0.0	4927296	0	0	0.006006959	3.12109375
v6	run3	filter	1	2	0.007001417	0.007002167	0.0	4927296	0	0	0.006020458	3.12109375
v6	run3	filter	1	3	0.006850084	0.006850792	0.0	4927296	0	0	0.005996042	3.12109375
v6	run3	filter	1	4	0.0070325	0.007026833	0.0	4927296	0	0	0.006130917	3.12109375
v6	run3	filter	1	5	0.006978916	0.006980208	0.0	4927296	0	0	0.006051584	3.12109375
v6	run3	filter	1	6	0.007006542	0.006998375	0.0	4927296	0	0	0.006108083	3.12109375
v6	run3	filter	1	7	0.006914667	0.006915292	0.0	4927296	0	0	0.00609	3.12109375
v6	run3	filter	1	8	0.0070605	0.007061541	0.0	4927296	0	0	0.005950708	3.12109375
v6	run3	filter	1	9	0.007417417	0.007409708	0.0	4927296	0	0	0.006454208	3.12109375
v6	run3	filter	1	10	0.007217166	0.007214917	0.0	4927296	0	0	0.006154584	3.12109375
v6	run3	filter	1	11	0.006905625	0.006906417	0.0	4927296	0	0	0.00605925	3.12109375
v6	run4	filter	-1	0	1.4535090923309326	0	0	0	0	0	0	0
v6	run4	filter	0	0	4.950023541	4.949653875	0.084252708	1511582496	6	0	0.006013375	3.16943359375
v6	run4	filter	1	1	0.007390875	0.007391709	0.0	4927296	0	0	0.006047417	2.99560546875
v6	run4	filter	1	2	0.008271667	0.008273541	0.0	4927296	0	0	0.0063315	2.99560546875
v6	run4	filter	1	3	0.007463958	0.007456333	0.0	4927296	0	0	0.006006667	2.99560546875
v6	run4	filter	1	4	0.007256166	0.007256792	0.0	4927296	0	0	0.006022875	2.99560546875
v6	run4	filter	1	5	0.007501625	0.007502458	0.0	4927296	0	0	0.0063005	2.99560546875
v6	run4	filter	1	6	0.007193917	0.007194709	0.0	4927296	0	0	0.006030875	2.99560546875
v6	run4	filter	1	7	0.007043792	0.007044625	0.0	4927296	0	0	0.006030042	2.99560546875
v6	run4	filter	1	8	0.007063791	0.007064667	0.0	4927296	0	0	0.006080833	2.99560546875
v6	run4	filter	1	9	0.007225833	0.007217041	0.0	4927296	0	0	0.006155916	2.99560546875
v6	run4	filter	1	10	0.007133333	0.0071345	0.0	4927296	0	0	0.006052958	2.99560546875
v6	run4	filter	1	11	0.007227	0.00722775	0.0	4927296	0	0	0.006063667	2.99560546875
FULLT	run4	filter	-1	0	1.3750360012054443	0	0	0	0	0	0	0
FULLT	run4	filter	0	0	6.346935666	6.344345958	0.110616334	1908753424	7	0	0.00606375	2.91552734375
FULLT	run4	filter	1	1	0.004776041	0.004776834	0.0	4033200	0	0	0.006086458	2.92138671875
FULLT	run4	filter	1	2	0.004574334	0.004575417	0.0	4033200	0	0	0.006053334	2.92138671875
FULLT	run4	filter	1	3	0.00477525	0.004775917	0.0	4033200	0	0	0.005987875	2.92138671875
FULLT	run4	filter	1	4	0.004815917	0.004816458	0.0	4033200	0	0	0.006075916	2.92138671875
FULLT	run4	filter	1	5	0.004506042	0.004507	0.0	4033200	0	0	0.006099917	2.92138671875
FULLT	run4	filter	1	6	0.004616833	0.004617458	0.0	4033200	0	0	0.006079667	2.92138671875
FULLT	run4	filter	1	7	0.004746584	0.004747584	0.0	4033200	0	0	0.006015375	2.92138671875
FULLT	run4	filter	1	8	0.004601958	0.00459625	0.0	4033200	0	0	0.006011167	2.92138671875
FULLT	run4	filter	1	9	0.004709459	0.004713291	0.0	4033200	0	0	0.006039292	2.92138671875
FULLT	run4	filter	1	10	0.004648167	0.004648791	0.0	4033200	0	0	0.006083166	2.92138671875
FULLT	run4	filter	1	11	0.00470325	0.00470425	0.0	4033200	0	0	0.005952834	2.92138671875
FULLT	run5	filter	-1	0	1.340660810470581	0	0	0	0	0	0	0
FULLT	run5	filter	0	0	6.363664875	6.362823375	0.114230792	1908782112	7	0	0.006100208	2.76708984375
FULLT	run5	filter	1	1	0.005038875	0.005039792	0.0	4033200	0	0	0.005987	2.6552734375
FULLT	run5	filter	1	2	0.004807083	0.004807708	0.0	4033200	0	0	0.006061459	2.6552734375
FULLT	run5	filter	1	3	0.004827625	0.004819	0.0	4033200	0	0	0.006131625	2.6552734375
FULLT	run5	filter	1	4	0.004649334	0.004650208	0.0	4033200	0	0	0.006100375	2.6552734375
FULLT	run5	filter	1	5	0.004805834	0.004806916	0.0	4033200	0	0	0.006035083	2.6552734375
FULLT	run5	filter	1	6	0.004723417	0.004724208	0.0	4033200	0	0	0.005997209	2.6552734375
FULLT	run5	filter	1	7	0.004835083	0.004835792	0.0	4033200	0	0	0.006230208	2.6552734375
FULLT	run5	filter	1	8	0.004630875	0.004631542	0.0	4033200	0	0	0.006025083	2.6552734375
FULLT	run5	filter	1	9	0.00454475	0.004545375	0.0	4033200	0	0	0.006054084	2.6552734375
FULLT	run5	filter	1	10	0.004718583	0.004719292	0.0	4033200	0	0	0.005962	2.6552734375
FULLT	run5	filter	1	11	0.004591667	0.004592375	0.0	4033200	0	0	0.006027833	2.6552734375
v6	run5	filter	-1	0	1.4608850479125977	0	0	0	0	0	0	0
v6	run5	filter	0	0	4.967868	4.967451166	0.084372583	1511565904	6	0	0.0059695	2.6025390625
v6	run5	filter	1	1	0.007561041	0.007564625	0.0	4927296	0	0	0.00612625	2.55419921875
v6	run5	filter	1	2	0.007443042	0.007443708	0.0	4927296	0	0	0.006129875	2.55419921875
v6	run5	filter	1	3	0.006998834	0.006999917	0.0	4927296	0	0	0.005989584	2.55419921875
v6	run5	filter	1	4	0.0069915	0.006992167	0.0	4927296	0	0	0.006040083	2.55419921875
v6	run5	filter	1	5	0.007156459	0.007157334	0.0	4927296	0	0	0.005980084	2.55419921875
v6	run5	filter	1	6	0.007251042	0.007251583	0.0	4927296	0	0	0.005938292	2.55419921875
v6	run5	filter	1	7	0.007484666	0.007485875	0.0	4927296	0	0	0.005990083	2.55419921875
v6	run5	filter	1	8	0.007011875	0.007015333	0.0	4927296	0	0	0.005997292	2.55419921875
v6	run5	filter	1	9	0.007260209	0.007261291	0.0	4927296	0	0	0.005938417	2.55419921875
v6	run5	filter	1	10	0.007365791	0.007357125	0.0	4927296	0	0	0.006049417	2.4296875
v6	run5	filter	1	11	0.007255916	0.007256917	0.0	4927296	0	0	0.006119292	2.4296875
FULLT	run1	ssm1+defaults	-1	0	1.3461480140686035	0	0	0	0	0	0	0
FULLT	run1	ssm1+defaults	0	0	9.682240666	9.6781595	0.246489624	2482457168	10	1	0.005974166	2.39501953125
FULLT	run1	ssm1+defaults	1	1	0.061709667	0.059721166	0.0	64565776	0	0	0.006109958	2.34033203125
FULLT	run1	ssm1+defaults	1	2	0.061669542	0.059725417	0.0	64565104	0	0	0.006064834	2.34033203125
FULLT	run1	ssm1+defaults	1	3	0.064869167	0.062806709	0.0	64565104	0	0	0.006039834	2.34033203125
FULLT	run1	ssm1+defaults	1	4	0.062297417	0.06034775	0.0	64565104	0	0	0.005999666	2.34033203125
FULLT	run1	ssm1+defaults	1	5	0.0635225	0.061408084	0.0	64565104	0	0	0.006014458	2.34033203125
FULLT	run1	ssm1+defaults	1	6	0.064004	0.061779083	0.0	64565104	0	0	0.006017792	2.34033203125
FULLT	run1	ssm1+defaults	1	7	0.065133042	0.06306525	0.0	64565104	0	0	0.006161375	2.34033203125
FULLT	run1	ssm1+defaults	1	8	0.061101709	0.059118042	0.0	64565104	0	0	0.006030833	2.34033203125
FULLT	run1	ssm1+defaults	1	9	0.066776125	0.06421975	0.0	64565104	0	0	0.006226791	2.34033203125
FULLT	run1	ssm1+defaults	1	10	0.064321084	0.0623225	0.0	64565104	0	0	0.006065667	2.34033203125
FULLT	run1	ssm1+defaults	1	11	0.061718417	0.059793375	0.0	64565104	0	0	0.006035042	2.34033203125
v6	run1	ssm1+defaults	-1	0	1.4676861763000488	0	0	0	0	0	0	0
v6	run1	ssm1+defaults	0	0	8.111513709	8.109243042	0.196394707	1943000608	8	1	0.006055542	2.576171875
v6	run1	ssm1+defaults	1	1	0.048106417	0.047576166	0.0	58670784	0	0	0.006154959	2.44970703125
v6	run1	ssm1+defaults	1	2	0.0475115	0.046988125	0.0	58670112	0	0	0.006417208	2.44970703125
v6	run1	ssm1+defaults	1	3	0.048705333	0.048172167	0.0	58670112	0	0	0.00609875	2.44970703125
v6	run1	ssm1+defaults	1	4	0.047708041	0.047185083	0.0	58670112	0	0	0.006081125	2.44970703125
v6	run1	ssm1+defaults	1	5	0.049311583	0.048778959	0.0	58670112	0	0	0.006123583	2.44970703125
v6	run1	ssm1+defaults	1	6	0.049774792	0.049239458	0.0	58670112	0	0	0.006145875	2.44970703125
v6	run1	ssm1+defaults	1	7	0.047288667	0.046765959	0.0	58670112	0	0	0.006043292	2.44970703125
v6	run1	ssm1+defaults	1	8	0.048746417	0.048222625	0.0	58670112	0	0	0.006106209	2.44970703125
v6	run1	ssm1+defaults	1	9	0.048511958	0.047978584	0.0	58670112	0	0	0.006175958	2.44970703125
v6	run1	ssm1+defaults	1	10	0.047809291	0.047283667	0.0	58670112	0	0	0.006003458	2.44970703125
v6	run1	ssm1+defaults	1	11	0.048415583	0.047866791	0.0	58670112	0	0	0.006021416	2.41357421875
v6	run2	ssm1+defaults	-1	0	1.5354077816009521	0	0	0	0	0	0	0
v6	run2	ssm1+defaults	0	0	8.256713958	8.245802125	0.214377998	1943044944	9	1	0.0062355	2.62060546875
v6	run2	ssm1+defaults	1	1	0.045955292	0.045419417	0.0	58670784	0	0	0.005928459	2.69140625
v6	run2	ssm1+defaults	1	2	0.045280125	0.04474275	0.0	58670112	0	0	0.005980833	2.69140625
v6	run2	ssm1+defaults	1	3	0.044602583	0.044067458	0.0	58670112	0	0	0.00603875	2.69140625
v6	run2	ssm1+defaults	1	4	0.044730708	0.044203834	0.0	58670112	0	0	0.006069084	2.69140625
v6	run2	ssm1+defaults	1	5	0.045515875	0.044984209	0.0	58670112	0	0	0.006030833	2.69140625
v6	run2	ssm1+defaults	1	6	0.048167875	0.047626125	0.0	58670112	0	0	0.006214625	2.69140625
v6	run2	ssm1+defaults	1	7	0.045963375	0.045431792	0.0	58670112	0	0	0.006054166	2.69140625
v6	run2	ssm1+defaults	1	8	0.046555375	0.046020416	0.0	58670112	0	0	0.00609375	2.69140625
v6	run2	ssm1+defaults	1	9	0.045790375	0.045259125	0.0	58670112	0	0	0.006081083	2.69140625
v6	run2	ssm1+defaults	1	10	0.045186333	0.044634584	0.0	58670112	0	0	0.005979667	2.69140625
v6	run2	ssm1+defaults	1	11	0.04594125	0.045411125	0.0	58670112	0	0	0.006069459	2.69140625
FULLT	run2	ssm1+defaults	-1	0	1.3483359813690186	0	0	0	0	0	0	0
FULLT	run2	ssm1+defaults	0	0	9.458285375	9.455109125	0.247338792	2482519456	10	2	0.006025542	2.7158203125
FULLT	run2	ssm1+defaults	1	1	0.061988542	0.060029834	0.0	64565776	0	0	0.005979792	2.765625
FULLT	run2	ssm1+defaults	1	2	0.060688792	0.058736	0.0	64565104	0	0	0.006093792	2.765625
FULLT	run2	ssm1+defaults	1	3	0.060937375	0.058969292	0.0	64565104	0	0	0.006009958	2.765625
FULLT	run2	ssm1+defaults	1	4	0.059542875	0.057555583	0.0	64565104	0	0	0.006214583	2.765625
FULLT	run2	ssm1+defaults	1	5	0.059486375	0.057519458	0.0	64565104	0	0	0.006032166	2.765625
FULLT	run2	ssm1+defaults	1	6	0.058780333	0.056829583	0.0	64565104	0	0	0.00621025	2.765625
FULLT	run2	ssm1+defaults	1	7	0.059782792	0.057808125	0.0	64565104	0	0	0.006018166	2.765625
FULLT	run2	ssm1+defaults	1	8	0.0597495	0.057831958	0.0	64565104	0	0	0.006060542	2.765625
FULLT	run2	ssm1+defaults	1	9	0.060952417	0.058986167	0.0	64565104	0	0	0.006039	2.765625
FULLT	run2	ssm1+defaults	1	10	0.059908875	0.057911792	0.0	64565104	0	0	0.005995041	2.765625
FULLT	run2	ssm1+defaults	1	11	0.060175	0.058225041	0.0	64565104	0	0	0.005985625	2.765625
FULLT	run3	ssm1+defaults	-1	0	1.339843988418579	0	0	0	0	0	0	0
FULLT	run3	ssm1+defaults	0	0	10.056644334	10.05296975	0.262689125	2482452064	10	2	0.0060525	2.6474609375
FULLT	run3	ssm1+defaults	1	1	0.067909958	0.065949167	0.0	64565776	0	0	0.006132333	2.62744140625
FULLT	run3	ssm1+defaults	1	2	0.067745792	0.065759834	0.0	64565104	0	0	0.006409208	2.62744140625
FULLT	run3	ssm1+defaults	1	3	0.06551175	0.063612292	0.0	64565104	0	0	0.006057083	2.62744140625
FULLT	run3	ssm1+defaults	1	4	0.067533667	0.065443708	0.0	64565104	0	0	0.006207125	2.62744140625
FULLT	run3	ssm1+defaults	1	5	0.06695	0.064998208	0.0	64565104	0	0	0.006099709	2.62744140625
FULLT	run3	ssm1+defaults	1	6	0.065414125	0.063473709	0.0	64565104	0	0	0.006072375	2.62744140625
FULLT	run3	ssm1+defaults	1	7	0.063913875	0.061854875	0.0	64565104	0	0	0.006120042	2.62744140625
FULLT	run3	ssm1+defaults	1	8	0.062019125	0.059741167	0.0	64565104	0	0	0.00606725	2.62744140625
FULLT	run3	ssm1+defaults	1	9	0.060883625	0.05891375	0.0	64565104	0	0	0.006148792	2.62744140625
FULLT	run3	ssm1+defaults	1	10	0.060331917	0.058387375	0.0	64565104	0	0	0.006095042	2.62744140625
FULLT	run3	ssm1+defaults	1	11	0.060680541	0.058727417	0.0	64565104	0	0	0.006133542	2.62744140625
v6	run3	ssm1+defaults	-1	0	1.4552419185638428	0	0	0	0	0	0	0
v6	run3	ssm1+defaults	0	0	8.487739417	8.46650675	0.215811	1943071664	8	1	0.006801625	2.5771484375
v6	run3	ssm1+defaults	1	1	0.045108333	0.044570667	0.0	58670784	0	0	0.006093041	2.63525390625
v6	run3	ssm1+defaults	1	2	0.045903542	0.045360667	0.0	58670112	0	0	0.006174375	2.63525390625
v6	run3	ssm1+defaults	1	3	0.044933125	0.044406042	0.0	58670112	0	0	0.006158125	2.63525390625
v6	run3	ssm1+defaults	1	4	0.045455125	0.04491725	0.0	58670112	0	0	0.005999042	2.63525390625
v6	run3	ssm1+defaults	1	5	0.045019875	0.044493084	0.0	58670112	0	0	0.00603075	2.63525390625
v6	run3	ssm1+defaults	1	6	0.047129792	0.046590541	0.0	58670112	0	0	0.006100083	2.63525390625
v6	run3	ssm1+defaults	1	7	0.045600084	0.045072458	0.0	58670112	0	0	0.006100875	2.63525390625
v6	run3	ssm1+defaults	1	8	0.046482625	0.045941834	0.0	58670112	0	0	0.006072	2.63525390625
v6	run3	ssm1+defaults	1	9	0.044994166	0.044474958	0.0	58670112	0	0	0.006083417	2.63525390625
v6	run3	ssm1+defaults	1	10	0.04585375	0.045310917	0.0	58670112	0	0	0.006072958	2.63525390625
v6	run3	ssm1+defaults	1	11	0.045435541	0.044873	0.0	58670112	0	0	0.006045583	2.63525390625
v6	run4	ssm1+defaults	-1	0	1.4540538787841797	0	0	0	0	0	0	0
v6	run4	ssm1+defaults	0	0	7.967824709	7.96631225	0.198841125	1943046000	8	1	0.006062125	2.50390625
v6	run4	ssm1+defaults	1	1	0.046746583	0.046231125	0.0	58670784	0	0	0.006119583	2.5126953125
v6	run4	ssm1+defaults	1	2	0.046393125	0.045843792	0.0	58670112	0	0	0.006101333	2.5126953125
v6	run4	ssm1+defaults	1	3	0.046303958	0.045779459	0.0	58670112	0	0	0.006012042	2.5126953125
v6	run4	ssm1+defaults	1	4	0.044950292	0.044417875	0.0	58670112	0	0	0.006012333	2.5126953125
v6	run4	ssm1+defaults	1	5	0.045277916	0.044731	0.0	58670112	0	0	0.006147791	2.5126953125
v6	run4	ssm1+defaults	1	6	0.046006292	0.045473875	0.0	58670112	0	0	0.006017625	2.5126953125
v6	run4	ssm1+defaults	1	7	0.047193042	0.046664375	0.0	58670112	0	0	0.006093125	2.5126953125
v6	run4	ssm1+defaults	1	8	0.049203583	0.048609083	0.0	58670112	0	0	0.006334042	2.5126953125
v6	run4	ssm1+defaults	1	9	0.045360958	0.044824084	0.0	58670112	0	0	0.006108042	2.5126953125
v6	run4	ssm1+defaults	1	10	0.0459285	0.045376709	0.0	58670112	0	0	0.005958417	2.5126953125
v6	run4	ssm1+defaults	1	11	0.046360833	0.04581975	0.0	58670112	0	0	0.006062917	2.5126953125
FULLT	run4	ssm1+defaults	-1	0	1.3401069641113281	0	0	0	0	0	0	0
FULLT	run4	ssm1+defaults	0	0	9.615151041	9.6050055	0.243411083	2482438976	10	2	0.006043833	2.279296875
FULLT	run4	ssm1+defaults	1	1	0.061878083	0.05995575	0.0	64565776	0	0	0.006026417	2.45703125
FULLT	run4	ssm1+defaults	1	2	0.062490375	0.060505166	0.0	64565104	0	0	0.006117209	2.45703125
FULLT	run4	ssm1+defaults	1	3	0.060352708	0.058388292	0.0	64565104	0	0	0.006001333	2.45703125
FULLT	run4	ssm1+defaults	1	4	0.060633958	0.05867325	0.0	64565104	0	0	0.006031416	2.45703125
FULLT	run4	ssm1+defaults	1	5	0.059973792	0.058014667	0.0	64565104	0	0	0.006037	2.45703125
FULLT	run4	ssm1+defaults	1	6	0.060191625	0.0582355	0.0	64565104	0	0	0.006045708	2.45703125
FULLT	run4	ssm1+defaults	1	7	0.063317666	0.061344292	0.0	64565104	0	0	0.006108875	2.45703125
FULLT	run4	ssm1+defaults	1	8	0.062361041	0.060352625	0.0	64565104	0	0	0.00655775	2.45703125
FULLT	run4	ssm1+defaults	1	9	0.06028	0.058339334	0.0	64565104	0	0	0.00593725	2.45703125
FULLT	run4	ssm1+defaults	1	10	0.0595555	0.057575625	0.0	64565104	0	0	0.006203625	2.45703125
FULLT	run4	ssm1+defaults	1	11	0.060597	0.058676041	0.0	64565104	0	0	0.005988	2.45703125
FULLT	run5	ssm1+defaults	-1	0	1.3551998138427734	0	0	0	0	0	0	0
FULLT	run5	ssm1+defaults	0	0	10.088754209	10.073364209	0.232364332	2482548512	9	1	0.005999042	2.82080078125
FULLT	run5	ssm1+defaults	1	1	0.059786167	0.057779958	0.0	64565776	0	0	0.006080458	3.06884765625
FULLT	run5	ssm1+defaults	1	2	0.060449541	0.058476167	0.0	64565104	0	0	0.006090875	3.06884765625
FULLT	run5	ssm1+defaults	1	3	0.05978225	0.057844584	0.0	64565104	0	0	0.006140917	3.06884765625
FULLT	run5	ssm1+defaults	1	4	0.060772708	0.058809625	0.0	64565104	0	0	0.005966375	3.06884765625
FULLT	run5	ssm1+defaults	1	5	0.059461792	0.05749975	0.0	64565104	0	0	0.006036458	3.06884765625
FULLT	run5	ssm1+defaults	1	6	0.060497042	0.05853575	0.0	64565104	0	0	0.006036709	3.06884765625
FULLT	run5	ssm1+defaults	1	7	0.059123375	0.057132959	0.0	64565104	0	0	0.006062958	3.06884765625
FULLT	run5	ssm1+defaults	1	8	0.060412833	0.058462625	0.0	64565104	0	0	0.00614425	3.06884765625
FULLT	run5	ssm1+defaults	1	9	0.063402417	0.061100792	0.0	64565104	0	0	0.005988541	3.06884765625
FULLT	run5	ssm1+defaults	1	10	0.060815667	0.058864583	0.0	64565104	0	0	0.006114	3.06298828125
FULLT	run5	ssm1+defaults	1	11	0.060918667	0.058981958	0.0	64565104	0	0	0.006067166	3.06298828125
v6	run5	ssm1+defaults	-1	0	1.5159978866577148	0	0	0	0	0	0	0
v6	run5	ssm1+defaults	0	0	8.706538875	8.679514	0.212426331	1943054496	7	1	0.006015708	2.9775390625
v6	run5	ssm1+defaults	1	1	0.049529375	0.048999917	0.0	58670784	0	0	0.006229417	2.900390625
v6	run5	ssm1+defaults	1	2	0.053991458	0.053466083	0.0	58670112	0	0	0.006086375	2.900390625
v6	run5	ssm1+defaults	1	3	0.052859958	0.052320292	0.0	58670112	0	0	0.006097459	2.900390625
v6	run5	ssm1+defaults	1	4	0.053297917	0.052776958	0.0	58670112	0	0	0.006142833	2.900390625
v6	run5	ssm1+defaults	1	5	0.0530045	0.052321375	0.0	58670112	0	0	0.006533791	2.900390625
v6	run5	ssm1+defaults	1	6	0.049148583	0.048612542	0.0	58670112	0	0	0.006228792	2.900390625
v6	run5	ssm1+defaults	1	7	0.052205125	0.051626875	0.0	58670112	0	0	0.006218708	2.900390625
v6	run5	ssm1+defaults	1	8	0.048436	0.047885333	0.0	58670112	0	0	0.006015208	2.900390625
v6	run5	ssm1+defaults	1	9	0.048637792	0.048097167	0.0	58670112	0	0	0.00614375	2.900390625
v6	run5	ssm1+defaults	1	10	0.051367041	0.05083775	0.0	58670112	0	0	0.006146459	2.900390625
v6	run5	ssm1+defaults	1	11	0.048370833	0.047832708	0.0	58670112	0	0	0.006307166	2.900390625
FULLT	run1	iid+defaults	-1	0	1.4626948833465576	0	0	0	0	0	0	0
FULLT	run1	iid+defaults	0	0	6.106011417	6.074265708	0.09873446	1623406160	6	0	0.006055584	2.828125
FULLT	run1	iid+defaults	20	1	0.031334084	0.031318291	0.0	45521936	0	0	0.006167541	3.08203125
FULLT	run1	iid+defaults	40	1	0.044015542	0.044017416	0.0	65725520	0	0	0.006114292	2.9951171875
FULLT	run1	iid+defaults	20	2	0.030923167	0.030924667	0.0	45521264	0	0	0.00594025	2.9951171875
FULLT	run1	iid+defaults	40	2	0.043549292	0.043550625	0.0	65725520	0	0	0.005967834	2.9951171875
FULLT	run1	iid+defaults	20	3	0.030925875	0.030917959	0.0	45521264	0	0	0.006234416	2.9951171875
FULLT	run1	iid+defaults	40	3	0.04422825	0.04422175	0.0	65725520	0	0	0.006068667	2.9951171875
FULLT	run1	iid+defaults	20	4	0.033791208	0.033694	0.0	45521264	0	0	0.006218333	2.9951171875
FULLT	run1	iid+defaults	40	4	0.044150375	0.0441525	0.0	65725520	0	0	0.006100541	2.9951171875
FULLT	run1	iid+defaults	20	5	0.031048917	0.031050459	0.0	45521264	0	0	0.006032541	2.9951171875
FULLT	run1	iid+defaults	40	5	0.044406459	0.044407875	0.0	65725520	0	0	0.006024167	2.9951171875
FULLT	run1	iid+defaults	20	6	0.031295333	0.031288458	0.0	45521264	0	0	0.006040709	2.9951171875
FULLT	run1	iid+defaults	40	6	0.043614166	0.04361625	0.0	65725520	0	0	0.0061165	2.9951171875
FULLT	run1	iid+defaults	20	7	0.031179708	0.031181458	0.0	45521264	0	0	0.006036375	2.9951171875
FULLT	run1	iid+defaults	40	7	0.044581833	0.0445835	0.0	65725520	0	0	0.006098459	2.9951171875
FULLT	run1	iid+defaults	20	8	0.031369167	0.031370875	0.0	45521552	0	0	0.0061195	2.9951171875
FULLT	run1	iid+defaults	40	8	0.044093375	0.04408575	0.0	65725520	0	0	0.006124125	2.9951171875
FULLT	run1	iid+defaults	20	9	0.031006709	0.031000209	0.0	45521264	0	0	0.00601025	2.9951171875
FULLT	run1	iid+defaults	40	9	0.046248042	0.046240542	0.0	65725520	0	0	0.006477959	2.9951171875
FULLT	run1	iid+defaults	20	10	0.031293625	0.031296	0.0	45521264	0	0	0.006072083	2.9951171875
FULLT	run1	iid+defaults	40	10	0.044519958	0.044521959	0.0	65725520	0	0	0.006076917	2.9951171875
FULLT	run1	iid+defaults	20	11	0.031555833	0.031557625	0.0	45521264	0	0	0.006096	2.9951171875
FULLT	run1	iid+defaults	40	11	0.043944459	0.043936125	0.0	65725520	0	0	0.006026667	2.9951171875
v6	run1	iid+defaults	-1	0	1.531567096710205	0	0	0	0	0	0	0
v6	run1	iid+defaults	0	0	5.035621667	5.034760333	0.079341791	1304661120	5	0	0.006087958	3.21630859375
v6	run1	iid+defaults	20	1	0.023989125	0.023990875	0.0	36196672	0	0	0.006207583	3.03857421875
v6	run1	iid+defaults	40	1	0.034847083	0.034838375	0.0	51940096	0	0	0.006076334	3.03857421875
v6	run1	iid+defaults	20	2	0.023931209	0.023932583	0.0	36196000	0	0	0.005992541	3.03857421875
v6	run1	iid+defaults	40	2	0.035119958	0.035121708	0.0	51940096	0	0	0.006045583	3.03857421875
v6	run1	iid+defaults	20	3	0.023407458	0.023400333	0.0	36196000	0	0	0.006097125	3.03857421875
v6	run1	iid+defaults	40	3	0.03432975	0.034331459	0.0	51940096	0	0	0.005993791	3.03857421875
v6	run1	iid+defaults	20	4	0.023560792	0.023562583	0.0	36196000	0	0	0.006047667	3.03857421875
v6	run1	iid+defaults	40	4	0.0349025	0.034903708	0.0	51940096	0	0	0.006036875	3.03857421875
v6	run1	iid+defaults	20	5	0.02359925	0.02360075	0.0	36196000	0	0	0.006291708	3.03857421875
v6	run1	iid+defaults	40	5	0.0346495	0.034641916	0.0	51940096	0	0	0.0060995	3.03857421875
v6	run1	iid+defaults	20	6	0.023965792	0.023967708	0.0	36196000	0	0	0.006009083	3.03857421875
v6	run1	iid+defaults	40	6	0.035053625	0.035055208	0.0	51940096	0	0	0.006109125	3.03857421875
v6	run1	iid+defaults	20	7	0.023776375	0.023769209	0.0	36196000	0	0	0.006073458	3.03857421875
v6	run1	iid+defaults	40	7	0.034748417	0.034750208	0.0	51940096	0	0	0.006047083	3.03857421875
v6	run1	iid+defaults	20	8	0.0237115	0.023713	0.0	36196000	0	0	0.006178417	3.03857421875
v6	run1	iid+defaults	40	8	0.0354615	0.035463208	0.0	51940096	0	0	0.006037333	3.03857421875
v6	run1	iid+defaults	20	9	0.02351725	0.023519167	0.0	36196000	0	0	0.005970208	3.03857421875
v6	run1	iid+defaults	40	9	0.03397675	0.033960125	0.0	51940096	0	0	0.006123541	3.03857421875
v6	run1	iid+defaults	20	10	0.023846375	0.023847958	0.0	36196000	0	0	0.0060825	3.03857421875
v6	run1	iid+defaults	40	10	0.034611667	0.03461325	0.0	51940096	0	0	0.005976458	3.03857421875
v6	run1	iid+defaults	20	11	0.024075208	0.024076958	0.0	36196000	0	0	0.006282167	3.03857421875
v6	run1	iid+defaults	40	11	0.035646542	0.035634167	0.0	51940096	0	0	0.006148625	3.03857421875
v6	run2	iid+defaults	-1	0	1.4702818393707275	0	0	0	0	0	0	0
v6	run2	iid+defaults	0	0	5.190965875	5.188677917	0.082350583	1304622240	5	0	0.006140958	2.8046875
v6	run2	iid+defaults	20	1	0.025387083	0.025389041	0.0	36196672	0	0	0.006588333	2.98046875
v6	run2	iid+defaults	40	1	0.036498208	0.036499959	0.0	51940096	0	0	0.00612575	2.98046875
v6	run2	iid+defaults	20	2	0.026071792	0.0260735	0.0	36196000	0	0	0.006360792	2.98046875
v6	run2	iid+defaults	40	2	0.036582875	0.036578542	0.0	51940096	0	0	0.006337417	2.98046875
v6	run2	iid+defaults	20	3	0.024259416	0.024260541	0.0	36196000	0	0	0.006006041	2.98046875
v6	run2	iid+defaults	40	3	0.035811417	0.035812875	0.0	51940096	0	0	0.006143625	2.98046875
v6	run2	iid+defaults	20	4	0.024447333	0.024449	0.0	36196000	0	0	0.006299875	2.98046875
v6	run2	iid+defaults	40	4	0.03797625	0.037977459	0.0	51940096	0	0	0.006410792	2.98046875
v6	run2	iid+defaults	20	5	0.025118375	0.025120167	0.0	36196000	0	0	0.006216667	2.98046875
v6	run2	iid+defaults	40	5	0.036811042	0.036813167	0.0	51940096	0	0	0.006151375	2.98046875
v6	run2	iid+defaults	20	6	0.024404959	0.024409	0.0	36196000	0	0	0.006059542	2.98046875
v6	run2	iid+defaults	40	6	0.037017417	0.036998625	0.0	51940096	0	0	0.006136625	2.98046875
v6	run2	iid+defaults	20	7	0.02441225	0.024414	0.0	36196000	0	0	0.006057708	2.98046875
v6	run2	iid+defaults	40	7	0.035121792	0.035112834	0.0	51940096	0	0	0.00611325	2.98046875
v6	run2	iid+defaults	20	8	0.02398775	0.023989458	0.0	36196000	0	0	0.005980708	2.98046875
v6	run2	iid+defaults	40	8	0.03508125	0.035075	0.0	51940096	0	0	0.005958125	2.98046875
v6	run2	iid+defaults	20	9	0.023830875	0.02383225	0.0	36196000	0	0	0.006263833	2.98046875
v6	run2	iid+defaults	40	9	0.0350895	0.035081208	0.0	51940096	0	0	0.00612025	2.98046875
v6	run2	iid+defaults	20	10	0.024007292	0.024009	0.0	36196000	0	0	0.00618775	2.98046875
v6	run2	iid+defaults	40	10	0.035285292	0.035287208	0.0	51940096	0	0	0.006139333	2.98046875
v6	run2	iid+defaults	20	11	0.024003	0.02400475	0.0	36196000	0	0	0.006124792	2.98046875
v6	run2	iid+defaults	40	11	0.03502575	0.035027458	0.0	51940096	0	0	0.006012667	2.98046875
FULLT	run2	iid+defaults	-1	0	1.352921962738037	0	0	0	0	0	0	0
FULLT	run2	iid+defaults	0	0	5.932251375	5.925464625	0.101011541	1623392896	6	0	0.005944208	2.755859375
FULLT	run2	iid+defaults	20	1	0.030860542	0.0308525	0.0	45521936	0	0	0.006026666	2.615234375
FULLT	run2	iid+defaults	40	1	0.043140792	0.04314275	0.0	65725520	0	0	0.006189583	2.615234375
FULLT	run2	iid+defaults	20	2	0.030796916	0.030798333	0.0	45521264	0	0	0.006120583	2.615234375
FULLT	run2	iid+defaults	40	2	0.043220084	0.0432215	0.0	65725520	0	0	0.006204417	2.615234375
FULLT	run2	iid+defaults	20	3	0.030681209	0.030683	0.0	45521264	0	0	0.006002333	2.615234375
FULLT	run2	iid+defaults	40	3	0.042649292	0.042651	0.0	65725520	0	0	0.006113375	2.615234375
FULLT	run2	iid+defaults	20	4	0.031032	0.031023584	0.0	45521264	0	0	0.006077667	2.615234375
FULLT	run2	iid+defaults	40	4	0.042779708	0.042780875	0.0	65725520	0	0	0.006056583	2.615234375
FULLT	run2	iid+defaults	20	5	0.031129333	0.031130416	0.0	45521264	0	0	0.006009333	2.615234375
FULLT	run2	iid+defaults	40	5	0.043518375	0.043519584	0.0	65725520	0	0	0.00607475	2.615234375
FULLT	run2	iid+defaults	20	6	0.030812959	0.030814541	0.0	45521264	0	0	0.006127083	2.615234375
FULLT	run2	iid+defaults	40	6	0.043196	0.0431975	0.0	65725520	0	0	0.005980708	2.615234375
FULLT	run2	iid+defaults	20	7	0.030937208	0.030938833	0.0	45521264	0	0	0.005983458	2.615234375
FULLT	run2	iid+defaults	40	7	0.0426925	0.042684167	0.0	65725520	0	0	0.006142666	2.615234375
FULLT	run2	iid+defaults	20	8	0.030152291	0.030153416	0.0	45521552	0	0	0.006072791	2.615234375
FULLT	run2	iid+defaults	40	8	0.043200083	0.0432015	0.0	65725520	0	0	0.006021416	2.615234375
FULLT	run2	iid+defaults	20	9	0.030565959	0.030567417	0.0	45521264	0	0	0.005955125	2.615234375
FULLT	run2	iid+defaults	40	9	0.04341725	0.043409125	0.0	65725520	0	0	0.00602425	2.615234375
FULLT	run2	iid+defaults	20	10	0.03090725	0.030908541	0.0	45521264	0	0	0.006057792	2.615234375
FULLT	run2	iid+defaults	40	10	0.043081167	0.043074	0.0	65725520	0	0	0.006064792	2.615234375
FULLT	run2	iid+defaults	20	11	0.030642084	0.030643708	0.0	45521264	0	0	0.006079333	2.615234375
FULLT	run2	iid+defaults	40	11	0.042678125	0.042679583	0.0	65725520	0	0	0.005983166	2.615234375
FULLT	run3	iid+defaults	-1	0	1.352625846862793	0	0	0	0	0	0	0
FULLT	run3	iid+defaults	0	0	6.264599917	6.264150042	0.165396208	1623394032	6	1	0.006073875	2.44677734375
FULLT	run3	iid+defaults	20	1	0.03217325	0.03217475	0.0	45521936	0	0	0.006189	2.49072265625
FULLT	run3	iid+defaults	40	1	0.045953208	0.045929833	0.0	65725520	0	0	0.006278	2.49072265625
FULLT	run3	iid+defaults	20	2	0.031796292	0.031797875	0.0	45521264	0	0	0.006094917	2.49072265625
FULLT	run3	iid+defaults	40	2	0.046112584	0.04610125	0.0	65725520	0	0	0.006118708	2.49072265625
FULLT	run3	iid+defaults	20	3	0.031711	0.031712917	0.0	45521264	0	0	0.006072667	2.49072265625
FULLT	run3	iid+defaults	40	3	0.045277792	0.045271541	0.0	65725520	0	0	0.006058916	2.49072265625
FULLT	run3	iid+defaults	20	4	0.034276875	0.03427825	0.0	45521264	0	0	0.006352458	2.49072265625
FULLT	run3	iid+defaults	40	4	0.04659375	0.046583792	0.0	65725520	0	0	0.006227875	2.49072265625
FULLT	run3	iid+defaults	20	5	0.033323292	0.033325208	0.0	45521264	0	0	0.00630675	2.49072265625
FULLT	run3	iid+defaults	40	5	0.046561417	0.04656675	0.0	65725520	0	0	0.006090916	2.49072265625
FULLT	run3	iid+defaults	20	6	0.033043667	0.0330405	0.0	45521264	0	0	0.006065542	2.49072265625
FULLT	run3	iid+defaults	40	6	0.0479065	0.047909209	0.0	65725520	0	0	0.006323833	2.49072265625
FULLT	run3	iid+defaults	20	7	0.032381417	0.032376625	0.0	45521264	0	0	0.006220333	2.49072265625
FULLT	run3	iid+defaults	40	7	0.047906041	0.047901	0.0	65725520	0	0	0.006159375	2.49072265625
FULLT	run3	iid+defaults	20	8	0.032632167	0.032584917	0.0	45521552	0	0	0.006161083	2.49072265625
FULLT	run3	iid+defaults	40	8	0.043974667	0.043965584	0.0	65725520	0	0	0.006128459	2.49072265625
FULLT	run3	iid+defaults	20	9	0.031223667	0.03122575	0.0	45521264	0	0	0.006069792	2.49072265625
FULLT	run3	iid+defaults	40	9	0.043303583	0.043305459	0.0	65725520	0	0	0.006221375	2.49072265625
FULLT	run3	iid+defaults	20	10	0.030564666	0.030566541	0.0	45521264	0	0	0.006001459	2.49072265625
FULLT	run3	iid+defaults	40	10	0.044274833	0.04426675	0.0	65725520	0	0	0.006007208	2.37109375
FULLT	run3	iid+defaults	20	11	0.031165584	0.031167	0.0	45521264	0	0	0.006071459	2.37109375
FULLT	run3	iid+defaults	40	11	0.04382525	0.0438225	0.0	65725520	0	0	0.006224625	2.37109375
v6	run3	iid+defaults	-1	0	1.4585599899291992	0	0	0	0	0	0	0
v6	run3	iid+defaults	0	0	5.036767458	5.035560042	0.080545541	1304629808	5	0	0.0060965	2.26123046875
v6	run3	iid+defaults	20	1	0.023846208	0.023847958	0.0	36196672	0	0	0.006070958	2.240234375
v6	run3	iid+defaults	40	1	0.034452	0.034453917	0.0	51940096	0	0	0.006062083	2.240234375
v6	run3	iid+defaults	20	2	0.023575792	0.023577334	0.0	36196000	0	0	0.006287375	2.240234375
v6	run3	iid+defaults	40	2	0.03427375	0.034276	0.0	51940096	0	0	0.006051542	2.240234375
v6	run3	iid+defaults	20	3	0.024074292	0.024076209	0.0	36196000	0	0	0.006136042	2.240234375
v6	run3	iid+defaults	40	3	0.034170542	0.034172459	0.0	51940096	0	0	0.006021583	2.240234375
v6	run3	iid+defaults	20	4	0.024226208	0.024227375	0.0	36196000	0	0	0.006066625	2.240234375
v6	run3	iid+defaults	40	4	0.034807708	0.034809375	0.0	51940096	0	0	0.005988333	2.240234375
v6	run3	iid+defaults	20	5	0.023206458	0.023198667	0.0	36196000	0	0	0.006015666	2.240234375
v6	run3	iid+defaults	40	5	0.034838458	0.0348405	0.0	51940096	0	0	0.006096458	2.240234375
v6	run3	iid+defaults	20	6	0.023449458	0.023452792	0.0	36196000	0	0	0.006061708	2.240234375
v6	run3	iid+defaults	40	6	0.034658708	0.0346515	0.0	51940096	0	0	0.006085625	2.240234375
v6	run3	iid+defaults	20	7	0.023642958	0.023644708	0.0	36196000	0	0	0.00610225	2.240234375
v6	run3	iid+defaults	40	7	0.034756625	0.034758125	0.0	51940096	0	0	0.006095208	2.240234375
v6	run3	iid+defaults	20	8	0.023720125	0.023721834	0.0	36196000	0	0	0.006124875	2.240234375
v6	run3	iid+defaults	40	8	0.033949125	0.0339505	0.0	51940096	0	0	0.006137166	2.240234375
v6	run3	iid+defaults	20	9	0.023464166	0.023468041	0.0	36196000	0	0	0.0060245	2.240234375
v6	run3	iid+defaults	40	9	0.03535975	0.0353615	0.0	51940096	0	0	0.006136709	2.240234375
v6	run3	iid+defaults	20	10	0.023304917	0.023306625	0.0	36196000	0	0	0.006030209	2.240234375
v6	run3	iid+defaults	40	10	0.034346583	0.034348333	0.0	51940096	0	0	0.006073042	2.240234375
v6	run3	iid+defaults	20	11	0.023208167	0.02321	0.0	36196000	0	0	0.006002042	2.30078125
v6	run3	iid+defaults	40	11	0.034272334	0.034273791	0.0	51940096	0	0	0.006108333	2.30078125
v6	run4	iid+defaults	-1	0	1.4634549617767334	0	0	0	0	0	0	0
v6	run4	iid+defaults	0	0	6.33895375	6.214991	0.092386874	1304630192	5	0	0.006080375	2.2763671875
v6	run4	iid+defaults	20	1	0.028454042	0.0284245	0.0	36196672	0	0	0.006403583	2.654296875
v6	run4	iid+defaults	40	1	0.041714208	0.041664458	0.0	51940096	0	0	0.006782666	2.654296875
v6	run4	iid+defaults	20	2	0.026885291	0.026873666	0.0	36196000	0	0	0.006424917	2.654296875
v6	run4	iid+defaults	40	2	0.0390745	0.039052291	0.0	51940096	0	0	0.006437125	2.841796875
v6	run4	iid+defaults	20	3	0.026027708	0.026007833	0.0	36196000	0	0	0.00668175	2.841796875
v6	run4	iid+defaults	40	3	0.039987875	0.039952792	0.0	51940096	0	0	0.00667875	2.841796875
v6	run4	iid+defaults	20	4	0.0257945	0.02577325	0.0	36196000	0	0	0.00661425	2.841796875
v6	run4	iid+defaults	40	4	0.038749917	0.038700458	0.0	51940096	0	0	0.006477541	2.841796875
v6	run4	iid+defaults	20	5	0.026415875	0.026370625	0.0	36196000	0	0	0.006176459	2.841796875
v6	run4	iid+defaults	40	5	0.039116083	0.039084	0.0	51940096	0	0	0.006186	2.841796875
v6	run4	iid+defaults	20	6	0.026549708	0.026542417	0.0	36196000	0	0	0.006675458	2.841796875
v6	run4	iid+defaults	40	6	0.038684542	0.038659125	0.0	51940096	0	0	0.006485541	2.841796875
v6	run4	iid+defaults	20	7	0.026531458	0.026524792	0.0	36196000	0	0	0.006463542	2.841796875
v6	run4	iid+defaults	40	7	0.038803708	0.038794333	0.0	51940096	0	0	0.006416083	2.841796875
v6	run4	iid+defaults	20	8	0.02577225	0.025757459	0.0	36196000	0	0	0.006174334	2.841796875
v6	run4	iid+defaults	40	8	0.038352083	0.0383295	0.0	51940096	0	0	0.006679083	2.841796875
v6	run4	iid+defaults	20	9	0.026331334	0.026324333	0.0	36196000	0	0	0.006243625	2.841796875
v6	run4	iid+defaults	40	9	0.039443708	0.039424584	0.0	51940096	0	0	0.005965791	2.841796875
v6	run4	iid+defaults	20	10	0.028239584	0.028204708	0.0	36196000	0	0	0.006768583	2.841796875
v6	run4	iid+defaults	40	10	0.038491791	0.038485917	0.0	51940096	0	0	0.006725792	2.841796875
v6	run4	iid+defaults	20	11	0.02670525	0.026675708	0.0	36196000	0	0	0.006529667	2.841796875
v6	run4	iid+defaults	40	11	0.039196208	0.039166208	0.0	51940096	0	0	0.006302375	2.841796875
FULLT	run4	iid+defaults	-1	0	1.5620341300964355	0	0	0	0	0	0	0
FULLT	run4	iid+defaults	0	0	6.192429	6.190675209	0.108500625	1623409488	6	0	0.006394834	3.16015625
FULLT	run4	iid+defaults	20	1	0.034133166	0.034107625	0.0	45521936	0	0	0.006683917	3.86767578125
FULLT	run4	iid+defaults	40	1	0.047888708	0.047877209	0.0	65725520	0	0	0.006406417	3.86767578125
FULLT	run4	iid+defaults	20	2	0.032470209	0.03247275	0.0	45521264	0	0	0.006172292	3.86767578125
FULLT	run4	iid+defaults	40	2	0.044851875	0.0448475	0.0	65725520	0	0	0.0062445	3.86767578125
FULLT	run4	iid+defaults	20	3	0.0327255	0.032727416	0.0	45521264	0	0	0.00625425	3.86767578125
FULLT	run4	iid+defaults	40	3	0.04750975	0.047493166	0.0	65725520	0	0	0.006465875	3.86767578125
FULLT	run4	iid+defaults	20	4	0.031738708	0.031740166	0.0	45521264	0	0	0.006126208	3.86767578125
FULLT	run4	iid+defaults	40	4	0.04505775	0.045059542	0.0	65725520	0	0	0.006151958	3.86767578125
FULLT	run4	iid+defaults	20	5	0.033157083	0.033162083	0.0	45521264	0	0	0.006304	3.86767578125
FULLT	run4	iid+defaults	40	5	0.046490791	0.0464935	0.0	65725520	0	0	0.006273958	3.86767578125
FULLT	run4	iid+defaults	20	6	0.03229725	0.032298917	0.0	45521264	0	0	0.006234333	3.86767578125
FULLT	run4	iid+defaults	40	6	0.046372708	0.046374417	0.0	65725520	0	0	0.006251	3.86767578125
FULLT	run4	iid+defaults	20	7	0.033498292	0.033500459	0.0	45521264	0	0	0.006274959	3.86767578125
FULLT	run4	iid+defaults	40	7	0.04755475	0.047550459	0.0	65725520	0	0	0.0064505	3.86767578125
FULLT	run4	iid+defaults	20	8	0.0326845	0.032686333	0.0	45521552	0	0	0.006038625	3.86767578125
FULLT	run4	iid+defaults	40	8	0.045942416	0.045938167	0.0	65725520	0	0	0.006206958	3.86767578125
FULLT	run4	iid+defaults	20	9	0.032657125	0.032659041	0.0	45521264	0	0	0.00613125	3.86767578125
FULLT	run4	iid+defaults	40	9	0.048179834	0.048182417	0.0	65725520	0	0	0.0064445	3.86767578125
FULLT	run4	iid+defaults	20	10	0.034853417	0.034855375	0.0	45521264	0	0	0.006462167	3.86767578125
FULLT	run4	iid+defaults	40	10	0.045618875	0.045621292	0.0	65725520	0	0	0.006119625	3.86767578125
FULLT	run4	iid+defaults	20	11	0.032941875	0.032943417	0.0	45521264	0	0	0.006106667	3.86767578125
FULLT	run4	iid+defaults	40	11	0.045823791	0.045825542	0.0	65725520	0	0	0.006339625	3.86767578125
FULLT	run5	iid+defaults	-1	0	1.4082269668579102	0	0	0	0	0	0	0
FULLT	run5	iid+defaults	0	0	6.083048209	6.0798355	0.126446834	1623376528	6	1	0.006169958	3.580078125
FULLT	run5	iid+defaults	20	1	0.033391625	0.033389125	0.0	45521936	0	0	0.006168209	3.533203125
FULLT	run5	iid+defaults	40	1	0.044456042	0.044457792	0.0	65725520	0	0	0.0061885	3.533203125
FULLT	run5	iid+defaults	20	2	0.031992875	0.0319945	0.0	45521264	0	0	0.00618275	3.533203125
FULLT	run5	iid+defaults	40	2	0.044754375	0.044751625	0.0	65725520	0	0	0.006448833	3.533203125
FULLT	run5	iid+defaults	20	3	0.031781083	0.031783125	0.0	45521264	0	0	0.006174125	3.533203125
FULLT	run5	iid+defaults	40	3	0.045356709	0.045353583	0.0	65725520	0	0	0.006183834	3.533203125
FULLT	run5	iid+defaults	20	4	0.032529834	0.032513291	0.0	45521264	0	0	0.006081792	3.533203125
FULLT	run5	iid+defaults	40	4	0.046879083	0.046881083	0.0	65725520	0	0	0.006400459	3.533203125
FULLT	run5	iid+defaults	20	5	0.032505875	0.032507041	0.0	45521264	0	0	0.006422959	3.533203125
FULLT	run5	iid+defaults	40	5	0.044421667	0.044423334	0.0	65725520	0	0	0.006105334	3.533203125
FULLT	run5	iid+defaults	20	6	0.031226333	0.031228166	0.0	45521264	0	0	0.006079417	3.533203125
FULLT	run5	iid+defaults	40	6	0.043843583	0.043845125	0.0	65725520	0	0	0.006151542	3.41015625
FULLT	run5	iid+defaults	20	7	0.03292875	0.032931125	0.0	45521264	0	0	0.006090667	3.41015625
FULLT	run5	iid+defaults	40	7	0.047653708	0.047656125	0.0	65725520	0	0	0.006169	3.41015625
FULLT	run5	iid+defaults	20	8	0.032226333	0.032221458	0.0	45521552	0	0	0.006041834	3.41015625
FULLT	run5	iid+defaults	40	8	0.045068792	0.045064167	0.0	65725520	0	0	0.019335042	3.41015625
FULLT	run5	iid+defaults	20	9	0.031732542	0.031734042	0.0	45521264	0	0	0.006176791	3.41015625
FULLT	run5	iid+defaults	40	9	0.044522584	0.04452425	0.0	65725520	0	0	0.006042708	3.41015625
FULLT	run5	iid+defaults	20	10	0.031841	0.031842833	0.0	45521264	0	0	0.006198125	3.41015625
FULLT	run5	iid+defaults	40	10	0.046336459	0.046327125	0.0	65725520	0	0	0.006277375	3.41015625
FULLT	run5	iid+defaults	20	11	0.032386917	0.032388833	0.0	45521264	0	0	0.006269917	3.41015625
FULLT	run5	iid+defaults	40	11	0.045793459	0.045770167	0.0	65725520	0	0	0.006246417	3.41015625
v6	run5	iid+defaults	-1	0	1.521726131439209	0	0	0	0	0	0	0
v6	run5	iid+defaults	0	0	5.180201625	5.179747917	0.080905083	1304562384	5	0	0.006386292	3.376953125
v6	run5	iid+defaults	20	1	0.026378333	0.026367959	0.0	36196672	0	0	0.006260041	3.4267578125
v6	run5	iid+defaults	40	1	0.036150833	0.036141458	0.0	51940096	0	0	0.006353834	3.4267578125
v6	run5	iid+defaults	20	2	0.024413292	0.024414792	0.0	36196000	0	0	0.006089917	3.4267578125
v6	run5	iid+defaults	40	2	0.036557375	0.03655925	0.0	51940096	0	0	0.006281084	3.4267578125
v6	run5	iid+defaults	20	3	0.024849375	0.024851625	0.0	36196000	0	0	0.006114	3.47265625
v6	run5	iid+defaults	40	3	0.037250958	0.03725225	0.0	51940096	0	0	0.00620275	3.47265625
v6	run5	iid+defaults	20	4	0.0254375	0.025438916	0.0	36196000	0	0	0.006467458	3.47265625
v6	run5	iid+defaults	40	4	0.036208709	0.036212458	0.0	51940096	0	0	0.006023417	3.47265625
v6	run5	iid+defaults	20	5	0.024803625	0.024805167	0.0	36196000	0	0	0.006185625	3.47265625
v6	run5	iid+defaults	40	5	0.035753625	0.035754833	0.0	51940096	0	0	0.00616875	3.47265625
v6	run5	iid+defaults	20	6	0.02491425	0.024916708	0.0	36196000	0	0	0.006169709	3.47265625
v6	run5	iid+defaults	40	6	0.038865625	0.0388475	0.0	51940096	0	0	0.006399458	3.47265625
v6	run5	iid+defaults	20	7	0.026578334	0.026552333	0.0	36196000	0	0	0.006536	3.47265625
v6	run5	iid+defaults	40	7	0.036719	0.0367205	0.0	51940096	0	0	0.006145291	3.47265625
v6	run5	iid+defaults	20	8	0.024268958	0.02427075	0.0	36196000	0	0	0.006030583	3.47265625
v6	run5	iid+defaults	40	8	0.035482416	0.035477333	0.0	51940096	0	0	0.006052584	3.47265625
v6	run5	iid+defaults	20	9	0.0247485	0.024750333	0.0	36196000	0	0	0.006026583	3.47265625
v6	run5	iid+defaults	40	9	0.037627834	0.037629958	0.0	51940096	0	0	0.006233083	3.47265625
v6	run5	iid+defaults	20	10	0.024649833	0.024645792	0.0	36196000	0	0	0.006447	3.47265625
v6	run5	iid+defaults	40	10	0.036120833	0.036122417	0.0	51940096	0	0	0.006197583	3.47265625
v6	run5	iid+defaults	20	11	0.024675791	0.024670667	0.0	36196000	0	0	0.006104167	3.47265625
v6	run5	iid+defaults	40	11	0.036506542	0.036508083	0.0	51940096	0	0	0.00652225	3.47265625
FULLT	run1	ssm1@100	-1	0	1.4332621097564697	0	0	0	0	0	0	0
FULLT	run1	ssm1@100	0	0	9.372790333	9.370753625	0.234636	2521922512	9	1	0.006069375	3.5146484375
FULLT	run1	ssm1@100	1	1	0.341535459	0.341145167	0.0	36474672	0	0	0.006067084	3.28125
FULLT	run1	ssm1@100	1	2	0.03619675	0.036039375	0.0	7521728	0	0	0.006282917	3.28125
FULLT	run1	ssm1@100	1	3	0.006702125	0.006606208	0.0	6432544	0	0	0.00635475	3.28125
FULLT	run1	ssm1@100	1	4	0.006025459	0.005942458	0.0	6432544	0	0	0.006104542	3.28125
FULLT	run1	ssm1@100	1	5	0.006284292	0.006201041	0.0	6432544	0	0	0.006091667	3.57861328125
FULLT	run1	ssm1@100	1	6	0.006409542	0.006328541	0.0	6432544	0	0	0.00621	3.57861328125
FULLT	run1	ssm1@100	1	7	0.006043333	0.005958	0.0	6432544	0	0	0.006330042	3.57861328125
FULLT	run1	ssm1@100	1	8	0.005974917	0.005891458	0.0	6432544	0	0	0.006245916	3.57861328125
FULLT	run1	ssm1@100	1	9	0.005874834	0.005789292	0.0	6432544	0	0	0.00631325	3.57861328125
FULLT	run1	ssm1@100	1	10	0.005977333	0.005891042	0.0	6432544	0	0	0.006024084	3.57861328125
FULLT	run1	ssm1@100	1	11	0.00588175	0.005797542	0.0	6432544	0	0	0.00610775	3.57861328125
v6	run1	ssm1@100	-1	0	1.5178442001342773	0	0	0	0	0	0	0
v6	run1	ssm1@100	0	0	6.630214	6.629589041	0.120439294	1732451360	6	0	0.00621325	3.4521484375
v6	run1	ssm1@100	1	1	0.00515	0.005151333	0.0	5820784	0	0	0.006160417	3.33544921875
v6	run1	ssm1@100	1	2	0.004781542	0.004786166	0.0	5820784	0	0	0.006245667	3.33544921875
v6	run1	ssm1@100	1	3	0.004755667	0.004756625	0.0	5820784	0	0	0.006182417	3.33544921875
v6	run1	ssm1@100	1	4	0.004643084	0.004643917	0.0	5820784	0	0	0.006190125	3.33544921875
v6	run1	ssm1@100	1	5	0.0046785	0.004680042	0.0	5820784	0	0	0.006088083	3.33544921875
v6	run1	ssm1@100	1	6	0.004679709	0.004681125	0.0	5820784	0	0	0.006106875	3.33544921875
v6	run1	ssm1@100	1	7	0.004690708	0.004692417	0.0	5820784	0	0	0.00614375	3.33544921875
v6	run1	ssm1@100	1	8	0.004561041	0.004565375	0.0	5820784	0	0	0.006209292	3.33544921875
v6	run1	ssm1@100	1	9	0.004593458	0.00459475	0.0	5820784	0	0	0.006152625	3.33544921875
v6	run1	ssm1@100	1	10	0.005312458	0.00531675	0.0	5820784	0	0	0.006682666	3.33544921875
v6	run1	ssm1@100	1	11	0.005065834	0.00507025	0.0	5820784	0	0	0.006177417	3.33544921875
v6	run2	ssm1@100	-1	0	1.5231518745422363	0	0	0	0	0	0	0
v6	run2	ssm1@100	0	0	6.589026958	6.588194333	0.132625334	1732462592	7	1	0.0060645	3.28955078125
v6	run2	ssm1@100	1	1	0.0050235	0.005024833	0.0	5820784	0	0	0.006288125	3.18603515625
v6	run2	ssm1@100	1	2	0.004667083	0.004670917	0.0	5820784	0	0	0.006199334	3.18603515625
v6	run2	ssm1@100	1	3	0.004807209	0.004811041	0.0	5820784	0	0	0.006448541	3.18603515625
v6	run2	ssm1@100	1	4	0.004546875	0.004548	0.0	5820784	0	0	0.006114958	3.18603515625
v6	run2	ssm1@100	1	5	0.004488125	0.004489166	0.0	5820784	0	0	0.0061245	3.18603515625
v6	run2	ssm1@100	1	6	0.004777	0.004781042	0.0	5820784	0	0	0.006144125	3.18603515625
v6	run2	ssm1@100	1	7	0.004712833	0.004716625	0.0	5820784	0	0	0.006407917	3.18603515625
v6	run2	ssm1@100	1	8	0.0052995	0.005300958	0.0	5820784	0	0	0.006256709	3.18603515625
v6	run2	ssm1@100	1	9	0.004645458	0.00464675	0.0	5820784	0	0	0.006152916	3.18603515625
v6	run2	ssm1@100	1	10	0.004520291	0.004522	0.0	5820784	0	0	0.00618875	3.18603515625
v6	run2	ssm1@100	1	11	0.004572875	0.004576708	0.0	5820784	0	0	0.006295666	3.0908203125
FULLT	run2	ssm1@100	-1	0	1.4227700233459473	0	0	0	0	0	0	0
FULLT	run2	ssm1@100	0	0	9.468388375	9.46156575	0.229364582	2521937504	10	1	0.006174042	3.16357421875
FULLT	run2	ssm1@100	1	1	0.033772292	0.033681292	0.0	8304864	0	0	0.006199708	3.224609375
FULLT	run2	ssm1@100	1	2	0.297291625	0.297018458	0.0	34642928	0	0	0.006246917	3.224609375
FULLT	run2	ssm1@100	1	3	0.034792625	0.034664083	0.0	7480048	0	0	0.006255	3.224609375
FULLT	run2	ssm1@100	1	4	0.006044	0.005959125	0.0	6432544	0	0	0.006265792	3.224609375
FULLT	run2	ssm1@100	1	5	0.006084583	0.006001125	0.0	6432544	0	0	0.006234542	3.224609375
FULLT	run2	ssm1@100	1	6	0.005991458	0.00591475	0.0	6432544	0	0	0.006167125	3.224609375
FULLT	run2	ssm1@100	1	7	0.005786625	0.005704666	0.0	6432544	0	0	0.006190083	3.224609375
FULLT	run2	ssm1@100	1	8	0.006138083	0.006053584	0.0	6432544	0	0	0.006069834	3.224609375
FULLT	run2	ssm1@100	1	9	0.00593725	0.005852292	0.0	6432544	0	0	0.006065125	3.224609375
FULLT	run2	ssm1@100	1	10	0.005827125	0.005743541	0.0	6432544	0	0	0.006152	3.224609375
FULLT	run2	ssm1@100	1	11	0.00593725	0.005855083	0.0	6432544	0	0	0.006144833	3.224609375
FULLT	run3	ssm1@100	-1	0	1.4312400817871094	0	0	0	0	0	0	0
FULLT	run3	ssm1@100	0	0	9.513915084	9.510837125	0.222482749	2521983344	10	1	0.006545375	3.4970703125
FULLT	run3	ssm1@100	1	1	0.317197166	0.316974666	0.0	36474672	0	0	0.006091375	3.3466796875
FULLT	run3	ssm1@100	1	2	0.035481667	0.03532575	0.0	7520928	0	0	0.006068208	3.3466796875
FULLT	run3	ssm1@100	1	3	0.006286208	0.006199959	0.0	6432544	0	0	0.00621375	3.3466796875
FULLT	run3	ssm1@100	1	4	0.005932709	0.005847333	0.0	6432544	0	0	0.006186708	3.3466796875
FULLT	run3	ssm1@100	1	5	0.006009083	0.005925084	0.0	6432544	0	0	0.006456	3.3466796875
FULLT	run3	ssm1@100	1	6	0.005853208	0.005764666	0.0	6432544	0	0	0.0062025	3.3466796875
FULLT	run3	ssm1@100	1	7	0.005796542	0.005720166	0.0	6432544	0	0	0.006268042	3.3466796875
FULLT	run3	ssm1@100	1	8	0.005986333	0.005898084	0.0	6432544	0	0	0.006523333	3.3466796875
FULLT	run3	ssm1@100	1	9	0.005854917	0.005767917	0.0	6432544	0	0	0.00607925	3.3466796875
FULLT	run3	ssm1@100	1	10	0.005941375	0.005856166	0.0	6432544	0	0	0.006166208	3.3466796875
FULLT	run3	ssm1@100	1	11	0.005976666	0.005890458	0.0	6432544	0	0	0.006157416	3.3466796875
v6	run3	ssm1@100	-1	0	1.5340900421142578	0	0	0	0	0	0	0
v6	run3	ssm1@100	0	0	6.716530959	6.7126305	0.125189209	1732452192	6	0	0.006489333	3.31884765625
v6	run3	ssm1@100	1	1	0.005060208	0.005061167	0.0	5820784	0	0	0.006591709	3.27587890625
v6	run3	ssm1@100	1	2	0.004751542	0.004753417	0.0	5820784	0	0	0.006160959	3.27587890625
v6	run3	ssm1@100	1	3	0.0047545	0.00475575	0.0	5820784	0	0	0.006142667	3.27587890625
v6	run3	ssm1@100	1	4	0.004643542	0.004645167	0.0	5820784	0	0	0.006232	3.27587890625
v6	run3	ssm1@100	1	5	0.0047285	0.004729917	0.0	5820784	0	0	0.006146459	3.27587890625
v6	run3	ssm1@100	1	6	0.004637208	0.004638333	0.0	5820784	0	0	0.006094167	3.27587890625
v6	run3	ssm1@100	1	7	0.00478	0.004774791	0.0	5820784	0	0	0.006136583	3.27587890625
v6	run3	ssm1@100	1	8	0.004792083	0.004793292	0.0	5820784	0	0	0.006113	3.27587890625
v6	run3	ssm1@100	1	9	0.004900167	0.004904583	0.0	5820784	0	0	0.006481375	3.27587890625
v6	run3	ssm1@100	1	10	0.004703958	0.004704958	0.0	5820784	0	0	0.00610625	3.27587890625
v6	run3	ssm1@100	1	11	0.004714	0.004717708	0.0	5820784	0	0	0.006362125	3.27587890625
v6	run4	ssm1@100	-1	0	1.5717198848724365	0	0	0	0	0	0	0
v6	run4	ssm1@100	0	0	6.788037334	6.780598084	0.136608208	1732469824	7	1	0.006685792	3.25341796875
v6	run4	ssm1@100	1	1	0.005213542	0.005214541	0.0	5820784	0	0	0.006079708	3.5888671875
v6	run4	ssm1@100	1	2	0.005588084	0.005590792	0.0	5820784	0	0	0.006135	3.5888671875
v6	run4	ssm1@100	1	3	0.004814542	0.004816	0.0	5820784	0	0	0.006048666	3.5888671875
v6	run4	ssm1@100	1	4	0.004735625	0.004739417	0.0	5820784	0	0	0.006292375	3.5888671875
v6	run4	ssm1@100	1	5	0.004752625	0.004754084	0.0	5820784	0	0	0.006524416	3.5888671875
v6	run4	ssm1@100	1	6	0.004797042	0.00480025	0.0	5820784	0	0	0.00648925	3.5888671875
v6	run4	ssm1@100	1	7	0.004938625	0.004939458	0.0	5820784	0	0	0.006285958	3.5888671875
v6	run4	ssm1@100	1	8	0.00453525	0.00453975	0.0	5820784	0	0	0.00612325	3.5888671875
v6	run4	ssm1@100	1	9	0.004878042	0.004879541	0.0	5820784	0	0	0.006123541	3.5888671875
v6	run4	ssm1@100	1	10	0.004737375	0.004739208	0.0	5820784	0	0	0.006209166	3.5888671875
v6	run4	ssm1@100	1	11	0.004874083	0.004875583	0.0	5820784	0	0	0.006602458	3.5888671875
FULLT	run4	ssm1@100	-1	0	1.365159034729004	0	0	0	0	0	0	0
FULLT	run4	ssm1@100	0	0	9.308930542	9.294244708	0.211632042	2521947200	10	1	0.006059583	3.38134765625
FULLT	run4	ssm1@100	1	1	0.308872834	0.308654	0.0	36474672	0	0	0.006082459	3.40234375
FULLT	run4	ssm1@100	1	2	0.0359085	0.0357205	0.0	7518880	0	0	0.006004083	3.40234375
FULLT	run4	ssm1@100	1	3	0.005721333	0.005633208	0.0	6432544	0	0	0.00613725	3.2099609375
FULLT	run4	ssm1@100	1	4	0.005734083	0.005647833	0.0	6432544	0	0	0.006113708	3.2099609375
FULLT	run4	ssm1@100	1	5	0.005750083	0.005665209	0.0	6432544	0	0	0.006096125	3.2099609375
FULLT	run4	ssm1@100	1	6	0.005723208	0.005638458	0.0	6432544	0	0	0.006096917	3.2099609375
FULLT	run4	ssm1@100	1	7	0.0058485	0.005762666	0.0	6432544	0	0	0.005905208	3.2099609375
FULLT	run4	ssm1@100	1	8	0.005988458	0.005905	0.0	6432544	0	0	0.006304375	3.2099609375
FULLT	run4	ssm1@100	1	9	0.005966458	0.005880875	0.0	6432544	0	0	0.006083584	3.2099609375
FULLT	run4	ssm1@100	1	10	0.005852042	0.00576525	0.0	6432544	0	0	0.006154166	3.2099609375
FULLT	run4	ssm1@100	1	11	0.005776417	0.005691667	0.0	6432544	0	0	0.006116625	3.2099609375
FULLT	run5	ssm1@100	-1	0	1.4059679508209229	0	0	0	0	0	0	0
FULLT	run5	ssm1@100	0	0	9.588519375	9.572928209	0.230360375	2521941008	11	1	0.00612425	3.11279296875
FULLT	run5	ssm1@100	1	1	0.032958958	0.032875959	0.0	8304864	0	0	0.006084917	3.322265625
FULLT	run5	ssm1@100	1	2	0.304987458	0.304506292	0.0	34642752	0	0	0.006572	3.322265625
FULLT	run5	ssm1@100	1	3	0.034666791	0.034543125	0.0	7478496	0	0	0.006157459	3.322265625
FULLT	run5	ssm1@100	1	4	0.005983583	0.005895167	0.0	6432544	0	0	0.00602975	3.322265625
FULLT	run5	ssm1@100	1	5	0.005839208	0.005752042	0.0	6432544	0	0	0.006184958	3.322265625
FULLT	run5	ssm1@100	1	6	0.006056625	0.005977875	0.0	6432544	0	0	0.006466459	3.322265625
FULLT	run5	ssm1@100	1	7	0.006060291	0.005978667	0.0	6432544	0	0	0.006206459	3.322265625
FULLT	run5	ssm1@100	1	8	0.005894291	0.005810208	0.0	6432544	0	0	0.006341333	3.322265625
FULLT	run5	ssm1@100	1	9	0.00597025	0.005886917	0.0	6432544	0	0	0.006089959	3.322265625
FULLT	run5	ssm1@100	1	10	0.005837542	0.005752	0.0	6432544	0	0	0.006156875	3.322265625
FULLT	run5	ssm1@100	1	11	0.005986666	0.005902042	0.0	6432544	0	0	0.006156625	3.322265625
v6	run5	ssm1@100	-1	0	1.5225510597229004	0	0	0	0	0	0	0
v6	run5	ssm1@100	0	0	6.864660458	6.860700917	0.138147584	1732457584	7	0	0.006251	3.29638671875
v6	run5	ssm1@100	1	1	0.005344625	0.00534025	0.0	5820784	0	0	0.006377333	3.3369140625
v6	run5	ssm1@100	1	2	0.004876125	0.004877459	0.0	5820784	0	0	0.006527125	3.3369140625
v6	run5	ssm1@100	1	3	0.005015459	0.005014333	0.0	5820784	0	0	0.006263458	3.3369140625
v6	run5	ssm1@100	1	4	0.004616208	0.004617625	0.0	5820784	0	0	0.005994708	3.3369140625
v6	run5	ssm1@100	1	5	0.004878333	0.004879542	0.0	5820784	0	0	0.006450917	3.3369140625
v6	run5	ssm1@100	1	6	0.004826458	0.004827625	0.0	5820784	0	0	0.006323166	3.3369140625
v6	run5	ssm1@100	1	7	0.004806458	0.004807458	0.0	5820784	0	0	0.006365167	3.3369140625
v6	run5	ssm1@100	1	8	0.004983792	0.004985333	0.0	5820784	0	0	0.006523375	3.3369140625
v6	run5	ssm1@100	1	9	0.004813917	0.004814792	0.0	5820784	0	0	0.006220375	3.3369140625
v6	run5	ssm1@100	1	10	0.00482125	0.004822292	0.0	5820784	0	0	0.006433291	3.3369140625
v6	run5	ssm1@100	1	11	0.005023458	0.005024584	0.0	5820784	0	0	0.00639625	3.3369140625
FULLT	run1	ssm1@10000	-1	0	1.446732997894287	0	0	0	0	0	0	0
FULLT	run1	ssm1@10000	0	0	11.727307209	11.690161042	0.729925748	3198893680	10	2	0.006429792	4.4697265625
FULLT	run1	ssm1@10000	1	1	0.827101167	0.806702583	0.111341583	650242176	1	0	0.006485625	4.1630859375
FULLT	run1	ssm1@10000	1	2	0.863314708	0.843068833	0.150146334	650242176	1	0	0.006343333	4.1630859375
FULLT	run1	ssm1@10000	1	3	0.862224625	0.842151125	0.15347725	650242176	1	0	0.006395125	4.14990234375
FULLT	run1	ssm1@10000	1	4	0.873766083	0.853259583	0.157126833	650242176	1	0	0.006391334	4.14990234375
FULLT	run1	ssm1@10000	1	5	0.863300875	0.843205458	0.154171167	650242176	1	0	0.00644025	4.14990234375
FULLT	run1	ssm1@10000	1	6	0.865034542	0.845164916	0.156602041	650242176	1	0	0.006441875	4.14990234375
FULLT	run1	ssm1@10000	1	7	0.876429833	0.855144792	0.159619167	650242176	1	0	0.006498667	4.14990234375
FULLT	run1	ssm1@10000	1	8	0.870171667	0.850081542	0.156644791	650242176	1	0	0.006532917	4.2177734375
FULLT	run1	ssm1@10000	1	9	0.870205125	0.849756708	0.156480375	650242176	1	0	0.006242167	4.2177734375
FULLT	run1	ssm1@10000	1	10	0.87804425	0.857098667	0.155310083	650242176	1	0	0.006486875	4.2177734375
FULLT	run1	ssm1@10000	1	11	0.89458625	0.871442083	0.156736666	650242176	1	0	0.006597417	4.2177734375
v6	run1	ssm1@10000	-1	0	1.5683479309082031	0	0	0	0	0	0	0
v6	run1	ssm1@10000	0	0	10.0906245	10.06835625	0.740963417	2704550912	9	3	0.006265333	4.03662109375
v6	run1	ssm1@10000	1	1	0.565303917	0.559827625	0.0	590427264	0	0	0.006428958	4.03662109375
v6	run1	ssm1@10000	1	2	0.728836958	0.722888375	0.1606505	590427264	1	0	0.006398917	4.03662109375
v6	run1	ssm1@10000	1	3	0.72777275	0.722197583	0.169284958	590427264	1	0	0.0062765	4.03662109375
v6	run1	ssm1@10000	1	4	0.732308	0.726714709	0.167743416	590427264	1	0	0.0066875	4.03662109375
v6	run1	ssm1@10000	1	5	0.735946	0.730227042	0.171426708	590427264	1	0	0.006508959	4.03662109375
v6	run1	ssm1@10000	1	6	0.72806925	0.722556834	0.166769292	590427264	1	0	0.006747458	3.953125
v6	run1	ssm1@10000	1	7	0.728472417	0.72289225	0.169664917	590427264	1	0	0.006475292	3.953125
v6	run1	ssm1@10000	1	8	0.731233625	0.725682084	0.169785709	590427264	1	0	0.006430625	3.953125
v6	run1	ssm1@10000	1	9	0.727162416	0.721605333	0.16902125	590427264	1	0	0.006409084	3.953125
v6	run1	ssm1@10000	1	10	0.732395042	0.726632666	0.175115459	590427264	1	0	0.006594792	3.953125
v6	run1	ssm1@10000	1	11	0.758324708	0.746711166	0.180450666	590427264	1	0	0.006399792	3.953125
v6	run2	ssm1@10000	-1	0	1.5827898979187012	0	0	0	0	0	0	0
v6	run2	ssm1@10000	0	0	9.907606417	9.899381541	0.658431543	2704545440	8	2	0.006412625	4.56201171875
v6	run2	ssm1@10000	1	1	0.587599042	0.576388917	0.0	590427264	0	0	0.006380167	4.16748046875
v6	run2	ssm1@10000	1	2	0.712994542	0.707043625	0.156910917	590427264	1	0	0.006408125	4.16748046875
v6	run2	ssm1@10000	1	3	0.73662425	0.730542916	0.175941084	590427264	1	0	0.006436042	4.16748046875
v6	run2	ssm1@10000	1	4	0.742650583	0.737126791	0.178254584	590427264	1	0	0.006474958	3.99365234375
v6	run2	ssm1@10000	1	5	0.740548625	0.734773417	0.178162	590427264	1	0	0.006411542	3.99365234375
v6	run2	ssm1@10000	1	6	0.736809792	0.731077625	0.176062917	590427264	1	0	0.006511833	3.99365234375
v6	run2	ssm1@10000	1	7	0.739191459	0.733391708	0.180329708	590427264	1	0	0.006601125	3.99365234375
v6	run2	ssm1@10000	1	8	0.734420125	0.728507792	0.176841	590427264	1	0	0.006421333	3.99365234375
v6	run2	ssm1@10000	1	9	0.758620417	0.747942583	0.1792565	590427264	1	0	0.006646458	3.99365234375
v6	run2	ssm1@10000	1	10	0.782650959	0.771963875	0.191488833	590427264	1	0	0.006021583	3.994140625
v6	run2	ssm1@10000	1	11	0.746468042	0.737987875	0.1767055	590427264	1	0	0.006186833	3.994140625
FULLT	run2	ssm1@10000	-1	0	1.4615540504455566	0	0	0	0	0	0	0
FULLT	run2	ssm1@10000	0	0	11.775084209	11.747187875	0.797281543	3199112608	10	2	0.006697209	3.994140625
FULLT	run2	ssm1@10000	1	1	0.812604	0.792539292	0.113006958	650242176	1	0	0.006469625	3.994140625
FULLT	run2	ssm1@10000	1	2	0.857697625	0.837786125	0.149369542	650242176	1	0	0.006378791	3.994140625
FULLT	run2	ssm1@10000	1	3	0.864048625	0.843787541	0.156685666	650242176	1	0	0.006553667	3.994140625
FULLT	run2	ssm1@10000	1	4	0.88829725	0.867572834	0.166222083	650242176	1	0	0.006500375	3.994140625
FULLT	run2	ssm1@10000	1	5	0.894274875	0.873661583	0.159627167	650242176	1	0	0.006172458	4.07421875
FULLT	run2	ssm1@10000	1	6	0.873561916	0.853512125	0.159377917	650242176	1	0	0.006115167	4.07421875
FULLT	run2	ssm1@10000	1	7	0.885162917	0.864847042	0.164070375	650242176	1	0	0.0065865	4.07421875
FULLT	run2	ssm1@10000	1	8	0.888517875	0.868142584	0.165971375	650242176	1	0	0.006530875	4.07421875
FULLT	run2	ssm1@10000	1	9	0.882138	0.861652667	0.16673875	650242176	1	0	0.006430125	4.07421875
FULLT	run2	ssm1@10000	1	10	0.871329458	0.851229334	0.159528292	650242176	1	0	0.006241417	3.90771484375
FULLT	run2	ssm1@10000	1	11	0.869885209	0.849925125	0.160320083	650242176	1	0	0.006382208	3.90771484375
FULLT	run3	ssm1@10000	-1	0	1.448335886001587	0	0	0	0	0	0	0
FULLT	run3	ssm1@10000	0	0	11.570869916	11.547262458	0.717689333	3199085424	10	2	0.006408125	4.0751953125
FULLT	run3	ssm1@10000	1	1	0.815426792	0.795427875	0.110607875	650242176	1	0	0.006566	4.19921875
FULLT	run3	ssm1@10000	1	2	0.855941084	0.835907791	0.1495135	650242176	1	0	0.006405666	4.19921875
FULLT	run3	ssm1@10000	1	3	0.860752791	0.840569375	0.1558675	650242176	1	0	0.006329625	4.19921875
FULLT	run3	ssm1@10000	1	4	0.865679792	0.845496458	0.156110084	650242176	1	0	0.006526167	4.19921875
FULLT	run3	ssm1@10000	1	5	0.863345583	0.843171459	0.15331175	650242176	1	0	0.006484542	4.02294921875
FULLT	run3	ssm1@10000	1	6	0.872603083	0.851981042	0.157566708	650242176	1	0	0.006403291	4.02294921875
FULLT	run3	ssm1@10000	1	7	0.863603834	0.843643375	0.155930958	650242176	1	0	0.006530458	4.02294921875
FULLT	run3	ssm1@10000	1	8	0.858494667	0.838373375	0.156038417	650242176	1	0	0.006450959	4.02294921875
FULLT	run3	ssm1@10000	1	9	0.861112833	0.84054175	0.156322917	650242176	1	0	0.006403	4.02294921875
FULLT	run3	ssm1@10000	1	10	0.869950959	0.849539625	0.155419541	650242176	1	0	0.006440084	4.02294921875
FULLT	run3	ssm1@10000	1	11	0.867439125	0.847017959	0.155321583	650242176	1	0	0.006376584	3.94091796875
v6	run3	ssm1@10000	-1	0	1.567080020904541	0	0	0	0	0	0	0
v6	run3	ssm1@10000	0	0	10.029844084	10.019733166	0.753369583	2704570912	9	3	0.006355917	3.865234375
v6	run3	ssm1@10000	1	1	0.554839542	0.54924875	0.0	590427264	0	0	0.006495	3.87939453125
v6	run3	ssm1@10000	1	2	0.707079166	0.701426292	0.157857375	590427264	1	0	0.006386125	3.87939453125
v6	run3	ssm1@10000	1	3	0.735652584	0.729864042	0.180916916	590427264	1	0	0.006192583	4.048828125
v6	run3	ssm1@10000	1	4	0.729671875	0.72403675	0.173048208	590427264	1	0	0.006428417	4.048828125
v6	run3	ssm1@10000	1	5	0.731527958	0.72589075	0.175292458	590427264	1	0	0.006333375	4.048828125
v6	run3	ssm1@10000	1	6	0.735606083	0.729920208	0.175148958	590427264	1	0	0.006371417	4.048828125
v6	run3	ssm1@10000	1	7	0.729940958	0.724470084	0.174492917	590427264	1	0	0.006350209	4.048828125
v6	run3	ssm1@10000	1	8	0.73378075	0.728185875	0.177347708	590427264	1	0	0.006274208	4.048828125
v6	run3	ssm1@10000	1	9	0.731645125	0.726133416	0.174118375	590427264	1	0	0.006365584	4.04443359375
v6	run3	ssm1@10000	1	10	0.730858209	0.725289375	0.175058833	590427264	1	0	0.006326167	4.04443359375
v6	run3	ssm1@10000	1	11	0.732009625	0.72643575	0.176592958	590427264	1	0	0.006385708	4.04443359375
v6	run4	ssm1@10000	-1	0	1.583711862564087	0	0	0	0	0	0	0
v6	run4	ssm1@10000	0	0	9.957306292	9.946464625	0.77078425	2704566640	9	3	0.006535458	4.12060546875
v6	run4	ssm1@10000	1	1	0.557073458	0.551462	0.0	590427264	0	0	0.0061955	3.93310546875
v6	run4	ssm1@10000	1	2	0.714824834	0.709199583	0.157928542	590427264	1	0	0.006204667	3.93310546875
v6	run4	ssm1@10000	1	3	0.727760875	0.722148583	0.167850875	590427264	1	0	0.006418875	3.93310546875
v6	run4	ssm1@10000	1	4	0.736760083	0.730731291	0.169082083	590427264	1	0	0.006075292	3.93310546875
v6	run4	ssm1@10000	1	5	0.723085917	0.717510708	0.170289958	590427264	1	0	0.006101833	3.93310546875
v6	run4	ssm1@10000	1	6	0.720540417	0.715024708	0.167001792	590427264	1	0	0.006087416	3.93310546875
v6	run4	ssm1@10000	1	7	0.719453125	0.713746333	0.167010291	590427264	1	0	0.006246084	3.93310546875
v6	run4	ssm1@10000	1	8	0.722487375	0.716960417	0.16907975	590427264	1	0	0.006181167	4.01806640625
v6	run4	ssm1@10000	1	9	0.712649792	0.707101209	0.1671685	590427264	1	0	0.006081958	4.01806640625
v6	run4	ssm1@10000	1	10	0.720029958	0.714294833	0.172714833	590427264	1	0	0.006176708	4.01806640625
v6	run4	ssm1@10000	1	11	0.72064825	0.715142166	0.17105275	590427264	1	0	0.006182959	4.01806640625
FULLT	run4	ssm1@10000	-1	0	1.4198789596557617	0	0	0	0	0	0	0
FULLT	run4	ssm1@10000	0	0	11.590697084	11.566421667	0.703226544	3199130704	10	2	0.006403834	4.181640625
FULLT	run4	ssm1@10000	1	1	0.818383	0.797986917	0.109186958	650242176	1	0	0.006717625	4.07958984375
FULLT	run4	ssm1@10000	1	2	0.866159	0.845926583	0.147644375	650242176	1	0	0.006284583	4.07958984375
FULLT	run4	ssm1@10000	1	3	0.864191583	0.843671959	0.152249625	650242176	1	0	0.006495542	3.99267578125
FULLT	run4	ssm1@10000	1	4	0.864169041	0.843789	0.15325575	650242176	1	0	0.00656425	3.99267578125
FULLT	run4	ssm1@10000	1	5	0.861438583	0.841320291	0.153426084	650242176	1	0	0.006462791	3.99267578125
FULLT	run4	ssm1@10000	1	6	0.860743833	0.840537959	0.151533125	650242176	1	0	0.006411208	3.99267578125
FULLT	run4	ssm1@10000	1	7	0.858200167	0.838032541	0.151221916	650242176	1	0	0.006283	3.99267578125
FULLT	run4	ssm1@10000	1	8	0.863397875	0.8431055	0.154119291	650242176	1	0	0.006450542	3.99267578125
FULLT	run4	ssm1@10000	1	9	0.866162167	0.845713292	0.152912084	650242176	1	0	0.006423292	3.9130859375
FULLT	run4	ssm1@10000	1	10	0.865528084	0.845458042	0.15582	650242176	1	0	0.006453167	3.9130859375
FULLT	run4	ssm1@10000	1	11	0.864466083	0.844350208	0.152063917	650242176	1	0	0.006476416	3.9130859375
FULLT	run5	ssm1@10000	-1	0	1.4512028694152832	0	0	0	0	0	0	0
FULLT	run5	ssm1@10000	0	0	11.511951917	11.482880416	0.724001458	3199084048	10	2	0.006479708	3.77880859375
FULLT	run5	ssm1@10000	1	1	0.805405541	0.785450375	0.110387709	650242176	1	0	0.006263458	3.65234375
FULLT	run5	ssm1@10000	1	2	0.849028667	0.829052417	0.145258917	650242176	1	0	0.006172708	3.65234375
FULLT	run5	ssm1@10000	1	3	0.84999425	0.829990042	0.152941	650242176	1	0	0.006255125	3.65234375
FULLT	run5	ssm1@10000	1	4	0.851793208	0.831778167	0.153355208	650242176	1	0	0.006158167	3.60009765625
FULLT	run5	ssm1@10000	1	5	0.850572833	0.830820292	0.153312792	650242176	1	0	0.00620375	3.60009765625
FULLT	run5	ssm1@10000	1	6	0.852294209	0.832481959	0.153096583	650242176	1	0	0.006608791	3.60009765625
FULLT	run5	ssm1@10000	1	7	0.850824291	0.830752291	0.151972417	650242176	1	0	0.006224916	3.60009765625
FULLT	run5	ssm1@10000	1	8	0.85957025	0.839639375	0.156729792	650242176	1	0	0.006206917	3.60009765625
FULLT	run5	ssm1@10000	1	9	0.872822042	0.850134167	0.1615545	650242176	1	0	0.006081791	3.5517578125
FULLT	run5	ssm1@10000	1	10	0.878461917	0.857466209	0.154156917	650242176	1	0	0.006322333	3.5517578125
FULLT	run5	ssm1@10000	1	11	0.879903042	0.858693625	0.154489709	650242176	1	0	0.006122959	3.5517578125
v6	run5	ssm1@10000	-1	0	1.6091759204864502	0	0	0	0	0	0	0
v6	run5	ssm1@10000	0	0	10.01040675	10.002196208	0.75996896	2704551168	9	3	0.006405	3.50732421875
v6	run5	ssm1@10000	1	1	0.560322375	0.554657041	0.0	590427264	0	0	0.006489041	3.30810546875
v6	run5	ssm1@10000	1	2	0.721098625	0.714901792	0.161026	590427264	1	0	0.006388375	3.30810546875
v6	run5	ssm1@10000	1	3	0.725658209	0.7199755	0.1695615	590427264	1	0	0.006395792	3.30810546875
v6	run5	ssm1@10000	1	4	0.730087041	0.724352083	0.170030125	590427264	1	0	0.006280959	3.30810546875
v6	run5	ssm1@10000	1	5	0.730960292	0.725369416	0.170563583	590427264	1	0	0.006345792	3.30810546875
v6	run5	ssm1@10000	1	6	0.728213375	0.722415042	0.167379833	590427264	1	0	0.006449792	3.30810546875
v6	run5	ssm1@10000	1	7	0.7313795	0.725670042	0.16867925	590427264	1	0	0.006465292	3.5234375
v6	run5	ssm1@10000	1	8	0.735443708	0.729350125	0.168746542	590427264	1	0	0.006503292	3.5234375
v6	run5	ssm1@10000	1	9	0.729603958	0.723912792	0.171577417	590427264	1	0	0.006350042	3.5234375
v6	run5	ssm1@10000	1	10	0.730787125	0.724871416	0.167920208	590427264	1	0	0.006285	3.5234375
v6	run5	ssm1@10000	1	11	0.730833083	0.725042917	0.16958425	590427264	1	0	0.0064215	3.5234375
FULLT	run1	iid@100	-1	0	1.5209510326385498	0	0	0	0	0	0	0
FULLT	run1	iid@100	0	0	6.376734583	6.376163167	0.158865708	1813278864	6	1	0.006486333	3.36279296875
FULLT	run1	iid@100	20	1	0.004092709	0.004093541	0.0	4500576	0	0	0.006344	3.41357421875
FULLT	run1	iid@100	40	1	0.005733166	0.005734083	0.0	6415552	0	0	0.006382084	3.41357421875
FULLT	run1	iid@100	20	2	0.004039458	0.004040667	0.0	4500576	0	0	0.006419666	3.41357421875
FULLT	run1	iid@100	40	2	0.0058115	0.005791541	0.0	6415552	0	0	0.006412458	3.41357421875
FULLT	run1	iid@100	20	3	0.003956375	0.003957417	0.0	4500576	0	0	0.006683	3.41357421875
FULLT	run1	iid@100	40	3	0.0056715	0.005672292	0.0	6415552	0	0	0.006703	3.41357421875
FULLT	run1	iid@100	20	4	0.003845167	0.003846	0.0	4500576	0	0	0.006469916	3.41357421875
FULLT	run1	iid@100	40	4	0.005572875	0.005574041	0.0	6415552	0	0	0.006498458	3.41357421875
FULLT	run1	iid@100	20	5	0.004057625	0.004059041	0.0	4500576	0	0	0.006457292	3.41357421875
FULLT	run1	iid@100	40	5	0.005261833	0.005262542	0.0	6415552	0	0	0.006296	3.41357421875
FULLT	run1	iid@100	20	6	0.003912541	0.0039135	0.0	4500576	0	0	0.0064125	3.41357421875
FULLT	run1	iid@100	40	6	0.005446042	0.005448208	0.0	6415552	0	0	0.006460333	3.41357421875
FULLT	run1	iid@100	20	7	0.004058083	0.004058709	0.0	4500576	0	0	0.00653625	3.41357421875
FULLT	run1	iid@100	40	7	0.005603125	0.005604167	0.0	6415552	0	0	0.006608291	3.41357421875
FULLT	run1	iid@100	20	8	0.004001833	0.004003	0.0	4500864	0	0	0.006460167	3.41357421875
FULLT	run1	iid@100	40	8	0.00553725	0.00553825	0.0	6415552	0	0	0.006463875	3.41357421875
FULLT	run1	iid@100	20	9	0.003878125	0.003879	0.0	4500576	0	0	0.006496084	3.41357421875
FULLT	run1	iid@100	40	9	0.005405583	0.005406708	0.0	6415552	0	0	0.006435458	3.41357421875
FULLT	run1	iid@100	20	10	0.004028667	0.00403	0.0	4500576	0	0	0.006553583	3.41357421875
FULLT	run1	iid@100	40	10	0.005402042	0.005403166	0.0	6415552	0	0	0.00637375	3.41357421875
FULLT	run1	iid@100	20	11	0.003853709	0.003854459	0.0	4500576	0	0	0.006382834	3.41357421875
FULLT	run1	iid@100	40	11	0.005472291	0.005475667	0.0	6415552	0	0	0.006621917	3.41357421875
v6	run1	iid@100	-1	0	1.574733018875122	0	0	0	0	0	0	0
v6	run1	iid@100	0	0	5.594706625	5.59402825	0.106002875	1503794272	6	0	0.0065785	3.50341796875
v6	run1	iid@100	20	1	0.003369458	0.003370666	0.0	3591136	0	0	0.006452666	3.54296875
v6	run1	iid@100	40	1	0.004577167	0.004578292	0.0	5076032	0	0	0.006372958	3.54296875
v6	run1	iid@100	20	2	0.0030525	0.003053208	0.0	3591136	0	0	0.006437667	3.54296875
v6	run1	iid@100	40	2	0.004584458	0.004586042	0.0	5076032	0	0	0.006420875	3.54296875
v6	run1	iid@100	20	3	0.003053833	0.003054917	0.0	3591136	0	0	0.006320541	3.54296875
v6	run1	iid@100	40	3	0.004567792	0.004564792	0.0	5076032	0	0	0.006409417	3.54296875
v6	run1	iid@100	20	4	0.003179167	0.003180125	0.0	3591136	0	0	0.006599291	3.54296875
v6	run1	iid@100	40	4	0.004451667	0.004452541	0.0	5076032	0	0	0.006439167	3.54296875
v6	run1	iid@100	20	5	0.00296125	0.002962084	0.0	3591136	0	0	0.006385292	3.54296875
v6	run1	iid@100	40	5	0.004604	0.004605125	0.0	5076032	0	0	0.006452708	3.54296875
v6	run1	iid@100	20	6	0.003031292	0.003032167	0.0	3591136	0	0	0.006447041	3.54296875
v6	run1	iid@100	40	6	0.004519333	0.004520083	0.0	5076032	0	0	0.006281125	3.54296875
v6	run1	iid@100	20	7	0.003146542	0.003147708	0.0	3591136	0	0	0.006403708	3.54296875
v6	run1	iid@100	40	7	0.004326792	0.004327958	0.0	5076032	0	0	0.006219416	3.54296875
v6	run1	iid@100	20	8	0.003149417	0.003150708	0.0	3591136	0	0	0.006368625	3.54296875
v6	run1	iid@100	40	8	0.00444325	0.004444208	0.0	5076032	0	0	0.0063855	3.54296875
v6	run1	iid@100	20	9	0.003089459	0.003090167	0.0	3591136	0	0	0.006504583	3.54296875
v6	run1	iid@100	40	9	0.004595583	0.004596542	0.0	5076032	0	0	0.006755541	3.54296875
v6	run1	iid@100	20	10	0.002977333	0.002980792	0.0	3591136	0	0	0.006280541	3.54296875
v6	run1	iid@100	40	10	0.004575583	0.004576292	0.0	5076032	0	0	0.006590958	3.54296875
v6	run1	iid@100	20	11	0.003078042	0.003079167	0.0	3591136	0	0	0.00652	3.54296875
v6	run1	iid@100	40	11	0.004458167	0.004459334	0.0	5076032	0	0	0.00655725	3.54296875
v6	run2	iid@100	-1	0	1.5534920692443848	0	0	0	0	0	0	0
v6	run2	iid@100	0	0	5.56785475	5.546873292	0.118710417	1503931376	6	0	0.006185875	3.458984375
v6	run2	iid@100	20	1	0.003392041	0.00339325	0.0	3591136	0	0	0.00641125	3.421875
v6	run2	iid@100	40	1	0.004625625	0.004621458	0.0	5076032	0	0	0.006512	3.421875
v6	run2	iid@100	20	2	0.003163	0.003160708	0.0	3591136	0	0	0.006224917	3.421875
v6	run2	iid@100	40	2	0.004473125	0.004474125	0.0	5076032	0	0	0.006358583	3.421875
v6	run2	iid@100	20	3	0.002924125	0.002925167	0.0	3591136	0	0	0.006480542	3.421875
v6	run2	iid@100	40	3	0.004362208	0.00436325	0.0	5076032	0	0	0.006203375	3.421875
v6	run2	iid@100	20	4	0.002971416	0.002972375	0.0	3591136	0	0	0.006188875	3.421875
v6	run2	iid@100	40	4	0.004332375	0.004333625	0.0	5076032	0	0	0.006359291	3.421875
v6	run2	iid@100	20	5	0.00299925	0.003002541	0.0	3591136	0	0	0.00616425	3.421875
v6	run2	iid@100	40	5	0.004787125	0.004788708	0.0	5076032	0	0	0.006672208	3.421875
v6	run2	iid@100	20	6	0.003010167	0.003011667	0.0	3591136	0	0	0.006338542	3.421875
v6	run2	iid@100	40	6	0.004586291	0.004587583	0.0	5076032	0	0	0.006286791	3.421875
v6	run2	iid@100	20	7	0.003114459	0.003115625	0.0	3591136	0	0	0.00607975	3.421875
v6	run2	iid@100	40	7	0.004421792	0.004422583	0.0	5076032	0	0	0.0061645	3.421875
v6	run2	iid@100	20	8	0.003068458	0.003069625	0.0	3591136	0	0	0.006267208	3.421875
v6	run2	iid@100	40	8	0.004323667	0.004324791	0.0	5076032	0	0	0.006313125	3.421875
v6	run2	iid@100	20	9	0.003063584	0.003067625	0.0	3591136	0	0	0.006211708	3.421875
v6	run2	iid@100	40	9	0.004649666	0.004650833	0.0	5076032	0	0	0.006483542	3.421875
v6	run2	iid@100	20	10	0.003268625	0.003273833	0.0	3591136	0	0	0.006414875	3.3076171875
v6	run2	iid@100	40	10	0.004816209	0.004817875	0.0	5076032	0	0	0.006227375	3.3076171875
v6	run2	iid@100	20	11	0.003002083	0.003002833	0.0	3591136	0	0	0.006313542	3.3076171875
v6	run2	iid@100	40	11	0.004575208	0.004571834	0.0	5076032	0	0	0.00623375	3.3076171875
FULLT	run2	iid@100	-1	0	1.498689889907837	0	0	0	0	0	0	0
FULLT	run2	iid@100	0	0	6.520669875	6.508292291	0.161484002	1813301872	6	1	0.0062205	3.36279296875
FULLT	run2	iid@100	20	1	0.004285083	0.004286542	0.0	4500576	0	0	0.006551417	3.46044921875
FULLT	run2	iid@100	40	1	0.005639375	0.005645875	0.0	6415552	0	0	0.006565792	3.46044921875
FULLT	run2	iid@100	20	2	0.003844292	0.003845333	0.0	4500576	0	0	0.006599333	3.46044921875
FULLT	run2	iid@100	40	2	0.005521375	0.005522917	0.0	6415552	0	0	0.006281542	3.46044921875
FULLT	run2	iid@100	20	3	0.004141584	0.00414575	0.0	4500576	0	0	0.006425459	3.46044921875
FULLT	run2	iid@100	40	3	0.005603667	0.005604875	0.0	6415552	0	0	0.006515792	3.46044921875
FULLT	run2	iid@100	20	4	0.00392575	0.00392725	0.0	4500576	0	0	0.006251417	3.46044921875
FULLT	run2	iid@100	40	4	0.005424166	0.005425375	0.0	6415552	0	0	0.006471125	3.46044921875
FULLT	run2	iid@100	20	5	0.00400725	0.004008833	0.0	4500576	0	0	0.00656625	3.46044921875
FULLT	run2	iid@100	40	5	0.005461917	0.005463167	0.0	6415552	0	0	0.006449791	3.46044921875
FULLT	run2	iid@100	20	6	0.003987458	0.003988625	0.0	4500576	0	0	0.006574	3.46044921875
FULLT	run2	iid@100	40	6	0.005606875	0.005608167	0.0	6415552	0	0	0.006564125	3.46044921875
FULLT	run2	iid@100	20	7	0.003944291	0.00394625	0.0	4500576	0	0	0.006377	3.46044921875
FULLT	run2	iid@100	40	7	0.005581125	0.005582375	0.0	6415552	0	0	0.006367917	3.46044921875
FULLT	run2	iid@100	20	8	0.004029958	0.004031	0.0	4500864	0	0	0.00648025	3.46044921875
FULLT	run2	iid@100	40	8	0.005431958	0.00543325	0.0	6415552	0	0	0.006293209	3.46044921875
FULLT	run2	iid@100	20	9	0.003901209	0.003902167	0.0	4500576	0	0	0.006348375	3.46044921875
FULLT	run2	iid@100	40	9	0.005512625	0.005513625	0.0	6415552	0	0	0.006315542	3.46044921875
FULLT	run2	iid@100	20	10	0.00398425	0.003985167	0.0	4500576	0	0	0.006590875	3.46044921875
FULLT	run2	iid@100	40	10	0.005601125	0.00560225	0.0	6415552	0	0	0.0065125	3.46044921875
FULLT	run2	iid@100	20	11	0.00387275	0.0038735	0.0	4500576	0	0	0.006502542	3.46044921875
FULLT	run2	iid@100	40	11	0.00547175	0.005473	0.0	6415552	0	0	0.006501917	3.46044921875
FULLT	run3	iid@100	-1	0	1.4867370128631592	0	0	0	0	0	0	0
FULLT	run3	iid@100	0	0	6.222065167	6.220979708	0.157453124	1813027104	6	1	0.006513917	3.53662109375
FULLT	run3	iid@100	20	1	0.004084709	0.004085625	0.0	4500576	0	0	0.006250292	3.4931640625
FULLT	run3	iid@100	40	1	0.005382542	0.005383458	0.0	6415552	0	0	0.006301541	3.4931640625
FULLT	run3	iid@100	20	2	0.003683792	0.003684875	0.0	4500576	0	0	0.00617875	3.4931640625
FULLT	run3	iid@100	40	2	0.005515917	0.005517041	0.0	6415552	0	0	0.006427583	3.4931640625
FULLT	run3	iid@100	20	3	0.003784208	0.003785166	0.0	4500576	0	0	0.006168125	3.4931640625
FULLT	run3	iid@100	40	3	0.005763125	0.005751625	0.0	6415552	0	0	0.006332292	3.4931640625
FULLT	run3	iid@100	20	4	0.003678917	0.00368175	0.0	4500576	0	0	0.006085417	3.4931640625
FULLT	run3	iid@100	40	4	0.005179916	0.005183292	0.0	6415552	0	0	0.006128583	3.4931640625
FULLT	run3	iid@100	20	5	0.003824209	0.003825542	0.0	4500576	0	0	0.006216167	3.4931640625
FULLT	run3	iid@100	40	5	0.005090708	0.0050915	0.0	6415552	0	0	0.006182333	3.4931640625
FULLT	run3	iid@100	20	6	0.003643584	0.003647416	0.0	4500576	0	0	0.006208917	3.4931640625
FULLT	run3	iid@100	40	6	0.005137458	0.005138375	0.0	6415552	0	0	0.006340708	3.4931640625
FULLT	run3	iid@100	20	7	0.003724084	0.00372775	0.0	4500576	0	0	0.006143583	3.4931640625
FULLT	run3	iid@100	40	7	0.005087875	0.005088917	0.0	6415552	0	0	0.006536208	3.4931640625
FULLT	run3	iid@100	20	8	0.003881709	0.003883125	0.0	4500864	0	0	0.0063825	3.4931640625
FULLT	run3	iid@100	40	8	0.005360083	0.005361125	0.0	6415552	0	0	0.006451292	3.4931640625
FULLT	run3	iid@100	20	9	0.003697167	0.003697916	0.0	4500576	0	0	0.006228208	3.4931640625
FULLT	run3	iid@100	40	9	0.005300084	0.005301625	0.0	6415552	0	0	0.006161542	3.4931640625
FULLT	run3	iid@100	20	10	0.003626875	0.003629959	0.0	4500576	0	0	0.006213917	3.4931640625
FULLT	run3	iid@100	40	10	0.005115541	0.005116667	0.0	6415552	0	0	0.006163	3.4931640625
FULLT	run3	iid@100	20	11	0.003760334	0.00376125	0.0	4500576	0	0	0.00619	3.4931640625
FULLT	run3	iid@100	40	11	0.005549292	0.005550458	0.0	6415552	0	0	0.006236833	3.4931640625
v6	run3	iid@100	-1	0	1.579923152923584	0	0	0	0	0	0	0
v6	run3	iid@100	0	0	5.423404625	5.420915875	0.112882959	1503937888	6	0	0.006765917	3.4169921875
v6	run3	iid@100	20	1	0.003415708	0.003417125	0.0	3591136	0	0	0.006301416	3.30322265625
v6	run3	iid@100	40	1	0.004515583	0.004517083	0.0	5076032	0	0	0.006264292	3.30322265625
v6	run3	iid@100	20	2	0.003010208	0.003013833	0.0	3591136	0	0	0.006319084	3.30322265625
v6	run3	iid@100	40	2	0.004621	0.004622625	0.0	5076032	0	0	0.00604925	3.30322265625
v6	run3	iid@100	20	3	0.002991334	0.002992666	0.0	3591136	0	0	0.006267	3.30322265625
v6	run3	iid@100	40	3	0.004484625	0.004488542	0.0	5076032	0	0	0.006276083	3.30322265625
v6	run3	iid@100	20	4	0.002974583	0.002976083	0.0	3591136	0	0	0.006319875	3.30322265625
v6	run3	iid@100	40	4	0.004489667	0.004490875	0.0	5076032	0	0	0.006225833	3.30322265625
v6	run3	iid@100	20	5	0.002947667	0.002949083	0.0	3591136	0	0	0.006161541	3.30322265625
v6	run3	iid@100	40	5	0.004361791	0.004362959	0.0	5076032	0	0	0.006103291	3.30322265625
v6	run3	iid@100	20	6	0.00308075	0.003082	0.0	3591136	0	0	0.006352833	3.30322265625
v6	run3	iid@100	40	6	0.004471208	0.004472375	0.0	5076032	0	0	0.006386792	3.30322265625
v6	run3	iid@100	20	7	0.003019875	0.003023083	0.0	3591136	0	0	0.006408916	3.30322265625
v6	run3	iid@100	40	7	0.004359083	0.004354542	0.0	5076032	0	0	0.006247083	3.30322265625
v6	run3	iid@100	20	8	0.003370125	0.003371625	0.0	3591136	0	0	0.006271583	3.30322265625
v6	run3	iid@100	40	8	0.004399791	0.004400875	0.0	5076032	0	0	0.006254083	3.30322265625
v6	run3	iid@100	20	9	0.003016791	0.003018458	0.0	3591136	0	0	0.006550958	3.30322265625
v6	run3	iid@100	40	9	0.004856167	0.0048575	0.0	5076032	0	0	0.006682208	3.30322265625
v6	run3	iid@100	20	10	0.003077875	0.003072167	0.0	3591136	0	0	0.005997209	3.30322265625
v6	run3	iid@100	40	10	0.004472958	0.004474209	0.0	5076032	0	0	0.006162459	3.30322265625
v6	run3	iid@100	20	11	0.003096625	0.003097875	0.0	3591136	0	0	0.006492666	3.30322265625
v6	run3	iid@100	40	11	0.004622125	0.004623583	0.0	5076032	0	0	0.006432708	3.30322265625
v6	run4	iid@100	-1	0	1.5437941551208496	0	0	0	0	0	0	0
v6	run4	iid@100	0	0	5.430893	5.429794375	0.108629749	1503848416	6	0	0.006200042	3.890625
v6	run4	iid@100	20	1	0.003277084	0.003277791	0.0	3591136	0	0	0.006360542	4.05908203125
v6	run4	iid@100	40	1	0.00479575	0.004796458	0.0	5076032	0	0	0.006638083	4.05908203125
v6	run4	iid@100	20	2	0.003191542	0.003192792	0.0	3591136	0	0	0.00676425	4.05908203125
v6	run4	iid@100	40	2	0.004738584	0.00474	0.0	5076032	0	0	0.006496542	4.05908203125
v6	run4	iid@100	20	3	0.003128666	0.003129791	0.0	3591136	0	0	0.006480333	4.05908203125
v6	run4	iid@100	40	3	0.004863333	0.004864458	0.0	5076032	0	0	0.00621675	4.05908203125
v6	run4	iid@100	20	4	0.003062333	0.003063625	0.0	3591136	0	0	0.006311167	4.05908203125
v6	run4	iid@100	40	4	0.004688708	0.00469	0.0	5076032	0	0	0.006498833	4.05908203125
v6	run4	iid@100	20	5	0.003172625	0.003173875	0.0	3591136	0	0	0.006476917	4.05908203125
v6	run4	iid@100	40	5	0.004846042	0.00484775	0.0	5076032	0	0	0.006647375	4.05908203125
v6	run4	iid@100	20	6	0.00309525	0.003096292	0.0	3591136	0	0	0.006447292	4.05908203125
v6	run4	iid@100	40	6	0.004546042	0.004547083	0.0	5076032	0	0	0.006581208	4.05908203125
v6	run4	iid@100	20	7	0.003083667	0.003084541	0.0	3591136	0	0	0.006391875	4.05908203125
v6	run4	iid@100	40	7	0.00468475	0.004685958	0.0	5076032	0	0	0.0064315	4.05908203125
v6	run4	iid@100	20	8	0.003301084	0.003302584	0.0	3591136	0	0	0.006528459	4.05908203125
v6	run4	iid@100	40	8	0.004731125	0.004732542	0.0	5076032	0	0	0.006459208	4.05908203125
v6	run4	iid@100	20	9	0.003007417	0.003008292	0.0	3591136	0	0	0.006328458	4.05908203125
v6	run4	iid@100	40	9	0.004635792	0.004639708	0.0	5076032	0	0	0.006635375	4.05908203125
v6	run4	iid@100	20	10	0.003137375	0.003138541	0.0	3591136	0	0	0.006525083	4.05908203125
v6	run4	iid@100	40	10	0.004499916	0.004500959	0.0	5076032	0	0	0.0064535	4.05908203125
v6	run4	iid@100	20	11	0.003226458	0.003227916	0.0	3591136	0	0	0.006465666	4.05908203125
v6	run4	iid@100	40	11	0.00452825	0.004529625	0.0	5076032	0	0	0.006483209	4.05908203125
FULLT	run4	iid@100	-1	0	1.5277540683746338	0	0	0	0	0	0	0
FULLT	run4	iid@100	0	0	6.499689	6.489355	0.159028666	1813303728	6	1	0.006413666	3.8896484375
FULLT	run4	iid@100	20	1	0.004130458	0.004131459	0.0	4500576	0	0	0.006374125	3.73828125
FULLT	run4	iid@100	40	1	0.005628625	0.00563	0.0	6415552	0	0	0.006439541	3.73828125
FULLT	run4	iid@100	20	2	0.004062459	0.004063583	0.0	4500576	0	0	0.006482917	3.73828125
FULLT	run4	iid@100	40	2	0.005691041	0.005691917	0.0	6415552	0	0	0.006596291	3.73828125
FULLT	run4	iid@100	20	3	0.003875459	0.003876708	0.0	4500576	0	0	0.006235125	3.73828125
FULLT	run4	iid@100	40	3	0.005494333	0.005495084	0.0	6415552	0	0	0.006405209	3.73828125
FULLT	run4	iid@100	20	4	0.003968708	0.003969625	0.0	4500576	0	0	0.006652791	3.73828125
FULLT	run4	iid@100	40	4	0.005700417	0.005701583	0.0	6415552	0	0	0.006716792	3.5986328125
FULLT	run4	iid@100	20	5	0.004048959	0.004050083	0.0	4500576	0	0	0.006637042	3.5986328125
FULLT	run4	iid@100	40	5	0.005621584	0.005622834	0.0	6415552	0	0	0.006295458	3.5986328125
FULLT	run4	iid@100	20	6	0.004116833	0.004118208	0.0	4500576	0	0	0.006422625	3.5986328125
FULLT	run4	iid@100	40	6	0.005376125	0.00537725	0.0	6415552	0	0	0.006363792	3.5986328125
FULLT	run4	iid@100	20	7	0.004111583	0.00408475	0.0	4500576	0	0	0.006308292	3.5986328125
FULLT	run4	iid@100	40	7	0.005396792	0.005394458	0.0	6415552	0	0	0.006493958	3.5986328125
FULLT	run4	iid@100	20	8	0.004163875	0.00416225	0.0	4500864	0	0	0.006238709	3.5986328125
FULLT	run4	iid@100	40	8	0.005680584	0.005682292	0.0	6415552	0	0	0.006458917	3.5986328125
FULLT	run4	iid@100	20	9	0.004124625	0.004117916	0.0	4500576	0	0	0.006521667	3.5986328125
FULLT	run4	iid@100	40	9	0.005493583	0.005494709	0.0	6415552	0	0	0.006450917	3.5986328125
FULLT	run4	iid@100	20	10	0.004006041	0.004007	0.0	4500576	0	0	0.006447833	3.5986328125
FULLT	run4	iid@100	40	10	0.00550975	0.005510875	0.0	6415552	0	0	0.006437083	3.5986328125
FULLT	run4	iid@100	20	11	0.003794541	0.003795291	0.0	4500576	0	0	0.006106167	3.5986328125
FULLT	run4	iid@100	40	11	0.005630833	0.005631917	0.0	6415552	0	0	0.006438084	3.5986328125
FULLT	run5	iid@100	-1	0	1.4623188972473145	0	0	0	0	0	0	0
FULLT	run5	iid@100	0	0	6.447076459	6.445672291	0.160000832	1813312064	6	1	0.006491042	3.63037109375
FULLT	run5	iid@100	20	1	0.004197833	0.004199916	0.0	4500576	0	0	0.006452166	3.61962890625
FULLT	run5	iid@100	40	1	0.00543575	0.005436833	0.0	6415552	0	0	0.006386041	3.61962890625
FULLT	run5	iid@100	20	2	0.003862166	0.003863042	0.0	4500576	0	0	0.006453208	3.61962890625
FULLT	run5	iid@100	40	2	0.005411167	0.005411958	0.0	6415552	0	0	0.006463792	3.61962890625
FULLT	run5	iid@100	20	3	0.004004083	0.004005167	0.0	4500576	0	0	0.006457625	3.61962890625
FULLT	run5	iid@100	40	3	0.005577375	0.005578459	0.0	6415552	0	0	0.006509708	3.61962890625
FULLT	run5	iid@100	20	4	0.00395775	0.003958917	0.0	4500576	0	0	0.006416083	3.61962890625
FULLT	run5	iid@100	40	4	0.005440917	0.005442083	0.0	6415552	0	0	0.006415334	3.61962890625
FULLT	run5	iid@100	20	5	0.003807542	0.003808208	0.0	4500576	0	0	0.00637325	3.61962890625
FULLT	run5	iid@100	40	5	0.0054975	0.005498333	0.0	6415552	0	0	0.006531125	3.61962890625
FULLT	run5	iid@100	20	6	0.003902417	0.003903667	0.0	4500576	0	0	0.006477917	3.61962890625
FULLT	run5	iid@100	40	6	0.005356042	0.005357	0.0	6415552	0	0	0.006491125	3.61962890625
FULLT	run5	iid@100	20	7	0.003855291	0.003856208	0.0	4500576	0	0	0.006544292	3.61962890625
FULLT	run5	iid@100	40	7	0.005565708	0.00556675	0.0	6415552	0	0	0.0065045	3.61962890625
FULLT	run5	iid@100	20	8	0.003770708	0.003771334	0.0	4500864	0	0	0.006301167	3.61962890625
FULLT	run5	iid@100	40	8	0.005589125	0.005590167	0.0	6415552	0	0	0.006475417	3.61962890625
FULLT	run5	iid@100	20	9	0.003691709	0.003692667	0.0	4500576	0	0	0.006388166	3.61962890625
FULLT	run5	iid@100	40	9	0.005524792	0.005525917	0.0	6415552	0	0	0.006399542	3.61962890625
FULLT	run5	iid@100	20	10	0.003818792	0.00381975	0.0	4500576	0	0	0.006469625	3.61962890625
FULLT	run5	iid@100	40	10	0.005396542	0.005397791	0.0	6415552	0	0	0.00647975	3.61962890625
FULLT	run5	iid@100	20	11	0.00387425	0.003875042	0.0	4500576	0	0	0.006376417	3.61962890625
FULLT	run5	iid@100	40	11	0.005356458	0.005357292	0.0	6415552	0	0	0.0061735	3.61962890625
v6	run5	iid@100	-1	0	1.5647830963134766	0	0	0	0	0	0	0
v6	run5	iid@100	0	0	5.673048083	5.666472041	0.1074505	1503866896	6	0	0.006838916	3.677734375
v6	run5	iid@100	20	1	0.003375917	0.003377042	0.0	3591136	0	0	0.006400625	3.623046875
v6	run5	iid@100	40	1	0.004700083	0.004701291	0.0	5076032	0	0	0.006413667	3.623046875
v6	run5	iid@100	20	2	0.003188208	0.003180958	0.0	3591136	0	0	0.006405	3.623046875
v6	run5	iid@100	40	2	0.0046955	0.0046965	0.0	5076032	0	0	0.006484125	3.623046875
v6	run5	iid@100	20	3	0.0032525	0.003253416	0.0	3591136	0	0	0.0065125	3.623046875
v6	run5	iid@100	40	3	0.004608875	0.004610125	0.0	5076032	0	0	0.006491958	3.623046875
v6	run5	iid@100	20	4	0.003264083	0.003262166	0.0	3591136	0	0	0.0065145	3.623046875
v6	run5	iid@100	40	4	0.004655708	0.004656917	0.0	5076032	0	0	0.006414958	3.623046875
v6	run5	iid@100	20	5	0.00321625	0.003217375	0.0	3591136	0	0	0.006767542	3.623046875
v6	run5	iid@100	40	5	0.004574125	0.004575084	0.0	5076032	0	0	0.006462292	3.623046875
v6	run5	iid@100	20	6	0.003102	0.003102625	0.0	3591136	0	0	0.006376334	3.623046875
v6	run5	iid@100	40	6	0.004579209	0.004579792	0.0	5076032	0	0	0.006435625	3.623046875
v6	run5	iid@100	20	7	0.0032265	0.003228083	0.0	3591136	0	0	0.006449916	3.623046875
v6	run5	iid@100	40	7	0.004418791	0.004419875	0.0	5076032	0	0	0.006666333	3.623046875
v6	run5	iid@100	20	8	0.003134666	0.003135792	0.0	3591136	0	0	0.006421375	3.623046875
v6	run5	iid@100	40	8	0.004679958	0.004681208	0.0	5076032	0	0	0.006471625	3.623046875
v6	run5	iid@100	20	9	0.003269	0.003270166	0.0	3591136	0	0	0.00634575	3.623046875
v6	run5	iid@100	40	9	0.004658125	0.004659333	0.0	5076032	0	0	0.00630425	3.623046875
v6	run5	iid@100	20	10	0.003271541	0.003272958	0.0	3591136	0	0	0.006485	3.623046875
v6	run5	iid@100	40	10	0.004564625	0.0045655	0.0	5076032	0	0	0.006428292	3.623046875
v6	run5	iid@100	20	11	0.003225167	0.003226292	0.0	3591136	0	0	0.0064335	3.623046875
v6	run5	iid@100	40	11	0.004559542	0.004560916	0.0	5076032	0	0	0.006420584	3.623046875
FULLT	run1	iid@10000	-1	0	1.4496111869812012	0	0	0	0	0	0	0
FULLT	run1	iid@10000	0	0	7.054589833	7.053116416	0.348386793	2246289648	8	2	0.006441416	3.61328125
FULLT	run1	iid@10000	20	1	0.512405792	0.51177025	0.074900542	437500336	1	0	0.00653675	3.72412109375
FULLT	run1	iid@10000	40	1	0.828377958	0.827179417	0.177886375	626327312	2	1	0.0061895	3.72412109375
FULLT	run1	iid@10000	20	2	0.484039334	0.483957459	0.071061583	437500336	1	0	0.006451084	3.986328125
FULLT	run1	iid@10000	40	2	0.815779208	0.815481708	0.178871957	626327312	2	1	0.006340417	3.986328125
FULLT	run1	iid@10000	20	3	0.487900917	0.487879708	0.085640333	437500336	1	0	0.006397625	3.986328125
FULLT	run1	iid@10000	40	3	0.6665965	0.666545917	0.071447459	626327312	1	0	0.006508583	3.986328125
FULLT	run1	iid@10000	20	4	0.512430792	0.510476917	0.088022333	437500336	1	0	0.006399292	3.986328125
FULLT	run1	iid@10000	40	4	0.692588708	0.692526792	0.070388125	626327312	1	0	0.006399417	3.986328125
FULLT	run1	iid@10000	20	5	0.521199125	0.519864458	0.074760875	437500336	1	0	0.006473	3.986328125
FULLT	run1	iid@10000	40	5	0.751796583	0.750353584	0.090253292	626327312	1	0	0.006394333	4.1474609375
FULLT	run1	iid@10000	20	6	0.481486667	0.481452375	0.085700708	437500336	1	0	0.006531833	4.1474609375
FULLT	run1	iid@10000	40	6	0.677676291	0.67764675	0.088414916	626327312	1	0	0.006555875	4.1474609375
FULLT	run1	iid@10000	20	7	0.484791333	0.484758458	0.086734042	437500336	1	0	0.006493792	4.1474609375
FULLT	run1	iid@10000	40	7	0.66871975	0.668648708	0.086530334	626327312	1	0	0.006446875	4.1474609375
FULLT	run1	iid@10000	20	8	0.489165333	0.489123667	0.086163333	437500624	1	0	0.006135666	4.1474609375
FULLT	run1	iid@10000	40	8	0.668556417	0.668484875	0.086644125	626327312	1	0	0.00634275	4.1474609375
FULLT	run1	iid@10000	20	9	0.482314375	0.482285334	0.086357084	437500336	1	0	0.006374542	3.97509765625
FULLT	run1	iid@10000	40	9	0.671624459	0.67159825	0.089358709	626327312	1	0	0.006592208	3.97509765625
FULLT	run1	iid@10000	20	10	0.497340834	0.497246375	0.088336167	437500336	1	0	0.006442708	3.97509765625
FULLT	run1	iid@10000	40	10	0.685265708	0.684542875	0.089307958	626327312	1	0	0.006285667	3.97509765625
FULLT	run1	iid@10000	20	11	0.493746958	0.493658125	0.088210542	437500336	1	0	0.006446083	3.97509765625
FULLT	run1	iid@10000	40	11	0.679845167	0.67981075	0.087178959	626327312	1	0	0.006510084	3.97509765625
v6	run1	iid@10000	-1	0	1.561250925064087	0	0	0	0	0	0	0
v6	run1	iid@10000	0	0	6.1259675	6.125207125	0.295696	1844353536	7	2	0.006428666	3.8984375
v6	run1	iid@10000	20	1	0.395189833	0.395170833	0.067523333	343954224	1	0	0.006514291	3.90625
v6	run1	iid@10000	40	1	0.580759042	0.580707125	0.065829333	487999120	1	0	0.006454625	3.90625
v6	run1	iid@10000	20	2	0.322196667	0.322178625	0.0	343954224	0	0	0.006196167	3.90625
v6	run1	iid@10000	40	2	0.571095917	0.571025458	0.070546458	487999120	1	0	0.006488875	3.75341796875
v6	run1	iid@10000	20	3	0.331545125	0.331513833	0.0	343954224	0	0	0.006499208	3.75341796875
v6	run1	iid@10000	40	3	0.605783125	0.605498375	0.072413208	487999120	1	0	0.006229041	3.75341796875
v6	run1	iid@10000	20	4	0.321998542	0.321968417	0.0	343954224	0	0	0.006504291	3.75341796875
v6	run1	iid@10000	40	4	0.590425708	0.590263583	0.07243925	487999120	1	0	0.006529416	3.75341796875
v6	run1	iid@10000	20	5	0.329512875	0.329467666	0.0	343954224	0	0	0.006308083	3.75341796875
v6	run1	iid@10000	40	5	0.572356458	0.572316208	0.071420375	487999120	1	0	0.006417292	3.75341796875
v6	run1	iid@10000	20	6	0.318234125	0.318180667	0.0	343954224	0	0	0.006357	3.75341796875
v6	run1	iid@10000	40	6	0.565850083	0.565815625	0.069799583	487999120	1	0	0.006312709	3.75341796875
v6	run1	iid@10000	20	7	0.336523125	0.3352835	0.0	343954224	0	0	0.006439833	3.75341796875
v6	run1	iid@10000	40	7	0.583840625	0.581276042	0.078763916	487999120	1	0	0.00624575	3.77294921875
v6	run1	iid@10000	20	8	0.316533792	0.31648775	0.0	343954224	0	0	0.006376083	3.77294921875
v6	run1	iid@10000	40	8	0.575340209	0.575285792	0.071209584	487999120	1	0	0.006392666	3.77294921875
v6	run1	iid@10000	20	9	0.326468625	0.32644725	0.0	343954224	0	0	0.006612459	3.77294921875
v6	run1	iid@10000	40	9	0.5802395	0.580180125	0.071939166	487999120	1	0	0.006387041	3.77294921875
v6	run1	iid@10000	20	10	0.332221583	0.332201833	0.0	343954224	0	0	0.006349834	3.77294921875
v6	run1	iid@10000	40	10	0.597802209	0.597656166	0.071656166	487999120	1	0	0.006443833	3.77294921875
v6	run1	iid@10000	20	11	0.34007775	0.340042459	0.0	343954224	0	0	0.006452167	3.77294921875
v6	run1	iid@10000	40	11	0.580882792	0.580861458	0.072996875	487999120	1	0	0.006385125	3.77294921875
v6	run2	iid@10000	-1	0	1.567033052444458	0	0	0	0	0	0	0
v6	run2	iid@10000	0	0	6.262647875	6.256895833	0.299634667	1844262976	7	2	0.006218708	4.02197265625
v6	run2	iid@10000	20	1	0.332380125	0.332315333	0.0	343954224	0	0	0.006657	3.93994140625
v6	run2	iid@10000	40	1	0.588492292	0.588449333	0.06665125	487999120	1	0	0.006541042	3.9443359375
v6	run2	iid@10000	20	2	0.355941458	0.354875333	0.0	343954224	0	0	0.006481	3.9443359375
v6	run2	iid@10000	40	2	0.700130875	0.692052583	0.096318041	487999120	1	0	0.005988041	3.9443359375
v6	run2	iid@10000	20	3	0.365867708	0.365443291	0.0	343954224	0	0	0.006315167	3.9443359375
v6	run2	iid@10000	40	3	0.641293541	0.640974208	0.082646875	487999120	1	0	0.006499584	3.9443359375
v6	run2	iid@10000	20	4	0.341324708	0.341060792	0.0	343954224	0	0	0.006261959	3.9443359375
v6	run2	iid@10000	40	4	0.652434708	0.651661958	0.084695333	487999120	1	0	0.006195459	3.9443359375
v6	run2	iid@10000	20	5	0.340285792	0.340187292	0.0	343954224	0	0	0.006278667	3.9443359375
v6	run2	iid@10000	40	5	0.621335375	0.621176708	0.080197417	487999120	1	0	0.006330792	3.9443359375
v6	run2	iid@10000	20	6	0.363751875	0.362931125	0.0	343954224	0	0	0.006314625	3.86865234375
v6	run2	iid@10000	40	6	0.666334791	0.665274291	0.085353791	487999120	1	0	0.006079958	3.86865234375
v6	run2	iid@10000	20	7	0.333555375	0.333532	0.0	343954224	0	0	0.006383125	3.86865234375
v6	run2	iid@10000	40	7	0.588465625	0.588380333	0.077114792	487999120	1	0	0.006121833	3.86865234375
v6	run2	iid@10000	20	8	0.331107	0.331096	0.0	343954224	0	0	0.006282541	3.86865234375
v6	run2	iid@10000	40	8	0.62190725	0.621855417	0.073131375	487999120	1	0	0.006466458	3.86865234375
v6	run2	iid@10000	20	9	0.339044459	0.33900575	0.0	343954224	0	0	0.006202792	3.86865234375
v6	run2	iid@10000	40	9	0.595540542	0.595293625	0.074164209	487999120	1	0	0.006236375	3.86865234375
v6	run2	iid@10000	20	10	0.339769625	0.339539208	0.0	343954224	0	0	0.006429792	3.86865234375
v6	run2	iid@10000	40	10	0.605909875	0.605856834	0.07121875	487999120	1	0	0.006166417	3.87890625
v6	run2	iid@10000	20	11	0.368535375	0.367992209	0.0	343954224	0	0	0.006226584	3.87890625
v6	run2	iid@10000	40	11	0.643459042	0.64230925	0.074659625	487999120	1	0	0.006559166	3.87890625
FULLT	run2	iid@10000	-1	0	1.4947288036346436	0	0	0	0	0	0	0
FULLT	run2	iid@10000	0	0	6.989356334	6.98787275	0.355643541	2246295360	8	2	0.006449125	3.88427734375
FULLT	run2	iid@10000	20	1	0.46962075	0.469565917	0.071358125	437500336	1	0	0.006597375	3.81298828125
FULLT	run2	iid@10000	40	1	0.776942333	0.776643375	0.163521626	626327312	2	1	0.006461667	3.81298828125
FULLT	run2	iid@10000	20	2	0.470474375	0.470439292	0.070957542	437500336	1	0	0.006569209	3.81298828125
FULLT	run2	iid@10000	40	2	0.769884	0.76934225	0.146136584	626327312	2	1	0.00624475	3.81298828125
FULLT	run2	iid@10000	20	3	0.477082334	0.477016	0.082641041	437500336	1	0	0.006378625	3.98779296875
FULLT	run2	iid@10000	40	3	0.74614925	0.742868375	0.08997975	626327312	1	0	0.006742541	3.98779296875
FULLT	run2	iid@10000	20	4	0.49560025	0.49534325	0.088323792	437500336	1	0	0.00640975	3.98779296875
FULLT	run2	iid@10000	40	4	0.696475084	0.696367458	0.071810083	626327312	1	0	0.006572667	3.98779296875
FULLT	run2	iid@10000	20	5	0.484197417	0.484122375	0.084229625	437500336	1	0	0.006410375	3.98779296875
FULLT	run2	iid@10000	40	5	0.691344917	0.691293916	0.074572875	626327312	1	0	0.006428458	3.98779296875
FULLT	run2	iid@10000	20	6	0.465814167	0.465792584	0.07363025	437500336	1	0	0.006314417	3.98779296875
FULLT	run2	iid@10000	40	6	0.720695083	0.719420333	0.078642333	626327312	1	0	0.006334792	3.98779296875
FULLT	run2	iid@10000	20	7	0.49346825	0.492790625	0.080424167	437500336	1	0	0.006725875	3.82861328125
FULLT	run2	iid@10000	40	7	0.697947958	0.697277042	0.074765375	626327312	1	0	0.005961708	3.82861328125
FULLT	run2	iid@10000	20	8	0.503852375	0.503332459	0.0746415	437500624	1	0	0.006587416	3.82861328125
FULLT	run2	iid@10000	40	8	0.686326458	0.685144833	0.075059042	626327312	1	0	0.006402375	3.82861328125
FULLT	run2	iid@10000	20	9	0.49015375	0.489079209	0.074514417	437500336	1	0	0.006458042	3.82861328125
FULLT	run2	iid@10000	40	9	0.732218792	0.730074125	0.078894416	626327312	1	0	0.006266583	3.82861328125
FULLT	run2	iid@10000	20	10	0.5058235	0.504549375	0.081677375	437500336	1	0	0.006105708	3.82861328125
FULLT	run2	iid@10000	40	10	0.763383709	0.759835	0.080821125	626327312	1	0	0.006101334	3.68212890625
FULLT	run2	iid@10000	20	11	0.521763792	0.520345583	0.0799385	437500336	1	0	0.006276542	3.68212890625
FULLT	run2	iid@10000	40	11	0.68364525	0.683087917	0.070790042	626327312	1	0	0.006376792	3.68212890625
FULLT	run3	iid@10000	-1	0	1.3704478740692139	0	0	0	0	0	0	0
FULLT	run3	iid@10000	0	0	6.612283958	6.609444708	0.319093126	2246344992	8	2	0.006279667	3.26953125
FULLT	run3	iid@10000	20	1	0.442699084	0.442674416	0.067178708	437500336	1	0	0.006112125	3.16748046875
FULLT	run3	iid@10000	40	1	0.729981792	0.729905709	0.146602709	626327312	2	1	0.006128458	3.16748046875
FULLT	run3	iid@10000	20	2	0.455668917	0.455344459	0.065526625	437500336	1	0	0.006180708	3.16748046875
FULLT	run3	iid@10000	40	2	0.722894584	0.722796959	0.160895709	626327312	2	1	0.006324583	3.16748046875
FULLT	run3	iid@10000	20	3	0.504625583	0.50383475	0.088019708	437500336	1	0	0.00641075	3.16748046875
FULLT	run3	iid@10000	40	3	0.625764417	0.625623125	0.066173084	626327312	1	0	0.006296208	2.99365234375
FULLT	run3	iid@10000	20	4	0.446477667	0.446453666	0.069002292	437500336	1	0	0.006167542	2.99365234375
FULLT	run3	iid@10000	40	4	0.626708375	0.6266695	0.07814475	626327312	1	0	0.006029833	2.99365234375
FULLT	run3	iid@10000	20	5	0.435319834	0.435290666	0.066682125	437500336	1	0	0.006136667	2.99365234375
FULLT	run3	iid@10000	40	5	0.621203208	0.621163833	0.078831625	626327312	1	0	0.006145667	2.99365234375
FULLT	run3	iid@10000	20	6	0.45077025	0.450728333	0.079500833	437500336	1	0	0.006093875	2.99365234375
FULLT	run3	iid@10000	40	6	0.623503584	0.623453458	0.079792875	626327312	1	0	0.006069875	2.99365234375
FULLT	run3	iid@10000	20	7	0.45581775	0.455780709	0.078944583	437500336	1	0	0.00610775	2.99365234375
FULLT	run3	iid@10000	40	7	0.620373625	0.620324625	0.078920791	626327312	1	0	0.006237875	2.833984375
FULLT	run3	iid@10000	20	8	0.454738584	0.454713334	0.080336625	437500624	1	0	0.006203542	2.833984375
FULLT	run3	iid@10000	40	8	0.628989291	0.628942708	0.0796785	626327312	1	0	0.006104542	2.833984375
FULLT	run3	iid@10000	20	9	0.534595333	0.529260916	0.088663458	437500336	1	0	0.00601025	2.833984375
FULLT	run3	iid@10000	40	9	0.749048459	0.743024083	0.087936583	626327312	1	0	0.006276959	2.833984375
FULLT	run3	iid@10000	20	10	0.507692958	0.507431875	0.083682834	437500336	1	0	0.006432209	2.833984375
FULLT	run3	iid@10000	40	10	0.683261	0.682942416	0.082812667	626327312	1	0	0.006121959	2.833984375
FULLT	run3	iid@10000	20	11	0.482811166	0.482773167	0.081425542	437500336	1	0	0.006147708	2.833984375
FULLT	run3	iid@10000	40	11	0.669244542	0.669087167	0.082962834	626327312	1	0	0.006169042	2.84716796875
v6	run3	iid@10000	-1	0	1.5429301261901855	0	0	0	0	0	0	0
v6	run3	iid@10000	0	0	5.972016417	5.9693655	0.297936959	1844368960	7	2	0.006188958	2.859375
v6	run3	iid@10000	20	1	0.329883167	0.329873583	0.0	343954224	0	0	0.006422667	2.95458984375
v6	run3	iid@10000	40	1	0.611512292	0.611098125	0.065752292	487999120	1	0	0.006568209	2.95458984375
v6	run3	iid@10000	20	2	0.3510715	0.350817792	0.0	343954224	0	0	0.006469875	2.95458984375
v6	run3	iid@10000	40	2	0.6396835	0.638927042	0.074852291	487999120	1	0	0.006569916	2.95458984375
v6	run3	iid@10000	20	3	0.335546	0.335473792	0.0	343954224	0	0	0.006381416	2.95458984375
v6	run3	iid@10000	40	3	0.596635209	0.59661175	0.070910292	487999120	1	0	0.00647875	2.95458984375
v6	run3	iid@10000	20	4	0.350773667	0.350466416	0.0	343954224	0	0	0.006348208	2.95458984375
v6	run3	iid@10000	40	4	0.60432225	0.604298542	0.075988917	487999120	1	0	0.006416958	2.95458984375
v6	run3	iid@10000	20	5	0.341835375	0.341807084	0.0	343954224	0	0	0.006460292	2.95458984375
v6	run3	iid@10000	40	5	0.635329375	0.63430575	0.075914083	487999120	1	0	0.006485833	2.8779296875
v6	run3	iid@10000	20	6	0.362867041	0.361991083	0.0	343954224	0	0	0.006004375	2.8779296875
v6	run3	iid@10000	40	6	0.636399208	0.635846167	0.073259	487999120	1	0	0.006455167	2.8779296875
v6	run3	iid@10000	20	7	0.3358255	0.3358115	0.0	343954224	0	0	0.006589042	2.8779296875
v6	run3	iid@10000	40	7	0.608515625	0.608449209	0.072020833	487999120	1	0	0.006468542	2.8779296875
v6	run3	iid@10000	20	8	0.31878875	0.318773292	0.0	343954224	0	0	0.006192875	2.8779296875
v6	run3	iid@10000	40	8	0.594364958	0.594301125	0.073735542	487999120	1	0	0.00628525	2.8779296875
v6	run3	iid@10000	20	9	0.323282542	0.32326425	0.0	343954224	0	0	0.006362125	2.8779296875
v6	run3	iid@10000	40	9	0.667306	0.664745791	0.083379667	487999120	1	0	0.006234917	2.8779296875
v6	run3	iid@10000	20	10	0.335895916	0.335830625	0.0	343954224	0	0	0.006436958	2.8076171875
v6	run3	iid@10000	40	10	0.664475208	0.6623705	0.076737709	487999120	1	0	0.006145084	2.8076171875
v6	run3	iid@10000	20	11	0.342570834	0.342402584	0.0	343954224	0	0	0.006221375	2.8076171875
v6	run3	iid@10000	40	11	0.605803042	0.605616416	0.071206875	487999120	1	0	0.006283625	2.8076171875
v6	run4	iid@10000	-1	0	1.5557260513305664	0	0	0	0	0	0	0
v6	run4	iid@10000	0	0	6.095912708	6.09257525	0.303493793	1844199456	7	2	0.006117083	3.1572265625
v6	run4	iid@10000	20	1	0.339885417	0.339843	0.0	343954224	0	0	0.006552917	3.224609375
v6	run4	iid@10000	40	1	0.592682834	0.592649042	0.065266083	487999120	1	0	0.006419	3.224609375
v6	run4	iid@10000	20	2	0.346404791	0.346316375	0.0	343954224	0	0	0.006388833	3.224609375
v6	run4	iid@10000	40	2	0.60228725	0.602252	0.071432667	487999120	1	0	0.006386834	3.224609375
v6	run4	iid@10000	20	3	0.342131292	0.342112791	0.0	343954224	0	0	0.006456875	3.224609375
v6	run4	iid@10000	40	3	0.634134375	0.633458833	0.072493917	487999120	1	0	0.006463875	3.224609375
v6	run4	iid@10000	20	4	0.340983875	0.340956166	0.0	343954224	0	0	0.006400833	3.28662109375
v6	run4	iid@10000	40	4	0.630219083	0.63003775	0.07247275	487999120	1	0	0.006235292	3.28662109375
v6	run4	iid@10000	20	5	0.329294916	0.329283375	0.0	343954224	0	0	0.006484791	3.28662109375
v6	run4	iid@10000	40	5	0.612596958	0.612535084	0.073617625	487999120	1	0	0.006559084	3.28662109375
v6	run4	iid@10000	20	6	0.335039959	0.334980834	0.0	343954224	0	0	0.00642725	3.28662109375
v6	run4	iid@10000	40	6	0.618034625	0.616740041	0.082194	487999120	1	0	0.006696	3.28662109375
v6	run4	iid@10000	20	7	0.344114667	0.34403	0.0	343954224	0	0	0.006314959	3.28662109375
v6	run4	iid@10000	40	7	0.597983542	0.597912291	0.071061542	487999120	1	0	0.006291834	3.28662109375
v6	run4	iid@10000	20	8	0.337672875	0.337596	0.0	343954224	0	0	0.006214	3.28662109375
v6	run4	iid@10000	40	8	0.603825041	0.603371875	0.07277925	487999120	1	0	0.006701542	3.34326171875
v6	run4	iid@10000	20	9	0.337925792	0.337897166	0.0	343954224	0	0	0.006662959	3.34326171875
v6	run4	iid@10000	40	9	0.578816875	0.577756334	0.068316	487999120	1	0	0.006412083	3.34326171875
v6	run4	iid@10000	20	10	0.317691084	0.317642917	0.0	343954224	0	0	0.0060335	3.34326171875
v6	run4	iid@10000	40	10	0.53633375	0.536271	0.065783584	487999120	1	0	0.006063916	3.34326171875
v6	run4	iid@10000	20	11	0.294562834	0.294531792	0.0	343954224	0	0	0.006162875	3.34326171875
v6	run4	iid@10000	40	11	0.537019333	0.536973125	0.067744208	487999120	1	0	0.006191292	3.34326171875
FULLT	run4	iid@10000	-1	0	1.4248170852661133	0	0	0	0	0	0	0
FULLT	run4	iid@10000	0	0	6.61172575	6.609998417	0.396041124	2246294800	8	2	0.006119959	3.28369140625
FULLT	run4	iid@10000	20	1	0.485743167	0.484553292	0.067494334	437500336	1	0	0.006185667	3.2607421875
FULLT	run4	iid@10000	40	1	0.779524083	0.778839084	0.163348792	626327312	2	1	0.006181583	3.2607421875
FULLT	run4	iid@10000	20	2	0.458616292	0.458571667	0.07656125	437500336	1	0	0.00625425	3.2607421875
FULLT	run4	iid@10000	40	2	0.727350625	0.726883875	0.142351001	626327312	2	1	0.006137209	3.39990234375
FULLT	run4	iid@10000	20	3	0.478621041	0.472967792	0.079202958	437500336	1	0	0.006172833	3.39990234375
FULLT	run4	iid@10000	40	3	0.6760495	0.674294417	0.08145375	626327312	1	0	0.006072625	3.39990234375
FULLT	run4	iid@10000	20	4	0.437555125	0.437525542	0.065282	437500336	1	0	0.006079458	3.39990234375
FULLT	run4	iid@10000	40	4	0.605241375	0.60520225	0.067343084	626327312	1	0	0.006144291	3.39990234375
FULLT	run4	iid@10000	20	5	0.439546833	0.439517291	0.065625	437500336	1	0	0.006129459	3.39990234375
FULLT	run4	iid@10000	40	5	0.613118959	0.613057541	0.066960792	626327312	1	0	0.006167875	3.39990234375
FULLT	run4	iid@10000	20	6	0.446729042	0.446706916	0.077620792	437500336	1	0	0.006166666	3.39990234375
FULLT	run4	iid@10000	40	6	0.618702208	0.61866725	0.077975292	626327312	1	0	0.005920584	3.52783203125
FULLT	run4	iid@10000	20	7	0.449411708	0.449383875	0.077930375	437500336	1	0	0.006138458	3.52783203125
FULLT	run4	iid@10000	40	7	0.624128417	0.624089584	0.07866	626327312	1	0	0.006150125	3.52783203125
FULLT	run4	iid@10000	20	8	0.453645458	0.453622917	0.078283416	437500624	1	0	0.006114375	3.52783203125
FULLT	run4	iid@10000	40	8	0.624823833	0.624771	0.078990542	626327312	1	0	0.006034125	3.52783203125
FULLT	run4	iid@10000	20	9	0.458028792	0.457976292	0.08488825	437500336	1	0	0.006116834	3.52783203125
FULLT	run4	iid@10000	40	9	0.651955041	0.651723958	0.082999834	626327312	1	0	0.006095666	3.52783203125
FULLT	run4	iid@10000	20	10	0.475111666	0.474728292	0.081898791	437500336	1	0	0.00623625	3.52783203125
FULLT	run4	iid@10000	40	10	0.63722325	0.637159958	0.079879	626327312	1	0	0.006126541	3.3251953125
FULLT	run4	iid@10000	20	11	0.476031792	0.475490875	0.09129875	437500336	1	0	0.006084333	3.3251953125
FULLT	run4	iid@10000	40	11	0.623998333	0.62394	0.078068625	626327312	1	0	0.006136708	3.3251953125
FULLT	run5	iid@10000	-1	0	1.474174976348877	0	0	0	0	0	0	0
FULLT	run5	iid@10000	0	0	6.890964416	6.889326917	0.354596334	2246316416	8	2	0.006242167	3.4345703125
FULLT	run5	iid@10000	20	1	0.486659041	0.486637667	0.074985	437500336	1	0	0.006330833	3.3193359375
FULLT	run5	iid@10000	40	1	0.794275458	0.793969792	0.161145209	626327312	2	1	0.006423542	3.3193359375
FULLT	run5	iid@10000	20	2	0.511034708	0.510940333	0.08590625	437500336	1	0	0.006412	3.3193359375
FULLT	run5	iid@10000	40	2	0.696311541	0.696290666	0.085955167	626327312	1	0	0.006501583	3.3193359375
FULLT	run5	iid@10000	20	3	0.488155041	0.488131542	0.072615583	437500336	1	0	0.006548708	3.29345703125
FULLT	run5	iid@10000	40	3	0.696637875	0.696582833	0.071162125	626327312	1	0	0.006406125	3.29345703125
FULLT	run5	iid@10000	20	4	0.504542125	0.503613584	0.073128875	437500336	1	0	0.006389583	3.29345703125
FULLT	run5	iid@10000	40	4	0.721094833	0.721065042	0.071565375	626327312	1	0	0.006407625	3.29345703125
FULLT	run5	iid@10000	20	5	0.482347792	0.482320792	0.073265541	437500336	1	0	0.006808334	3.29345703125
FULLT	run5	iid@10000	40	5	0.7208305	0.72075875	0.074871042	626327312	1	0	0.006461667	3.29345703125
FULLT	run5	iid@10000	20	6	0.482349292	0.482253167	0.081737375	437500336	1	0	0.006262084	3.29345703125
FULLT	run5	iid@10000	40	6	0.681593	0.681557459	0.081902167	626327312	1	0	0.006228666	3.29345703125
FULLT	run5	iid@10000	20	7	0.503742167	0.503709084	0.077438792	437500336	1	0	0.006535667	3.349609375
FULLT	run5	iid@10000	40	7	0.619112084	0.619074792	0.075166625	626327312	1	0	0.006187834	3.349609375
FULLT	run5	iid@10000	20	8	0.440742875	0.440703959	0.07453925	437500624	1	0	0.006143292	3.349609375
FULLT	run5	iid@10000	40	8	0.635473916	0.635400084	0.076027792	626327312	1	0	0.006136666	3.349609375
FULLT	run5	iid@10000	20	9	0.454453167	0.454330583	0.076117916	437500336	1	0	0.006073417	3.349609375
FULLT	run5	iid@10000	40	9	0.62461975	0.624550625	0.077722792	626327312	1	0	0.006187	3.349609375
FULLT	run5	iid@10000	20	10	0.45807875	0.458056708	0.076348416	437500336	1	0	0.00609375	3.349609375
FULLT	run5	iid@10000	40	10	0.637743041	0.637654084	0.077192916	626327312	1	0	0.006052916	3.349609375
FULLT	run5	iid@10000	20	11	0.454004042	0.453966792	0.076274208	437500336	1	0	0.006180625	3.4013671875
FULLT	run5	iid@10000	40	11	0.638089417	0.638022042	0.076724916	626327312	1	0	0.00616025	3.4013671875
v6	run5	iid@10000	-1	0	1.4719250202178955	0	0	0	0	0	0	0
v6	run5	iid@10000	0	0	5.717966292	5.716764417	0.286185625	1844279744	7	1	0.006132458	3.369140625
v6	run5	iid@10000	20	1	0.367255458	0.367183958	0.058134542	343954224	1	0	0.006102709	3.24462890625
v6	run5	iid@10000	40	1	0.5550615	0.554917792	0.067197791	487999120	1	0	0.006167	3.24462890625
v6	run5	iid@10000	20	2	0.357497625	0.357479792	0.059906875	343954224	1	0	0.00609375	3.24462890625
v6	run5	iid@10000	40	2	0.517715458	0.517681708	0.065192416	487999120	1	0	0.006100708	3.24462890625
v6	run5	iid@10000	20	3	0.295127	0.295110625	0.0	343954224	0	0	0.0060925	3.24462890625
v6	run5	iid@10000	40	3	0.519594958	0.519534375	0.066953083	487999120	1	0	0.006114167	3.24462890625
v6	run5	iid@10000	20	4	0.288935916	0.288918167	0.0	343954224	0	0	0.006128709	3.24462890625
v6	run5	iid@10000	40	4	0.54942875	0.549348	0.072326375	487999120	1	0	0.006161292	3.24462890625
v6	run5	iid@10000	20	5	0.301590125	0.301555792	0.0	343954224	0	0	0.006331458	3.24462890625
v6	run5	iid@10000	40	5	0.520994042	0.520969667	0.066756458	487999120	1	0	0.005897791	3.24462890625
v6	run5	iid@10000	20	6	0.292929583	0.292912042	0.0	343954224	0	0	0.006149667	3.3046875
v6	run5	iid@10000	40	6	0.537826084	0.537725166	0.066586625	487999120	1	0	0.006100417	3.3046875
v6	run5	iid@10000	20	7	0.296246542	0.296228958	0.0	343954224	0	0	0.006094292	3.3046875
v6	run5	iid@10000	40	7	0.524501917	0.524474375	0.067218584	487999120	1	0	0.00622775	3.3046875
v6	run5	iid@10000	20	8	0.290792166	0.290756625	0.0	343954224	0	0	0.00608875	3.3046875
v6	run5	iid@10000	40	8	0.526395	0.526309084	0.066336917	487999120	1	0	0.005964708	3.3046875
v6	run5	iid@10000	20	9	0.292359709	0.292342875	0.0	343954224	0	0	0.005954625	3.3046875
v6	run5	iid@10000	40	9	0.522435417	0.522399667	0.067349792	487999120	1	0	0.006172375	3.3046875
v6	run5	iid@10000	20	10	0.29090725	0.290888	0.0	343954224	0	0	0.006169834	3.3046875
v6	run5	iid@10000	40	10	0.521678916	0.521625917	0.066299584	487999120	1	0	0.006174625	3.3046875
v6	run5	iid@10000	20	11	0.301387291	0.301358375	0.0	343954224	0	0	0.006036625	3.1201171875
v6	run5	iid@10000	40	11	0.553330916	0.552527333	0.073029459	487999120	1	0	0.006076125	3.1201171875
FULLT	run1	iid@100000	-1	0	1.3658111095428467	0	0	0	0	0	0	0
FULLT	run1	iid@100000	0	0	13.532676042	13.527594833	2.861446415	6184961216	14	4	0.006254875	2.9501953125
FULLT	run1	iid@100000	20	1	8.285794042	8.278964625	2.978129584	4375882848	7	3	0.006165625	2.72119140625
FULLT	run1	iid@100000	40	1	12.095626667	12.086110125	3.655226166	6263909824	11	3	0.006365625	2.9169921875
FULLT	run1	iid@100000	20	2	7.851472042	7.845774209	2.485071876	4375882848	6	2	0.006391916	3.23681640625
FULLT	run1	iid@100000	40	2	10.116956042	10.11351	2.66377375	6263909824	10	3	0.006118375	3.20654296875
FULLT	run1	iid@100000	20	3	6.852217	6.848117625	1.778276459	4375882848	3	1	0.006174208	3.107421875
FULLT	run1	iid@100000	40	3	10.821212583	10.818823917	2.751757082	6263909824	10	3	0.006170458	3.0986328125
FULLT	run1	iid@100000	20	4	7.123929291	7.102578542	1.897768624	4375882848	3	1	0.006150167	3.0830078125
FULLT	run1	iid@100000	40	4	11.252328917	11.223314416	2.854422457	6263909824	10	3	0.006551	2.99609375
FULLT	run1	iid@100000	20	5	6.915554166	6.907195416	1.821617958	4375882848	3	1	0.006097958	3.00244140625
FULLT	run1	iid@100000	40	5	10.804458167	10.8005075	2.743672915	6263909824	10	3	0.006127333	3.14892578125
FULLT	run1	iid@100000	20	6	6.849803625	6.847697417	1.798414417	4375882848	3	1	0.006164625	3.0517578125
FULLT	run1	iid@100000	40	6	10.890274667	10.888262166	2.777231374	6263909824	10	3	0.006343917	2.88720703125
FULLT	run1	iid@100000	20	7	6.794495791	6.794034375	1.778507	4375882848	3	1	0.006110167	2.6767578125
FULLT	run1	iid@100000	40	7	10.955098917	10.949118	2.784250125	6263909824	10	3	0.00620325	2.5791015625
FULLT	run1	iid@100000	20	8	6.993244417	6.9865365	1.851637375	4375883136	3	1	0.006045167	2.63720703125
FULLT	run1	iid@100000	40	8	11.041636042	11.036227083	2.869426585	6263909824	10	3	0.006078	2.986328125
FULLT	run1	iid@100000	20	9	6.847749958	6.843321166	1.789190625	4375882848	3	1	0.006255209	2.61376953125
FULLT	run1	iid@100000	40	9	10.956921083	10.9554755	2.814092793	6263909824	10	3	0.006246167	2.484375
FULLT	run1	iid@100000	20	10	6.818624667	6.818139333	1.796473751	4375882848	3	1	0.005923542	2.3291015625
FULLT	run1	iid@100000	40	10	11.068674958	11.067029	2.805225335	6263909824	10	3	0.006222583	2.12451171875
FULLT	run1	iid@100000	20	11	7.212374209	7.2117235	1.939146458	4375882848	3	1	0.006213541	2.18505859375
FULLT	run1	iid@100000	40	11	11.174234583	11.173004458	3.084015709	6263909824	10	3	0.006232958	2.169921875
v6	run1	iid@100000	-1	0	1.5563929080963135	0	0	0	0	0	0	0
v6	run1	iid@100000	0	0	14.299527875	14.281493416	3.264677417	4939691648	12	4	0.006219292	2.501953125
v6	run1	iid@100000	20	1	7.936892875	7.93477075	2.401579249	3439462528	7	2	0.006241041	2.9130859375
v6	run1	iid@100000	40	1	12.961876541	12.927097709	3.268678125	4879507424	10	3	0.006277041	2.84619140625
v6	run1	iid@100000	20	2	7.535344958	7.534725667	2.321976876	3439462528	6	2	0.006119166	3.103515625
v6	run1	iid@100000	40	2	11.596021917	11.594494167	2.685688417	4879507424	10	2	0.006199875	3.40771484375
v6	run1	iid@100000	20	3	7.815686041	7.812076458	2.228383874	3439462528	6	2	0.006116042	3.27099609375
v6	run1	iid@100000	40	3	12.035655084	12.033616375	2.691899127	4879507424	10	2	0.006130083	3.51708984375
v6	run1	iid@100000	20	4	7.840459	7.839878583	2.2434075	3439462528	6	2	0.006208084	3.578125
v6	run1	iid@100000	40	4	11.752133792	11.750437084	2.679433377	4879507424	10	2	0.006162709	3.48876953125
v6	run1	iid@100000	20	5	7.464071	7.463481458	2.106686374	3439462528	6	2	0.006171708	3.48681640625
v6	run1	iid@100000	40	5	11.447900458	11.446905875	2.506961501	4879507424	10	2	0.006062791	3.18408203125
v6	run1	iid@100000	20	6	7.504972416	7.504014709	2.111539125	3439462528	6	2	0.006091417	3.22265625
v6	run1	iid@100000	40	6	11.960994458	11.9597815	2.722283208	4879507424	10	2	0.006163584	2.88037109375
v6	run1	iid@100000	20	7	7.94218975	7.938411917	2.294083333	3439462528	6	2	0.006182	3.42041015625
v6	run1	iid@100000	40	7	11.971482625	11.968679041	2.700146251	4879507424	10	2	0.006225708	3.52197265625
v6	run1	iid@100000	20	8	7.505657833	7.505049083	2.124928874	3439462528	6	2	0.006094208	3.44775390625
v6	run1	iid@100000	40	8	11.352940459	11.35099925	2.527047293	4879507424	10	2	0.006169708	3.31103515625
v6	run1	iid@100000	20	9	7.64088775	7.636984917	2.19271725	3439462528	6	2	0.006169875	3.25634765625
v6	run1	iid@100000	40	9	11.6334015	11.629033625	2.517600457	4879507424	10	2	0.006146959	3.05615234375
v6	run1	iid@100000	20	10	7.571060167	7.569090958	2.157227666	3439462528	6	2	0.0060735	3.126953125
v6	run1	iid@100000	40	10	11.568341208	11.565563916	2.586649455	4879507424	10	2	0.006054375	3.1005859375
v6	run1	iid@100000	20	11	7.602733167	7.599756208	2.165761373	3439462528	6	2	0.006059458	2.8505859375
v6	run1	iid@100000	40	11	11.650193209	11.647783625	2.589648667	4879507424	10	2	0.006065917	2.7021484375
v6	run2	iid@100000	-1	0	1.4717960357666016	0	0	0	0	0	0	0
v6	run2	iid@100000	0	0	13.257001583	13.251231834	2.962820416	4939769744	12	4	0.006091375	2.85498046875
v6	run2	iid@100000	20	1	7.535200875	7.534022792	2.226181042	3439462528	7	2	0.005954667	2.81884765625
v6	run2	iid@100000	40	1	12.182438125	12.1797535	2.974687626	4879507424	10	3	0.006186958	2.6123046875
v6	run2	iid@100000	20	2	7.162630208	7.161061625	2.156944418	3439462528	6	2	0.006123291	2.5849609375
v6	run2	iid@100000	40	2	11.16703425	11.164857792	2.51703825	4879507424	10	2	0.006151125	2.6181640625
v6	run2	iid@100000	20	3	7.473801	7.473010125	2.096181875	3439462528	6	2	0.006100625	2.41259765625
v6	run2	iid@100000	40	3	11.371574833	11.369076458	2.468109665	4879507424	10	2	0.005972375	2.37939453125
v6	run2	iid@100000	20	4	7.501447	7.50026375	2.103134083	3439462528	6	2	0.00611225	2.35009765625
v6	run2	iid@100000	40	4	11.626295834	11.622525167	2.557565499	4879507424	10	2	0.006028583	2.24169921875
v6	run2	iid@100000	20	5	7.667657833	7.664045959	2.206568501	3439462528	6	2	0.00605425	2.51806640625
v6	run2	iid@100000	40	5	11.593229375	11.589038792	2.547600004	4879507424	10	2	0.006105333	2.671875
v6	run2	iid@100000	20	6	7.642263459	7.640314041	2.177739419	3439462528	6	2	0.00615325	2.5615234375
v6	run2	iid@100000	40	6	11.560703208	11.557577583	2.5523195	4879507424	10	2	0.0061765	2.54833984375
v6	run2	iid@100000	20	7	8.042455917	8.019809125	2.280910001	3439462528	6	2	0.006074	2.53125
v6	run2	iid@100000	40	7	12.043717291	12.025075916	2.643458206	4879507424	10	2	0.006129041	3.14404296875
v6	run2	iid@100000	20	8	7.595893541	7.591001125	2.207228501	3439462528	5	2	0.006060209	3.42236328125
v6	run2	iid@100000	40	8	12.249783542	12.2305245	2.736631958	4879507424	9	2	0.006328625	3.58447265625
v6	run2	iid@100000	20	9	7.316722958	7.312898042	2.136121666	3439462528	5	2	0.006248458	3.50048828125
v6	run2	iid@100000	40	9	11.9270335	11.919730542	2.631978959	4879507424	9	2	0.006183291	3.6630859375
v6	run2	iid@100000	20	10	7.292204125	7.289788833	2.115426624	3439462528	5	2	0.006013042	3.48046875
v6	run2	iid@100000	40	10	11.901409666	11.893234292	2.633551918	4879507424	9	2	0.006296084	3.326171875
v6	run2	iid@100000	20	11	7.32100825	7.317712167	2.127778625	3439462528	5	2	0.006147041	3.34912109375
v6	run2	iid@100000	40	11	11.939620667	11.931990375	2.657644374	4879507424	9	2	0.006030166	3.4423828125
FULLT	run2	iid@100000	-1	0	1.3960838317871094	0	0	0	0	0	0	0
FULLT	run2	iid@100000	0	0	14.818788833	14.805050875	3.487205667	6184929584	14	5	0.006233541	3.40771484375
FULLT	run2	iid@100000	20	1	7.379219125	7.377175708	2.297416998	4376144992	7	2	0.006127917	3.1689453125
FULLT	run2	iid@100000	40	1	10.658890625	10.653662875	3.226271791	6264171968	11	3	0.006085625	3.3154296875
FULLT	run2	iid@100000	20	2	7.593320208	7.586900875	2.406285833	4379815008	6	2	0.005967958	3.47265625
FULLT	run2	iid@100000	40	2	10.708577875	10.706564792	2.705140751	6267841984	10	3	0.006302625	3.5146484375
FULLT	run2	iid@100000	20	3	6.878502792	6.876436375	1.811724417	4379815008	3	1	0.006111125	3.576171875
FULLT	run2	iid@100000	40	3	10.765806375	10.758717417	2.822764834	6267841984	10	3	0.006180792	3.3271484375
FULLT	run2	iid@100000	20	4	6.8510665	6.849871667	1.791458292	4379815008	3	1	0.006269416	3.2763671875
FULLT	run2	iid@100000	40	4	10.453532334	10.452214125	2.741357584	6267841984	9	2	0.006082542	3.25390625
FULLT	run2	iid@100000	20	5	6.9709625	6.968842041	2.293046792	4376144992	6	2	0.006159625	3.2080078125
FULLT	run2	iid@100000	40	5	11.132538458	11.124792375	2.834670083	6267841984	10	3	0.005871125	3.021484375
FULLT	run2	iid@100000	20	6	6.960513209	6.957865334	1.834001958	4379815008	3	1	0.006162708	2.93115234375
FULLT	run2	iid@100000	40	6	10.54957125	10.545954167	2.815357833	6267841984	9	2	0.006117084	3.0888671875
FULLT	run2	iid@100000	20	7	7.135844208	7.130176208	2.33219879	4376144992	6	2	0.006171	3.228515625
FULLT	run2	iid@100000	40	7	11.085495167	11.0810155	2.848686791	6267841984	10	3	0.006314625	3.1298828125
FULLT	run2	iid@100000	20	8	6.970937875	6.968691125	1.863612292	4379815296	3	1	0.006026	3.03564453125
FULLT	run2	iid@100000	40	8	10.742536292	10.737299792	2.878931919	6267841984	9	2	0.006083375	3.0361328125
FULLT	run2	iid@100000	20	9	7.079592	7.075792	2.334996334	4376144992	6	2	0.006143333	3.2705078125
FULLT	run2	iid@100000	40	9	11.182839542	11.175757625	2.892387916	6267841984	10	3	0.006323958	3.16845703125
FULLT	run2	iid@100000	20	10	6.98318475	6.980224	1.856233457	4379815008	3	1	0.00612775	3.13623046875
FULLT	run2	iid@100000	40	10	10.578916958	10.573712042	2.847642249	6267841984	9	2	0.006076084	3.125
FULLT	run2	iid@100000	20	11	7.0167785	7.016134125	2.287284709	4376144992	6	2	0.006139	3.11181640625
FULLT	run2	iid@100000	40	11	11.045525041	11.040391209	2.870912626	6267841984	10	3	0.00610825	3.16796875
FULLT	run3	iid@100000	-1	0	1.3694469928741455	0	0	0	0	0	0	0
FULLT	run3	iid@100000	0	0	14.409786208	14.406673917	3.398604045	6184961264	14	5	0.006068209	2.76806640625
FULLT	run3	iid@100000	20	1	8.039499709	8.0380105	2.877100501	4376144992	7	3	0.00612925	2.81298828125
FULLT	run3	iid@100000	40	1	10.949758334	10.947030333	3.375520666	6267841984	11	3	0.006072875	2.82763671875
FULLT	run3	iid@100000	20	2	7.376783166	7.375878125	2.360703585	4379815008	6	2	0.006089667	2.7802734375
FULLT	run3	iid@100000	40	2	10.030259	10.027229333	2.704407418	6267841984	10	3	0.006105625	2.73388671875
FULLT	run3	iid@100000	20	3	6.860336417	6.857192208	1.825094833	4379815008	3	1	0.006114791	2.70068359375
FULLT	run3	iid@100000	40	3	11.593361042	11.590529583	3.476296499	6267841984	11	3	0.006265458	2.724609375
FULLT	run3	iid@100000	20	4	7.484206666	7.481869083	2.388061417	4379815008	6	2	0.006100375	2.7236328125
FULLT	run3	iid@100000	40	4	10.832759167	10.827910375	2.795891042	6267841984	10	3	0.005974542	2.66552734375
FULLT	run3	iid@100000	20	5	6.922478042	6.918694083	1.862685708	4379815008	3	1	0.00603	2.5625
FULLT	run3	iid@100000	40	5	11.048030209	11.039733125	2.838785207	6267841984	10	3	0.006157917	2.94970703125
FULLT	run3	iid@100000	20	6	6.881896	6.879802	1.830613666	4379815008	3	1	0.006531167	2.8095703125
FULLT	run3	iid@100000	40	6	10.909767375	10.906670125	2.794189374	6267841984	10	3	0.006075875	2.90576171875
FULLT	run3	iid@100000	20	7	6.896897291	6.894132083	1.838959625	4379815008	3	1	0.006062417	2.76611328125
FULLT	run3	iid@100000	40	7	11.035098208	11.029210875	2.841649502	6267841984	10	3	0.006172375	2.78466796875
FULLT	run3	iid@100000	20	8	6.886025834	6.884502875	1.833951541	4379815296	3	1	0.006133667	3.05126953125
FULLT	run3	iid@100000	40	8	11.220488375	11.209643709	2.922438583	6267841984	10	3	0.00608	3.263671875
FULLT	run3	iid@100000	20	9	7.162510791	7.150062958	1.926388166	4379815008	3	1	0.006347041	3.22900390625
FULLT	run3	iid@100000	40	9	11.07134625	11.065122625	2.896870709	6267841984	10	3	0.006481042	3.18701171875
FULLT	run3	iid@100000	20	10	6.9600955	6.955954542	1.868121958	4379815008	3	1	0.006142584	3.07763671875
FULLT	run3	iid@100000	40	10	11.280247916	11.262740875	2.896779834	6267841984	10	3	0.0064235	2.9912109375
FULLT	run3	iid@100000	20	11	7.139872917	7.126150666	1.900479209	4379815008	3	1	0.006069792	2.93115234375
FULLT	run3	iid@100000	40	11	11.128633042	11.120098958	2.896011583	6267841984	10	3	0.006041083	3.0166015625
v6	run3	iid@100000	-1	0	1.8524768352508545	0	0	0	0	0	0	0
v6	run3	iid@100000	0	0	14.343330667	14.244527458	2.98469804	4937962480	13	4	0.006342583	2.93017578125
v6	run3	iid@100000	20	1	8.797695083	8.766267208	3.019018376	3437627520	7	3	0.00637175	3.70654296875
v6	run3	iid@100000	40	1	12.429023417	12.404720333	2.929116626	4877672416	11	2	0.006590208	3.67138671875
v6	run3	iid@100000	20	2	7.974582291	7.967072458	2.349672375	3437627520	6	3	0.006194167	3.80126953125
v6	run3	iid@100000	40	2	11.613567583	11.605686208	2.131501208	4877672416	5	1	0.006133875	4.42041015625
v6	run3	iid@100000	20	3	7.855629416	7.850746958	2.332913834	3437627520	6	2	0.006455292	4.73046875
v6	run3	iid@100000	40	3	11.98217625	11.962466958	2.781130584	4877672416	10	2	0.00619925	4.53759765625
v6	run3	iid@100000	20	4	7.856147833	7.853371917	2.265121374	3437627520	6	2	0.00648725	4.5341796875
v6	run3	iid@100000	40	4	12.270145416	12.258072625	2.835830126	4877672416	10	2	0.00671775	4.2978515625
v6	run3	iid@100000	20	5	7.998912791	7.98804425	2.303305541	3437627520	6	2	0.006208708	4.25830078125
v6	run3	iid@100000	40	5	12.263405	12.235736667	2.823039708	4877672416	10	2	0.006063459	4.13818359375
v6	run3	iid@100000	20	6	7.95059125	7.945936791	2.318279542	3437627520	6	2	0.006618458	4.4580078125
v6	run3	iid@100000	40	6	12.22941925	12.211735292	2.845200582	4877672416	10	2	0.006349875	4.3408203125
v6	run3	iid@100000	20	7	7.886489709	7.881056208	2.240173374	3437627520	6	2	0.006139208	3.9755859375
v6	run3	iid@100000	40	7	12.473733875	12.43837875	2.955779961	4877672416	10	2	0.006341417	3.8974609375
v6	run3	iid@100000	20	8	7.948474375	7.941911333	2.275191541	3437627520	6	2	0.006471959	4.29443359375
v6	run3	iid@100000	40	8	11.900502875	11.898589625	2.768119916	4877672416	10	2	0.006454792	4.2705078125
v6	run3	iid@100000	20	9	7.74247525	7.732637791	2.178038166	3437627520	6	2	0.006000125	3.908203125
v6	run3	iid@100000	40	9	11.954171042	11.95085725	2.699882959	4877672416	10	2	0.006066291	4.23583984375
v6	run3	iid@100000	20	10	8.125558291	8.119176292	2.360438125	3437627520	6	2	0.006376208	4.103515625
v6	run3	iid@100000	40	10	12.41424775	12.410657709	2.871426747	4877672416	10	2	0.006452041	4.10009765625
v6	run3	iid@100000	20	11	8.085063084	8.082616709	2.340823167	3437627520	6	2	0.006364542	4.01708984375
v6	run3	iid@100000	40	11	12.321843792	12.319122667	2.738518792	4877672416	10	2	0.00651275	3.93408203125
v6	run4	iid@100000	-1	0	1.5755579471588135	0	0	0	0	0	0	0
v6	run4	iid@100000	0	0	14.007393084	14.006375083	3.154870459	4939777104	12	4	0.006504708	3.7861328125
v6	run4	iid@100000	20	1	7.957024666	7.956036292	2.337690375	3439462528	7	2	0.0063845	3.68505859375
v6	run4	iid@100000	40	1	12.967451083	12.96633675	3.143963084	4879507424	10	3	0.006439417	3.5498046875
v6	run4	iid@100000	20	2	7.663146125	7.662691125	2.32348504	3439462528	6	2	0.006406	3.40869140625
v6	run4	iid@100000	40	2	11.864490667	11.863433584	2.661827335	4879507424	10	2	0.006537667	3.37548828125
v6	run4	iid@100000	20	3	8.003570542	8.00139775	2.218962167	3439462528	6	2	0.006213459	3.28564453125
v6	run4	iid@100000	40	3	12.214548667	12.213169375	2.672133751	4879507424	10	2	0.006359416	3.388671875
v6	run4	iid@100000	20	4	7.98934275	7.98863375	2.238854458	3439462528	6	2	0.006575167	3.2548828125
v6	run4	iid@100000	40	4	12.21886425	12.218090791	2.677096041	4879507424	10	2	0.00638725	3.1416015625
v6	run4	iid@100000	20	5	7.950173583	7.949725416	2.239103543	3439462528	6	2	0.006361375	3.4140625
v6	run4	iid@100000	40	5	12.359547333	12.358607125	2.7209	4879507424	10	2	0.006387166	3.49755859375
v6	run4	iid@100000	20	6	7.983611	7.983210708	2.252858793	3439462528	6	2	0.006424125	3.734375
v6	run4	iid@100000	40	6	12.378306708	12.377588	2.723316667	4879507424	10	2	0.006605833	3.78125
v6	run4	iid@100000	20	7	8.004320083	8.001290416	2.261414625	3439462528	6	2	0.006432667	3.5869140625
v6	run4	iid@100000	40	7	12.242832625	12.242054416	2.687685961	4879507424	10	2	0.006419041	3.58251953125
v6	run4	iid@100000	20	8	8.015161834	8.014640125	2.257001918	3439462528	6	2	0.006456334	3.486328125
v6	run4	iid@100000	40	8	12.259732166	12.258512083	2.675792376	4879507424	10	2	0.006348791	3.81787109375
v6	run4	iid@100000	20	9	7.9926755	7.992086459	2.258416	3439462528	6	2	0.006407375	3.5498046875
v6	run4	iid@100000	40	9	12.304565667	12.303775042	2.692445959	4879507424	10	2	0.00641325	3.42529296875
v6	run4	iid@100000	20	10	8.099612375	8.098739667	2.260877084	3439462528	6	2	0.006495458	3.18896484375
v6	run4	iid@100000	40	10	12.301471709	12.300682	2.744950126	4879507424	10	2	0.006475375	3.25390625
v6	run4	iid@100000	20	11	8.038796208	8.038277042	2.278285833	3439462528	6	2	0.006288041	3.1904296875
v6	run4	iid@100000	40	11	12.33224775	12.331201208	2.701326875	4879507424	10	2	0.006458	3.0068359375
FULLT	run4	iid@100000	-1	0	1.5122528076171875	0	0	0	0	0	0	0
FULLT	run4	iid@100000	0	0	14.930399875	14.925275792	3.209858251	6183360880	13	4	0.00643225	2.94287109375
FULLT	run4	iid@100000	20	1	7.621621458	7.621216542	2.378835458	4374309984	7	2	0.006161	2.875
FULLT	run4	iid@100000	40	1	11.366821667	11.36620225	3.213031793	6262336960	10	3	0.006438625	2.96484375
FULLT	run4	iid@100000	20	2	7.994352792	7.990423208	2.541351582	4374309984	6	2	0.006398583	2.91064453125
FULLT	run4	iid@100000	40	2	11.145059375	11.144353125	2.940693084	6262336960	10	3	0.006378542	2.83740234375
FULLT	run4	iid@100000	20	3	7.207408958	7.206884167	1.912860957	4374309984	3	1	0.006262375	2.9521484375
FULLT	run4	iid@100000	40	3	12.105863625	12.104207458	3.648310541	6262336960	11	3	0.006607416	2.95556640625
FULLT	run4	iid@100000	20	4	7.688968917	7.688465667	2.5594195	4374309984	5	2	0.006396959	3.109375
FULLT	run4	iid@100000	40	4	11.01658325	11.015914	2.892831626	6262336960	9	2	0.006375333	2.9384765625
FULLT	run4	iid@100000	20	5	7.50927175	7.500836875	2.44059125	4374309984	6	2	0.006476208	2.7939453125
FULLT	run4	iid@100000	40	5	11.562742541	11.561502042	2.96091575	6262336960	10	3	0.006401041	2.97900390625
FULLT	run4	iid@100000	20	6	7.352947375	7.34414525	1.973576416	4374309984	3	1	0.006369	3.0556640625
FULLT	run4	iid@100000	40	6	11.217030083	11.215812625	3.029116043	6262336960	9	2	0.006493667	3.19384765625
FULLT	run4	iid@100000	20	7	7.613281542	7.612609417	2.480948501	4374309984	6	2	0.006369875	3.46484375
FULLT	run4	iid@100000	40	7	11.733369584	11.730606083	3.0688315	6262336960	10	3	0.006356291	3.7001953125
FULLT	run4	iid@100000	20	8	7.22529475	7.224771667	1.903508708	4374310272	3	1	0.006319625	5.1904296875
FULLT	run4	iid@100000	40	8	11.322259708	11.32108775	3.062987959	6262336960	10	3	0.006572167	4.9345703125
FULLT	run4	iid@100000	20	9	7.353593584	7.35308975	1.998939667	4374309984	3	1	0.006432416	4.36376953125
FULLT	run4	iid@100000	40	9	11.137169	11.136476542	2.944994126	6262336960	9	2	0.006464625	4.25439453125
FULLT	run4	iid@100000	20	10	7.4198055	7.418827542	2.365587875	4374309984	6	2	0.006453291	4.21484375
FULLT	run4	iid@100000	40	10	11.530954167	11.530265584	2.948341791	6262336960	10	3	0.006474417	3.947265625
FULLT	run4	iid@100000	20	11	7.21932125	7.218923583	1.88369625	4374309984	3	1	0.006453959	3.88134765625
FULLT	run4	iid@100000	40	11	11.533701083	11.532795083	2.95812829	6262336960	10	3	0.006429542	3.73876953125
FULLT	run5	iid@100000	-1	0	1.6984601020812988	0	0	0	0	0	0	0
FULLT	run5	iid@100000	0	0	14.669535625	14.668657625	3.123463375	6184931232	14	4	0.006439125	3.966796875
FULLT	run5	iid@100000	20	1	8.502141541	8.501280458	3.059181582	4376144992	7	3	0.006523958	3.677734375
FULLT	run5	iid@100000	40	1	11.936033958	11.935221334	3.5966705	6267841984	11	3	0.006456417	3.57275390625
FULLT	run5	iid@100000	20	2	7.877760833	7.877183375	2.496074207	4379815008	6	2	0.0064375	3.564453125
FULLT	run5	iid@100000	40	2	11.161966542	11.161056917	2.838789461	6267841984	10	3	0.006469583	3.87109375
FULLT	run5	iid@100000	20	3	7.212198708	7.211654125	1.90061525	4379815008	3	1	0.006450666	3.810546875
FULLT	run5	iid@100000	40	3	12.0272325	12.026394042	3.605879043	6267841984	11	3	0.006547292	3.66552734375
FULLT	run5	iid@100000	20	4	7.523907833	7.523045542	2.420533833	4379815008	5	2	0.006454459	3.43115234375
FULLT	run5	iid@100000	40	4	10.900124542	10.899414875	2.918172248	6267841984	9	2	0.006390291	3.556640625
FULLT	run5	iid@100000	20	5	7.424559667	7.421966542	2.435833917	4376144992	6	2	0.006451084	3.37158203125
FULLT	run5	iid@100000	40	5	11.485597208	11.483055708	2.892664083	6267841984	10	3	0.006682667	3.341796875
FULLT	run5	iid@100000	20	6	7.235453583	7.235031041	1.914629541	4379815008	3	1	0.006506542	3.20849609375
FULLT	run5	iid@100000	40	6	11.169496208	11.168371917	3.027578917	6267841984	10	3	0.006635667	3.18212890625
FULLT	run5	iid@100000	20	7	7.269414792	7.268673709	1.915093042	4379815008	3	1	0.006209084	3.2275390625
FULLT	run5	iid@100000	40	7	11.439595375	11.436358583	3.040950584	6267841984	9	2	0.006150375	3.11181640625
FULLT	run5	iid@100000	20	8	7.655423375	7.65369325	2.459389834	4376145280	6	2	0.0067055	3.248046875
FULLT	run5	iid@100000	40	8	11.961450125	11.95753575	3.10690821	6267841984	10	3	0.006720917	3.51708984375
FULLT	run5	iid@100000	20	9	7.483824125	7.482318792	1.926694249	4379815008	3	1	0.006681125	3.66455078125
FULLT	run5	iid@100000	40	9	11.833949	11.830416458	3.102974875	6267841984	10	3	0.007062292	3.6357421875
FULLT	run5	iid@100000	20	10	7.532606083	7.530820042	2.0073825	4379815008	3	1	0.006680959	3.75830078125
FULLT	run5	iid@100000	40	10	11.416601917	11.411914583	3.054342833	6267841984	9	2	0.006667	4.10888671875
FULLT	run5	iid@100000	20	11	7.428890458	7.4283965	2.437304792	4376144992	6	2	0.006530875	4.01806640625
FULLT	run5	iid@100000	40	11	11.67265675	11.6685475	2.981647044	6267841984	10	3	0.006426125	4.0166015625
v6	run5	iid@100000	-1	0	1.7869689464569092	0	0	0	0	0	0	0
v6	run5	iid@100000	0	0	14.046014459	14.045011167	3.122556126	4939866688	12	4	0.006500292	3.78369140625
v6	run5	iid@100000	20	1	7.9885075	7.987549125	2.348632498	3439462528	7	2	0.006511791	3.3876953125
v6	run5	iid@100000	40	1	13.047250542	13.046179625	3.125626168	4879507424	10	3	0.006446834	3.24755859375
v6	run5	iid@100000	20	2	7.613403625	7.612968042	2.269210999	3439462528	6	2	0.006466208	3.32763671875
v6	run5	iid@100000	40	2	11.8105425	11.809597917	2.65182204	4879507424	10	2	0.006335833	3.46142578125
v6	run5	iid@100000	20	3	8.017254791	8.016800834	2.189907626	3439462528	6	2	0.006402958	4.1650390625
v6	run5	iid@100000	40	3	12.310643625	12.309923083	2.647266417	4879507424	10	2	0.006381916	3.9912109375
v6	run5	iid@100000	20	4	7.995660125	7.992748167	2.239825541	3439462528	6	2	0.006446791	3.7646484375
v6	run5	iid@100000	40	4	12.443254625	12.441174792	2.707267873	4879507424	10	2	0.00641375	3.623046875
v6	run5	iid@100000	20	5	7.995289875	7.994760792	2.255537293	3439462528	6	2	0.006476584	3.54541015625
v6	run5	iid@100000	40	5	12.311438667	12.310510542	2.657345332	4879507424	10	2	0.006479	3.58154296875
v6	run5	iid@100000	20	6	8.027634458	8.027112666	2.24552975	3439462528	6	2	0.006429375	3.6064453125
v6	run5	iid@100000	40	6	12.361199333	12.3602485	2.67629325	4879507424	10	2	0.006447458	3.43896484375
v6	run5	iid@100000	20	7	8.018786708	8.018128125	2.252403501	3439462528	6	2	0.006471625	3.21728515625
v6	run5	iid@100000	40	7	12.307417708	12.306718625	2.715292792	4879507424	10	2	0.006481917	3.18994140625
v6	run5	iid@100000	20	8	8.054618875	8.053972875	2.254719083	3439462528	6	2	0.006469542	3.16650390625
v6	run5	iid@100000	40	8	12.432214291	12.431465417	2.748131292	4879507424	10	2	0.006379333	2.98681640625
v6	run5	iid@100000	20	9	8.079703417	8.079019292	2.29293025	3439462528	6	2	0.006334167	3.2958984375
v6	run5	iid@100000	40	9	12.430015541	12.428985708	2.772994916	4879507424	10	2	0.006336542	3.09619140625
v6	run5	iid@100000	20	10	8.13267025	8.132153666	2.303611498	3439462528	6	2	0.006088333	2.98828125
v6	run5	iid@100000	40	10	12.452511666	12.451748625	2.748996622	4879507424	10	2	0.006447875	2.98876953125
v6	run5	iid@100000	20	11	8.142283292	8.140202583	2.318955	3439462528	6	2	0.006396667	3.05224609375
v6	run5	iid@100000	40	11	12.584733167	12.578042042	2.85408675	4879507424	10	2	0.006426708	2.9677734375
FULLT	run1	betabern@50000	-1	0	1.8618230819702148	0	0	0	0	0	0	0
FULLT	run1	betabern@50000	0	0	7.287017958	7.282530667	0.813647708	2418492880	8	2	0.006520833	3.4814453125
FULLT	run1	betabern@50000	1	1	1.245774417	1.245503125	0.344700958	878225392	2	1	0.00618375	3.76318359375
FULLT	run1	betabern@50000	1	2	1.076206834	1.075360708	0.180693625	878225392	1	0	0.0064205	3.78173828125
FULLT	run1	betabern@50000	1	3	1.076921583	1.076767917	0.177974792	878225392	1	0	0.006368917	3.78173828125
FULLT	run1	betabern@50000	1	4	1.080752959	1.080583875	0.176603541	878225392	1	0	0.006101625	3.78173828125
FULLT	run1	betabern@50000	1	5	1.075667458	1.075376208	0.179600125	878225392	1	0	0.006386542	3.78173828125
FULLT	run1	betabern@50000	1	6	1.073059667	1.072898917	0.175560917	878225392	1	0	0.006413417	3.78173828125
FULLT	run1	betabern@50000	1	7	1.070022917	1.069900959	0.177321958	878225392	1	0	0.006352542	3.638671875
FULLT	run1	betabern@50000	1	8	1.0746735	1.074572	0.175913125	878225392	1	0	0.006431209	3.638671875
FULLT	run1	betabern@50000	1	9	1.075501417	1.075303792	0.178679042	878225392	1	0	0.006453791	3.638671875
FULLT	run1	betabern@50000	1	10	1.084085083	1.083757	0.178090209	878225392	1	0	0.006383917	3.638671875
FULLT	run1	betabern@50000	1	11	1.078454375	1.078303458	0.178676208	878225392	1	0	0.006268333	3.66748046875
v6	run1	betabern@50000	-1	0	1.605936050415039	0	0	0	0	0	0	0
v6	run1	betabern@50000	0	0	6.129544875	6.127371916	0.500625459	2023540864	7	2	0.006403458	3.57080078125
v6	run1	betabern@50000	1	1	1.044422167	1.044074458	0.374367584	718794240	2	1	0.006691417	3.60498046875
v6	run1	betabern@50000	1	2	0.643994041	0.64395175	0.0	718794240	0	0	0.006148708	3.60498046875
v6	run1	betabern@50000	1	3	0.860539625	0.860404084	0.201149083	718794240	1	0	0.006503958	3.60498046875
v6	run1	betabern@50000	1	4	0.902298083	0.900974417	0.212101417	718794240	1	0	0.006494791	3.60498046875
v6	run1	betabern@50000	1	5	0.844012958	0.843957583	0.193563166	718794240	1	0	0.006546375	3.55615234375
v6	run1	betabern@50000	1	6	0.853064791	0.852989583	0.201105334	718794240	1	0	0.006455958	3.55615234375
v6	run1	betabern@50000	1	7	0.875715958	0.875618333	0.199766125	718794240	1	0	0.006372875	3.55615234375
v6	run1	betabern@50000	1	8	0.855833542	0.855765291	0.196261917	718794240	1	0	0.006405083	3.55615234375
v6	run1	betabern@50000	1	9	0.846217959	0.846111459	0.195332958	718794240	1	0	0.006302917	3.55615234375
v6	run1	betabern@50000	1	10	0.86201575	0.861903792	0.202875916	718794240	1	0	0.00642325	3.51123046875
v6	run1	betabern@50000	1	11	0.871050875	0.870944292	0.197660833	718794240	1	0	0.006318792	3.51123046875
v6	run2	betabern@50000	-1	0	1.6204137802124023	0	0	0	0	0	0	0
v6	run2	betabern@50000	0	0	6.270587666	6.269799	0.745290626	2023583056	8	2	0.006510834	3.35888671875
v6	run2	betabern@50000	1	1	1.033594375	1.033478875	0.364236291	718794240	2	1	0.006406666	3.41015625
v6	run2	betabern@50000	1	2	0.881029583	0.880920375	0.228164042	718794240	1	0	0.006296584	3.41015625
v6	run2	betabern@50000	1	3	0.8549405	0.854862375	0.19634925	718794240	1	0	0.006410375	3.41015625
v6	run2	betabern@50000	1	4	0.850955334	0.850812625	0.193480459	718794240	1	0	0.006515666	3.41015625
v6	run2	betabern@50000	1	5	0.83897375	0.838943334	0.185583958	718794240	1	0	0.006409292	3.376953125
v6	run2	betabern@50000	1	6	0.864806084	0.86427075	0.210618875	718794240	1	0	0.006346542	3.376953125
v6	run2	betabern@50000	1	7	0.864832125	0.864724	0.194846	718794240	1	0	0.0063635	3.376953125
v6	run2	betabern@50000	1	8	0.849286916	0.849236125	0.191347833	718794240	1	0	0.006377667	3.376953125
v6	run2	betabern@50000	1	9	0.851606334	0.851523792	0.188799292	718794240	1	0	0.00643675	3.376953125
v6	run2	betabern@50000	1	10	0.86788775	0.867793333	0.19643025	718794240	1	0	0.006372291	3.2666015625
v6	run2	betabern@50000	1	11	0.855232875	0.855205625	0.194758167	718794240	1	0	0.00620975	3.2666015625
FULLT	run2	betabern@50000	-1	0	1.4876158237457275	0	0	0	0	0	0	0
FULLT	run2	betabern@50000	0	0	7.087582542	7.086515834	0.662485834	2418482416	7	2	0.006482541	3.2314453125
FULLT	run2	betabern@50000	1	1	1.302342291	1.302043625	0.408257625	878225392	2	1	0.00648875	3.1328125
FULLT	run2	betabern@50000	1	2	1.104863417	1.1047945	0.214915875	878225392	1	0	0.0063675	3.1328125
FULLT	run2	betabern@50000	1	3	1.123405083	1.123088709	0.208259084	878225392	1	0	0.006377458	3.1220703125
FULLT	run2	betabern@50000	1	4	1.106397208	1.106179666	0.191013833	878225392	1	0	0.00672525	3.1220703125
FULLT	run2	betabern@50000	1	5	1.073365292	1.073296041	0.192796125	878225392	1	0	0.006369375	3.1220703125
FULLT	run2	betabern@50000	1	6	1.054261166	1.053894709	0.182557458	878225392	1	0	0.006311833	3.1220703125
FULLT	run2	betabern@50000	1	7	1.108913542	1.105969667	0.194168125	878225392	1	0	0.00628875	3.19189453125
FULLT	run2	betabern@50000	1	8	1.060840542	1.060518916	0.19006125	878225392	1	0	0.006366917	3.19189453125
FULLT	run2	betabern@50000	1	9	1.066976833	1.066864458	0.189297916	878225392	1	0	0.006292	3.19189453125
FULLT	run2	betabern@50000	1	10	1.075589875	1.074783416	0.183002542	878225392	1	0	0.006389541	3.19189453125
FULLT	run2	betabern@50000	1	11	1.059605416	1.059250916	0.1836735	878225392	1	0	0.006279917	3.19189453125
FULLT	run3	betabern@50000	-1	0	1.4779078960418701	0	0	0	0	0	0	0
FULLT	run3	betabern@50000	0	0	7.013651667	7.012703708	0.678547793	2418507376	7	2	0.006456208	3.1552734375
FULLT	run3	betabern@50000	1	1	1.238050291	1.237985	0.352438624	878225392	2	1	0.006438	2.97705078125
FULLT	run3	betabern@50000	1	2	1.079946167	1.079744875	0.186623167	878225392	1	0	0.006487458	2.97705078125
FULLT	run3	betabern@50000	1	3	1.058181625	1.058141333	0.177409667	878225392	1	0	0.006469	2.97705078125
FULLT	run3	betabern@50000	1	4	1.055772792	1.055698333	0.171169625	878225392	1	0	0.006457542	2.978515625
FULLT	run3	betabern@50000	1	5	1.0601305	1.060068166	0.175321	878225392	1	0	0.0064685	2.978515625
FULLT	run3	betabern@50000	1	6	1.059260334	1.059188	0.173980125	878225392	1	0	0.006513042	2.978515625
FULLT	run3	betabern@50000	1	7	1.062795	1.062723542	0.175253208	878225392	1	0	0.006473625	2.978515625
FULLT	run3	betabern@50000	1	8	1.062668417	1.062560083	0.182920875	878225392	1	0	0.006445541	2.978515625
FULLT	run3	betabern@50000	1	9	1.062316458	1.062251416	0.174682917	878225392	1	0	0.006409084	3.14013671875
FULLT	run3	betabern@50000	1	10	1.058552583	1.058419334	0.174499209	878225392	1	0	0.006645416	3.14013671875
FULLT	run3	betabern@50000	1	11	1.071055583	1.07080425	0.174803	878225392	1	0	0.006542958	3.14013671875
v6	run3	betabern@50000	-1	0	1.5663719177246094	0	0	0	0	0	0	0
v6	run3	betabern@50000	0	0	6.061030708	6.058579083	0.626205457	2023512160	7	2	0.006415666	3.4931640625
v6	run3	betabern@50000	1	1	1.025065292	1.025007083	0.384397791	718794240	2	1	0.006414083	4.41455078125
v6	run3	betabern@50000	1	2	0.633063083	0.633039	0.0	718794240	0	0	0.006466416	4.41455078125
v6	run3	betabern@50000	1	3	0.834233417	0.834177375	0.193128166	718794240	1	0	0.006449084	4.38134765625
v6	run3	betabern@50000	1	4	0.836794292	0.836760917	0.18926975	718794240	1	0	0.006435959	4.38134765625
v6	run3	betabern@50000	1	5	0.853819958	0.85376275	0.191309292	718794240	1	0	0.006484917	4.38134765625
v6	run3	betabern@50000	1	6	0.831522291	0.831471167	0.189013875	718794240	1	0	0.00643275	4.38134765625
v6	run3	betabern@50000	1	7	0.84183075	0.841778709	0.18989225	718794240	1	0	0.006494709	4.38134765625
v6	run3	betabern@50000	1	8	0.843395417	0.843299709	0.190736791	718794240	1	0	0.006470334	4.38134765625
v6	run3	betabern@50000	1	9	0.841090458	0.841041666	0.192515125	718794240	1	0	0.006482167	4.2705078125
v6	run3	betabern@50000	1	10	0.83824975	0.838211458	0.190821167	718794240	1	0	0.0065535	4.2705078125
v6	run3	betabern@50000	1	11	0.849531209	0.849488583	0.191392083	718794240	1	0	0.00667975	4.2705078125
v6	run4	betabern@50000	-1	0	1.5640571117401123	0	0	0	0	0	0	0
v6	run4	betabern@50000	0	0	6.1650795	6.164284875	0.689842084	2023546288	7	2	0.006499291	4.1484375
v6	run4	betabern@50000	1	1	1.027089917	1.027015	0.383545083	718794240	2	1	0.0062745	3.97607421875
v6	run4	betabern@50000	1	2	0.647896	0.647869042	0.0	718794240	0	0	0.006467083	3.97607421875
v6	run4	betabern@50000	1	3	0.841128417	0.841008834	0.191817083	718794240	1	0	0.006492666	3.97607421875
v6	run4	betabern@50000	1	4	0.837786916	0.837653209	0.190304208	718794240	1	0	0.006406292	3.8173828125
v6	run4	betabern@50000	1	5	0.8418065	0.84164575	0.188866125	718794240	1	0	0.00648425	3.8173828125
v6	run4	betabern@50000	1	6	0.847992292	0.847931416	0.188874958	718794240	1	0	0.00633025	3.8173828125
v6	run4	betabern@50000	1	7	0.855267791	0.8551085	0.191024375	718794240	1	0	0.006750958	3.8173828125
v6	run4	betabern@50000	1	8	0.84344075	0.843391333	0.188147625	718794240	1	0	0.006489792	3.8173828125
v6	run4	betabern@50000	1	9	0.838947875	0.838900875	0.190648959	718794240	1	0	0.006522625	3.67138671875
v6	run4	betabern@50000	1	10	0.844020583	0.843922209	0.189976209	718794240	1	0	0.006528	3.67138671875
v6	run4	betabern@50000	1	11	0.850330333	0.850272042	0.1878845	718794240	1	0	0.006380333	3.67138671875
FULLT	run4	betabern@50000	-1	0	1.4502840042114258	0	0	0	0	0	0	0
FULLT	run4	betabern@50000	0	0	7.013930166	7.0131315	0.749466624	2418450848	8	2	0.00644975	3.57373046875
FULLT	run4	betabern@50000	1	1	1.215731875	1.215646042	0.338095084	878225392	2	1	0.006464208	3.447265625
FULLT	run4	betabern@50000	1	2	1.045471	1.045412417	0.17150475	878225392	1	0	0.006440542	3.4111328125
FULLT	run4	betabern@50000	1	3	1.050020667	1.049980041	0.165680167	878225392	1	0	0.006312084	3.4111328125
FULLT	run4	betabern@50000	1	4	1.054493083	1.054444709	0.165298958	878225392	1	0	0.006669833	3.4111328125
FULLT	run4	betabern@50000	1	5	1.070501584	1.070338916	0.1670145	878225392	1	0	0.006498833	3.4111328125
FULLT	run4	betabern@50000	1	6	1.072642458	1.072448958	0.168766375	878225392	1	0	0.006493333	3.4111328125
FULLT	run4	betabern@50000	1	7	1.06676875	1.066092875	0.168938167	878225392	1	0	0.006560833	3.4580078125
FULLT	run4	betabern@50000	1	8	1.072181333	1.07142775	0.166866375	878225392	1	0	0.006509208	3.4580078125
FULLT	run4	betabern@50000	1	9	1.0752415	1.074192708	0.17732575	878225392	1	0	0.006399917	3.4580078125
FULLT	run4	betabern@50000	1	10	1.063466875	1.06196875	0.168002334	878225392	1	0	0.006512042	3.4580078125
FULLT	run4	betabern@50000	1	11	1.086984166	1.084267	0.179262125	878225392	1	0	0.006668958	4.5419921875
FULLT	run5	betabern@50000	-1	0	1.4522302150726318	0	0	0	0	0	0	0
FULLT	run5	betabern@50000	0	0	7.158011625	7.153650792	0.782802041	2418467264	8	2	0.006399583	4.57861328125
FULLT	run5	betabern@50000	1	1	1.198177625	1.1981245	0.315962916	878225392	2	1	0.006508875	4.3291015625
FULLT	run5	betabern@50000	1	2	1.063777959	1.063717875	0.1729265	878225392	1	0	0.006458042	4.3291015625
FULLT	run5	betabern@50000	1	3	1.051281583	1.051179792	0.166758	878225392	1	0	0.006483542	4.3291015625
FULLT	run5	betabern@50000	1	4	1.049035375	1.048985125	0.162574667	878225392	1	0	0.006347	4.302734375
FULLT	run5	betabern@50000	1	5	1.048222625	1.048184792	0.165084333	878225392	1	0	0.00648225	4.302734375
FULLT	run5	betabern@50000	1	6	1.04626275	1.046205542	0.164771625	878225392	1	0	0.006401333	4.302734375
FULLT	run5	betabern@50000	1	7	1.0464175	1.046378708	0.165063417	878225392	1	0	0.006436	4.302734375
FULLT	run5	betabern@50000	1	8	1.0596745	1.059472916	0.168065959	878225392	1	0	0.00647575	4.1181640625
FULLT	run5	betabern@50000	1	9	1.059376333	1.059328542	0.167638917	878225392	1	0	0.006384791	4.1181640625
FULLT	run5	betabern@50000	1	10	1.062405209	1.061876083	0.168175167	878225392	1	0	0.00646975	4.1181640625
FULLT	run5	betabern@50000	1	11	1.076120333	1.075380708	0.169370667	878225392	1	0	0.006279625	4.1181640625
v6	run5	betabern@50000	-1	0	1.5997679233551025	0	0	0	0	0	0	0
v6	run5	betabern@50000	0	0	6.226649458	6.219535084	0.707500376	2023487584	7	2	0.00639875	4.01953125
v6	run5	betabern@50000	1	1	0.821568708	0.821531334	0.16336475	718794240	1	0	0.006593625	3.857421875
v6	run5	betabern@50000	1	2	0.84086825	0.840804458	0.192755959	718794240	1	0	0.006435917	3.94873046875
v6	run5	betabern@50000	1	3	0.836369416	0.83632425	0.18811	718794240	1	0	0.006436542	3.94873046875
v6	run5	betabern@50000	1	4	0.83523975	0.835164041	0.191941708	718794240	1	0	0.00650175	3.94873046875
v6	run5	betabern@50000	1	5	0.839337916	0.8390855	0.189753209	718794240	1	0	0.006481958	3.94873046875
v6	run5	betabern@50000	1	6	0.831292208	0.831256125	0.187657209	718794240	1	0	0.006451708	3.94873046875
v6	run5	betabern@50000	1	7	0.83774975	0.837704083	0.189675084	718794240	1	0	0.006391375	3.79248046875
v6	run5	betabern@50000	1	8	0.846182291	0.846023792	0.196235	718794240	1	0	0.006495417	3.79248046875
v6	run5	betabern@50000	1	9	0.838274791	0.838238917	0.19386325	718794240	1	0	0.006480958	3.79248046875
v6	run5	betabern@50000	1	10	0.831730292	0.831687958	0.190037041	718794240	1	0	0.006604875	3.79248046875
v6	run5	betabern@50000	1	11	0.824449667	0.824381292	0.189827291	718794240	1	0	0.006246917	3.79248046875
