Q	run1	ssm1	-1	0	1.8827409744262695	0	0	0	0	0	0	0
Q	run1	ssm1	0	0	10.669366167	10.664105708	0.265662249	2771367968	10	1	0.006454125	4.681640625
Q	run1	ssm1	1	1	0.054539042	0.052545042	0.0	56790352	0	0	0.00638575	5.3310546875
Q	run1	ssm1	1	2	0.0545	0.052507	0.0	56790352	0	0	0.0063985	5.3310546875
Q	run1	ssm1	1	3	0.052890541	0.050944417	0.0	56790352	0	0	0.006538375	5.3310546875
Q	run1	ssm1	1	4	0.056128166	0.054148792	0.0	56790352	0	0	0.006455042	5.3310546875
Q	run1	ssm1	1	5	0.055682167	0.053730375	0.0	56790352	0	0	0.006612292	5.3310546875
Q	run1	ssm1	1	6	0.054245625	0.0522825	0.0	56790352	0	0	0.006503375	5.3310546875
Q	run1	ssm1	1	7	0.054183125	0.052222875	0.0	56790352	0	0	0.006434583	5.3310546875
Q	run1	ssm1	1	8	0.054767	0.052771791	0.0	56790352	0	0	0.00639625	5.3310546875
Q	run1	ssm1	1	9	0.053250084	0.051277833	0.0	56790352	0	0	0.006440834	5.3310546875
Q	run1	ssm1	1	10	0.054654917	0.052640792	0.0	56790352	0	0	0.006588417	5.3310546875
Q	run1	ssm1	1	11	0.056984709	0.055002833	0.0	56790352	0	0	0.006691917	5.3310546875
v6	run1	ssm1	-1	0	1.5893540382385254	0	0	0	0	0	0	0
v6	run1	ssm1	0	0	8.915121875	8.911442292	0.224843792	2172183680	8	1	0.006496791	5.38427734375
v6	run1	ssm1	1	1	0.049204	0.048678416	0.0	58018608	0	0	0.006468833	5.2509765625
v6	run1	ssm1	1	2	0.048572833	0.048046375	0.0	58018608	0	0	0.006585708	5.2509765625
v6	run1	ssm1	1	3	0.0489535	0.048422792	0.0	58018608	0	0	0.006390291	5.2509765625
v6	run1	ssm1	1	4	0.050007666	0.049475708	0.0	58018608	0	0	0.0066495	5.2509765625
v6	run1	ssm1	1	5	0.049726416	0.049197375	0.0	58018608	0	0	0.006457042	5.2509765625
v6	run1	ssm1	1	6	0.04889325	0.048364458	0.0	58018608	0	0	0.0064365	5.2509765625
v6	run1	ssm1	1	7	0.048896625	0.048365042	0.0	58018608	0	0	0.006202917	5.2509765625
v6	run1	ssm1	1	8	0.049987125	0.049459	0.0	58018608	0	0	0.006500916	5.2509765625
v6	run1	ssm1	1	9	0.049564917	0.049028458	0.0	58018608	0	0	0.006446167	5.2509765625
v6	run1	ssm1	1	10	0.048370625	0.047832916	0.0	58018608	0	0	0.006472417	5.2509765625
v6	run1	ssm1	1	11	0.048982208	0.048443666	0.0	58018608	0	0	0.006427125	5.2509765625
v6	run2	ssm1	-1	0	1.5917458534240723	0	0	0	0	0	0	0
v6	run2	ssm1	0	0	8.899706084	8.893562333	0.228803125	2172172960	8	1	0.006473042	5.0517578125
v6	run2	ssm1	1	1	0.048931292	0.048396958	0.0	58018608	0	0	0.006483125	4.65576171875
v6	run2	ssm1	1	2	0.050589334	0.050042625	0.0	58018608	0	0	0.006504916	4.65576171875
v6	run2	ssm1	1	3	0.0525665	0.052029625	0.0	58018608	0	0	0.006738333	4.65576171875
v6	run2	ssm1	1	4	0.050669916	0.050103625	0.0	58018608	0	0	0.006878416	4.65576171875
v6	run2	ssm1	1	5	0.0530875	0.052533	0.0	58018608	0	0	0.006364542	4.65576171875
v6	run2	ssm1	1	6	0.049003292	0.048420375	0.0	58018608	0	0	0.006505833	4.65576171875
v6	run2	ssm1	1	7	0.047243959	0.04672025	0.0	58018608	0	0	0.006475916	4.65576171875
v6	run2	ssm1	1	8	0.047488709	0.046962875	0.0	58018608	0	0	0.006536292	4.65576171875
v6	run2	ssm1	1	9	0.047474125	0.046952834	0.0	58018608	0	0	0.006465583	4.65576171875
v6	run2	ssm1	1	10	0.047487458	0.046979	0.0	58018608	0	0	0.00641675	4.65576171875
v6	run2	ssm1	1	11	0.048480458	0.047929334	0.0	58018608	0	0	0.006683916	4.65576171875
Q	run2	ssm1	-1	0	1.473548173904419	0	0	0	0	0	0	0
Q	run2	ssm1	0	0	10.794127667	10.780107625	0.274579167	2771301104	10	1	0.006398625	4.52294921875
Q	run2	ssm1	1	1	0.053778792	0.051825625	0.0	56790352	0	0	0.006470792	4.25244140625
Q	run2	ssm1	1	2	0.054613709	0.0526535	0.0	56790352	0	0	0.006525875	4.25244140625
Q	run2	ssm1	1	3	0.052687791	0.050690167	0.0	56790352	0	0	0.006516416	4.25244140625
Q	run2	ssm1	1	4	0.054071542	0.052076625	0.0	56790352	0	0	0.006516291	4.25244140625
Q	run2	ssm1	1	5	0.054570083	0.052608708	0.0	56790352	0	0	0.006432042	4.25244140625
Q	run2	ssm1	1	6	0.053076416	0.051111	0.0	56790352	0	0	0.006456375	4.25244140625
Q	run2	ssm1	1	7	0.053107167	0.051146625	0.0	56790352	0	0	0.006545917	4.25244140625
Q	run2	ssm1	1	8	0.055229	0.053267125	0.0	56790352	0	0	0.006392333	4.25244140625
Q	run2	ssm1	1	9	0.053317916	0.051339542	0.0	56790352	0	0	0.006491416	4.25244140625
Q	run2	ssm1	1	10	0.05443025	0.052461334	0.0	56790352	0	0	0.006512167	4.25244140625
Q	run2	ssm1	1	11	0.055889	0.053726875	0.0	56790352	0	0	0.006460542	4.25244140625
Q	run3	ssm1	-1	0	1.6974148750305176	0	0	0	0	0	0	0
Q	run3	ssm1	0	0	10.473907291	10.470666917	0.261780039	2771354208	11	1	0.006461125	4.31201171875
Q	run3	ssm1	1	1	0.052127291	0.050163667	0.0	56790352	0	0	0.006428459	4.0361328125
Q	run3	ssm1	1	2	0.053109667	0.051144417	0.0	56790352	0	0	0.006439375	4.0361328125
Q	run3	ssm1	1	3	0.052356541	0.050395166	0.0	56790352	0	0	0.006385625	4.0361328125
Q	run3	ssm1	1	4	0.05158675	0.049616417	0.0	56790352	0	0	0.006421541	4.033203125
Q	run3	ssm1	1	5	0.052706458	0.050742375	0.0	56790352	0	0	0.006392209	4.033203125
Q	run3	ssm1	1	6	0.051800292	0.049872709	0.0	56790352	0	0	0.006393334	4.033203125
Q	run3	ssm1	1	7	0.052487834	0.050535458	0.0	56790352	0	0	0.006477417	4.033203125
Q	run3	ssm1	1	8	0.052921459	0.050979292	0.0	56790352	0	0	0.006428625	4.033203125
Q	run3	ssm1	1	9	0.052249959	0.050296875	0.0	56790352	0	0	0.0064595	4.033203125
Q	run3	ssm1	1	10	0.051901334	0.049960167	0.0	56790352	0	0	0.006449	4.033203125
Q	run3	ssm1	1	11	0.052746209	0.050771375	0.0	56790352	0	0	0.006426666	4.033203125
v6	run3	ssm1	-1	0	1.5672581195831299	0	0	0	0	0	0	0
v6	run3	ssm1	0	0	8.806845792	8.802978208	0.224312999	2172138256	8	1	0.006434166	3.9501953125
v6	run3	ssm1	1	1	0.0486455	0.048111041	0.0	58018608	0	0	0.00640775	3.81005859375
v6	run3	ssm1	1	2	0.048555167	0.04800425	0.0	58018608	0	0	0.006442667	3.81005859375
v6	run3	ssm1	1	3	0.04875	0.048206334	0.0	58018608	0	0	0.006098917	3.81005859375
v6	run3	ssm1	1	4	0.047562083	0.0470115	0.0	58018608	0	0	0.006422708	3.81005859375
v6	run3	ssm1	1	5	0.048815791	0.04826125	0.0	58018608	0	0	0.006185041	3.81005859375
v6	run3	ssm1	1	6	0.047972583	0.04743825	0.0	58018608	0	0	0.006470166	3.81005859375
v6	run3	ssm1	1	7	0.048966833	0.048420667	0.0	58018608	0	0	0.006492875	3.81005859375
v6	run3	ssm1	1	8	0.046377375	0.045822958	0.0	58018608	0	0	0.006255042	3.81005859375
v6	run3	ssm1	1	9	0.049614708	0.04905075	0.0	58018608	0	0	0.006643417	3.81005859375
v6	run3	ssm1	1	10	0.049066125	0.048522208	0.0	58018608	0	0	0.006159	3.81005859375
v6	run3	ssm1	1	11	0.047913959	0.047366792	0.0	58018608	0	0	0.006596333	3.81005859375
v6	run4	ssm1	-1	0	1.5741300582885742	0	0	0	0	0	0	0
v6	run4	ssm1	0	0	8.833235875	8.831484917	0.229551042	2172088464	9	1	0.00638625	3.7451171875
v6	run4	ssm1	1	1	0.046739041	0.046212833	0.0	58018608	0	0	0.006344375	4.51416015625
v6	run4	ssm1	1	2	0.047397625	0.046866166	0.0	58018608	0	0	0.006478625	4.51416015625
v6	run4	ssm1	1	3	0.047229125	0.046696459	0.0	58018608	0	0	0.006465458	4.51416015625
v6	run4	ssm1	1	4	0.046968292	0.04644475	0.0	58018608	0	0	0.006481459	4.51416015625
v6	run4	ssm1	1	5	0.04802075	0.047485916	0.0	58018608	0	0	0.006381833	4.51416015625
v6	run4	ssm1	1	6	0.04670325	0.046174333	0.0	58018608	0	0	0.006357583	4.51416015625
v6	run4	ssm1	1	7	0.046996833	0.046476125	0.0	58018608	0	0	0.006420583	4.51416015625
v6	run4	ssm1	1	8	0.048150125	0.047624334	0.0	58018608	0	0	0.006441625	4.51416015625
v6	run4	ssm1	1	9	0.048101458	0.047563416	0.0	58018608	0	0	0.006578666	4.51416015625
v6	run4	ssm1	1	10	0.046940917	0.046414542	0.0	58018608	0	0	0.006456	4.51416015625
v6	run4	ssm1	1	11	0.047682042	0.047169958	0.0	58018608	0	0	0.006444791	4.3125
Q	run4	ssm1	-1	0	1.4566781520843506	0	0	0	0	0	0	0
Q	run4	ssm1	0	0	10.616201208	10.612935291	0.26403467	2771373920	11	1	0.006468708	4.287109375
Q	run4	ssm1	1	1	0.053497209	0.051449666	0.0	56790352	0	0	0.006498792	4.31591796875
Q	run4	ssm1	1	2	0.053750583	0.051779958	0.0	56790352	0	0	0.006570375	4.31591796875
Q	run4	ssm1	1	3	0.053334667	0.0513505	0.0	56790352	0	0	0.00640275	4.31591796875
Q	run4	ssm1	1	4	0.053090334	0.051086333	0.0	56790352	0	0	0.00654775	4.31591796875
Q	run4	ssm1	1	5	0.052209666	0.05024675	0.0	56790352	0	0	0.0064975	4.31591796875
Q	run4	ssm1	1	6	0.052390917	0.050399209	0.0	56790352	0	0	0.006536	4.31591796875
Q	run4	ssm1	1	7	0.052863541	0.050902875	0.0	56790352	0	0	0.006570417	4.31591796875
Q	run4	ssm1	1	8	0.052319458	0.05033875	0.0	56790352	0	0	0.00639525	4.31591796875
Q	run4	ssm1	1	9	0.051197667	0.049251667	0.0	56790352	0	0	0.006404917	4.31591796875
Q	run4	ssm1	1	10	0.052996959	0.051022792	0.0	56790352	0	0	0.006494042	4.31591796875
Q	run4	ssm1	1	11	0.053079875	0.051090667	0.0	56790352	0	0	0.006417375	4.31591796875
Q	run5	ssm1	-1	0	1.45878005027771	0	0	0	0	0	0	0
Q	run5	ssm1	0	0	10.615226917	10.611946167	0.262063707	2771356224	10	1	0.006643875	4.2734375
Q	run5	ssm1	1	1	0.05439375	0.052422458	0.0	56790352	0	0	0.006425875	4.0771484375
Q	run5	ssm1	1	2	0.054610833	0.05264525	0.0	56790352	0	0	0.006461917	4.0771484375
Q	run5	ssm1	1	3	0.053771	0.051777167	0.0	56790352	0	0	0.006345	4.0771484375
Q	run5	ssm1	1	4	0.055934166	0.053916917	0.0	56790352	0	0	0.006501334	4.0771484375
Q	run5	ssm1	1	5	0.05285375	0.050891958	0.0	56790352	0	0	0.006536334	4.0771484375
Q	run5	ssm1	1	6	0.053687792	0.051716167	0.0	56790352	0	0	0.006414333	4.0771484375
Q	run5	ssm1	1	7	0.053922125	0.051941208	0.0	56790352	0	0	0.006554584	4.0771484375
Q	run5	ssm1	1	8	0.0566805	0.054725875	0.0	56790352	0	0	0.006473833	4.0771484375
Q	run5	ssm1	1	9	0.054358584	0.052382084	0.0	56790352	0	0	0.006512166	4.0771484375
Q	run5	ssm1	1	10	0.054612708	0.052664916	0.0	56790352	0	0	0.006471875	4.0771484375
Q	run5	ssm1	1	11	0.054944333	0.05297275	0.0	56790352	0	0	0.006385167	4.0771484375
v6	run5	ssm1	-1	0	1.5753040313720703	0	0	0	0	0	0	0
v6	run5	ssm1	0	0	8.919158542	8.916804833	0.224085958	2172033936	8	1	0.0065905	3.99755859375
v6	run5	ssm1	1	1	0.047863791	0.047325875	0.0	58018608	0	0	0.006326291	3.83740234375
v6	run5	ssm1	1	2	0.047406292	0.046873292	0.0	58018608	0	0	0.006397667	3.68994140625
v6	run5	ssm1	1	3	0.047267625	0.046725041	0.0	58018608	0	0	0.00647675	3.68994140625
v6	run5	ssm1	1	4	0.049303666	0.048770375	0.0	58018608	0	0	0.006412875	3.68994140625
v6	run5	ssm1	1	5	0.047668917	0.047141875	0.0	58018608	0	0	0.006330208	3.68994140625
v6	run5	ssm1	1	6	0.046868167	0.046347792	0.0	58018608	0	0	0.006472583	3.68994140625
v6	run5	ssm1	1	7	0.046487917	0.045957833	0.0	58018608	0	0	0.0063865	3.68994140625
v6	run5	ssm1	1	8	0.0482745	0.047739417	0.0	58018608	0	0	0.006455708	3.68994140625
v6	run5	ssm1	1	9	0.04671775	0.046200792	0.0	58018608	0	0	0.006337875	3.68994140625
v6	run5	ssm1	1	10	0.045812833	0.045293416	0.0	58018608	0	0	0.006410417	3.68994140625
v6	run5	ssm1	1	11	0.0463265	0.045789708	0.0	58018608	0	0	0.006429417	3.68994140625
Q	run1	ssm2	-1	0	1.4567291736602783	0	0	0	0	0	0	0
Q	run1	ssm2	0	0	12.644396417	12.639750208	0.315387875	2996230192	10	1	0.006431292	3.55419921875
Q	run1	ssm2	1	1	0.096444208	0.093506375	0.0	94430064	0	0	0.006436583	3.486328125
Q	run1	ssm2	1	2	0.09457175	0.091633834	0.0	94430064	0	0	0.006329167	3.486328125
Q	run1	ssm2	1	3	0.095501625	0.092556	0.0	94430064	0	0	0.00638825	3.486328125
Q	run1	ssm2	1	4	0.093721417	0.090794042	0.0	94430064	0	0	0.006388167	3.486328125
Q	run1	ssm2	1	5	0.095267458	0.092337375	0.0	94430064	0	0	0.006491042	3.486328125
Q	run1	ssm2	1	6	0.096066375	0.093125083	0.0	94430064	0	0	0.006511	3.486328125
Q	run1	ssm2	1	7	0.095822292	0.092903625	0.0	94430064	0	0	0.006467708	3.486328125
Q	run1	ssm2	1	8	0.095540167	0.092568125	0.0	94430064	0	0	0.00643225	3.486328125
Q	run1	ssm2	1	9	0.101802542	0.098608709	0.0	94430064	0	0	0.006495375	3.486328125
Q	run1	ssm2	1	10	0.101448125	0.098396166	0.0	94430064	0	0	0.00641075	3.486328125
Q	run1	ssm2	1	11	0.099225291	0.096149292	0.0	94430064	0	0	0.006488375	3.486328125
v6	run1	ssm2	-1	0	1.58709716796875	0	0	0	0	0	0	0
v6	run1	ssm2	0	0	9.902268625	9.900418833	0.253176958	2371151104	8	1	0.006495458	3.64501953125
v6	run1	ssm2	1	1	0.081912833	0.081307167	0.0	94319312	0	0	0.006173875	3.62548828125
v6	run1	ssm2	1	2	0.080461083	0.079849459	0.0	94319312	0	0	0.006232833	3.62548828125
v6	run1	ssm2	1	3	0.083599625	0.082986208	0.0	94319312	0	0	0.006176167	3.62548828125
v6	run1	ssm2	1	4	0.082335834	0.081723083	0.0	94319312	0	0	0.006170375	3.62548828125
v6	run1	ssm2	1	5	0.081077458	0.080467542	0.0	94319312	0	0	0.006073667	3.62548828125
v6	run1	ssm2	1	6	0.085638041	0.08502925	0.0	94319312	0	0	0.006164583	3.62548828125
v6	run1	ssm2	1	7	0.084703458	0.084046875	0.0	94319312	0	0	0.00628725	3.62548828125
v6	run1	ssm2	1	8	0.081322125	0.080706333	0.0	94319312	0	0	0.006094208	3.62548828125
v6	run1	ssm2	1	9	0.081578208	0.080971	0.0	94319312	0	0	0.006184833	3.62548828125
v6	run1	ssm2	1	10	0.081972584	0.081369375	0.0	94319312	0	0	0.005992292	3.62548828125
v6	run1	ssm2	1	11	0.082992458	0.082377333	0.0	94319312	0	0	0.006054167	3.62548828125
v6	run2	ssm2	-1	0	1.4711170196533203	0	0	0	0	0	0	0
v6	run2	ssm2	0	0	9.542930917	9.5161055	0.24786754	2371148896	8	1	0.00622975	3.4951171875
v6	run2	ssm2	1	1	0.089132209	0.088528959	0.0	94319312	0	0	0.006223083	3.4091796875
v6	run2	ssm2	1	2	0.090871125	0.090115875	0.0	94319312	0	0	0.006165042	3.4091796875
v6	run2	ssm2	1	3	0.088772625	0.088165084	0.0	94319312	0	0	0.006473458	3.4091796875
v6	run2	ssm2	1	4	0.089965458	0.089379333	0.0	94319312	0	0	0.006695416	3.4091796875
v6	run2	ssm2	1	5	0.087614292	0.087053459	0.0	94319312	0	0	0.006290709	3.4091796875
v6	run2	ssm2	1	6	0.0878595	0.087269166	0.0	94319312	0	0	0.006621	3.4091796875
v6	run2	ssm2	1	7	0.087300083	0.086720167	0.0	94319312	0	0	0.006524	3.4091796875
v6	run2	ssm2	1	8	0.089115	0.088492	0.0	94319312	0	0	0.006177125	3.4091796875
v6	run2	ssm2	1	9	0.087381834	0.086691916	0.0	94319312	0	0	0.006122375	3.4091796875
v6	run2	ssm2	1	10	0.089392792	0.088515208	0.0	94319312	0	0	0.00651825	3.4091796875
v6	run2	ssm2	1	11	0.092572917	0.091203042	0.0	94319312	0	0	0.006227666	3.4091796875
Q	run2	ssm2	-1	0	1.6938810348510742	0	0	0	0	0	0	0
Q	run2	ssm2	0	0	12.328452	12.312589542	0.303610375	2996202128	9	1	0.006398834	3.2158203125
Q	run2	ssm2	1	1	0.092038125	0.089046167	0.0	94430064	0	0	0.0064935	3.611328125
Q	run2	ssm2	1	2	0.091249	0.088324792	0.0	94430064	0	0	0.006211833	3.611328125
Q	run2	ssm2	1	3	0.090893666	0.087977916	0.0	94430064	0	0	0.0060975	3.611328125
Q	run2	ssm2	1	4	0.092663584	0.08948775	0.0	94430064	0	0	0.006041416	3.611328125
Q	run2	ssm2	1	5	0.095214	0.092214792	0.0	94430064	0	0	0.006247625	3.611328125
Q	run2	ssm2	1	6	0.091952416	0.089050167	0.0	94430064	0	0	0.006274875	3.611328125
Q	run2	ssm2	1	7	0.088660625	0.085734917	0.0	94430064	0	0	0.006092584	3.611328125
Q	run2	ssm2	1	8	0.090171583	0.087244792	0.0	94430064	0	0	0.006188792	3.611328125
Q	run2	ssm2	1	9	0.091221542	0.088175375	0.0	94430064	0	0	0.00610325	3.611328125
Q	run2	ssm2	1	10	0.097335917	0.094487542	0.0	94430064	0	0	0.006489292	3.611328125
Q	run2	ssm2	1	11	0.089220708	0.086285042	0.0	94430064	0	0	0.006147542	3.611328125
Q	run3	ssm2	-1	0	1.5671601295471191	0	0	0	0	0	0	0
Q	run3	ssm2	0	0	11.779165375	11.772188292	0.295238708	2996287568	9	1	0.005956	3.36962890625
Q	run3	ssm2	1	1	0.090090708	0.087143834	0.0	94430064	0	0	0.006110958	3.30615234375
Q	run3	ssm2	1	2	0.08883975	0.085958541	0.0	94430064	0	0	0.006191375	3.30615234375
Q	run3	ssm2	1	3	0.095992708	0.0929715	0.0	94430064	0	0	0.006236708	3.30615234375
Q	run3	ssm2	1	4	0.09543675	0.092467458	0.0	94430064	0	0	0.006103	3.361328125
Q	run3	ssm2	1	5	0.088760625	0.085824625	0.0	94430064	0	0	0.0061765	3.361328125
Q	run3	ssm2	1	6	0.0884945	0.085543416	0.0	94430064	0	0	0.0060775	3.361328125
Q	run3	ssm2	1	7	0.087724625	0.084797834	0.0	94430064	0	0	0.006127625	3.361328125
Q	run3	ssm2	1	8	0.087518875	0.084649958	0.0	94430064	0	0	0.006053333	3.361328125
Q	run3	ssm2	1	9	0.087598709	0.084698166	0.0	94430064	0	0	0.006069458	3.361328125
Q	run3	ssm2	1	10	0.088456625	0.085553666	0.0	94430064	0	0	0.006133333	3.361328125
Q	run3	ssm2	1	11	0.0880765	0.085141542	0.0	94430064	0	0	0.006172625	3.361328125
v6	run3	ssm2	-1	0	1.4682409763336182	0	0	0	0	0	0	0
v6	run3	ssm2	0	0	9.160624166	9.158944042	0.244531582	2371140640	9	1	0.006056375	3.251953125
v6	run3	ssm2	1	1	0.080738959	0.080125625	0.0	94319312	0	0	0.006041375	3.13916015625
v6	run3	ssm2	1	2	0.081527708	0.080936167	0.0	94319312	0	0	0.005988208	3.13916015625
v6	run3	ssm2	1	3	0.079893709	0.079284	0.0	94319312	0	0	0.006088833	3.13916015625
v6	run3	ssm2	1	4	0.081267083	0.080651958	0.0	94319312	0	0	0.006142833	3.13916015625
v6	run3	ssm2	1	5	0.080410542	0.079794042	0.0	94319312	0	0	0.005993917	3.13916015625
v6	run3	ssm2	1	6	0.080622958	0.080029083	0.0	94319312	0	0	0.006111583	3.13916015625
v6	run3	ssm2	1	7	0.084478	0.083848292	0.0	94319312	0	0	0.005881458	3.13916015625
v6	run3	ssm2	1	8	0.08026875	0.07964275	0.0	94319312	0	0	0.005991875	3.13916015625
v6	run3	ssm2	1	9	0.080952958	0.080341541	0.0	94319312	0	0	0.006102708	3.13916015625
v6	run3	ssm2	1	10	0.080786958	0.080186459	0.0	94319312	0	0	0.006044875	3.13916015625
v6	run3	ssm2	1	11	0.079893292	0.079291625	0.0	94319312	0	0	0.006011083	3.13916015625
v6	run4	ssm2	-1	0	1.457594871520996	0	0	0	0	0	0	0
v6	run4	ssm2	0	0	9.155658833	9.153988083	0.236623211	2371140960	9	1	0.006089417	3.1240234375
v6	run4	ssm2	1	1	0.081394833	0.080760625	0.0	94319312	0	0	0.006087458	2.95068359375
v6	run4	ssm2	1	2	0.07839	0.077772917	0.0	94319312	0	0	0.006148625	2.95068359375
v6	run4	ssm2	1	3	0.080591875	0.079998833	0.0	94319312	0	0	0.006074	2.95068359375
v6	run4	ssm2	1	4	0.079376708	0.078776458	0.0	94319312	0	0	0.006038625	2.95068359375
v6	run4	ssm2	1	5	0.079888125	0.0792995	0.0	94319312	0	0	0.006117166	2.95068359375
v6	run4	ssm2	1	6	0.07864425	0.078020833	0.0	94319312	0	0	0.006040708	2.95068359375
v6	run4	ssm2	1	7	0.079043541	0.078436292	0.0	94319312	0	0	0.006131584	2.95068359375
v6	run4	ssm2	1	8	0.081591958	0.080981792	0.0	94319312	0	0	0.005992083	2.95068359375
v6	run4	ssm2	1	9	0.079428458	0.078829417	0.0	94319312	0	0	0.006095667	2.95068359375
v6	run4	ssm2	1	10	0.079836833	0.07921875	0.0	94319312	0	0	0.006039291	2.95068359375
v6	run4	ssm2	1	11	0.079528167	0.078937291	0.0	94319312	0	0	0.006106875	2.95068359375
Q	run4	ssm2	-1	0	1.3383748531341553	0	0	0	0	0	0	0
Q	run4	ssm2	0	0	11.4854225	11.480380583	0.286529585	2996319520	9	1	0.006118958	2.95458984375
Q	run4	ssm2	1	1	0.087247917	0.084318459	0.0	94430064	0	0	0.005992709	2.736328125
Q	run4	ssm2	1	2	0.088769166	0.085867875	0.0	94430064	0	0	0.006013666	2.736328125
Q	run4	ssm2	1	3	0.087084167	0.084185042	0.0	94430064	0	0	0.006089583	2.736328125
Q	run4	ssm2	1	4	0.087506834	0.08458475	0.0	94430064	0	0	0.006097542	2.736328125
Q	run4	ssm2	1	5	0.088571709	0.085652708	0.0	94430064	0	0	0.00596	2.736328125
Q	run4	ssm2	1	6	0.087824167	0.084916334	0.0	94430064	0	0	0.006064625	2.736328125
Q	run4	ssm2	1	7	0.086578916	0.083684709	0.0	94430064	0	0	0.006026666	2.736328125
Q	run4	ssm2	1	8	0.086930583	0.084023833	0.0	94430064	0	0	0.006053875	2.736328125
Q	run4	ssm2	1	9	0.08804825	0.085126458	0.0	94430064	0	0	0.006109667	2.736328125
Q	run4	ssm2	1	10	0.08809525	0.085151208	0.0	94430064	0	0	0.006029583	2.736328125
Q	run4	ssm2	1	11	0.087875125	0.084924125	0.0	94430064	0	0	0.0060325	2.736328125
Q	run5	ssm2	-1	0	1.3527040481567383	0	0	0	0	0	0	0
Q	run5	ssm2	0	0	11.592749958	11.588459459	0.291772459	2996262000	9	1	0.00612925	2.62255859375
Q	run5	ssm2	1	1	0.088260583	0.085374583	0.0	94430064	0	0	0.006126542	2.68017578125
Q	run5	ssm2	1	2	0.090912	0.087957083	0.0	94430064	0	0	0.006102167	2.68017578125
Q	run5	ssm2	1	3	0.089405042	0.086447375	0.0	94430064	0	0	0.006021958	2.68017578125
Q	run5	ssm2	1	4	0.089664333	0.086744459	0.0	94430064	0	0	0.006188708	2.68017578125
Q	run5	ssm2	1	5	0.089598416	0.086537917	0.0	94430064	0	0	0.005926125	2.68017578125
Q	run5	ssm2	1	6	0.087973917	0.085058083	0.0	94430064	0	0	0.006057417	2.68017578125
Q	run5	ssm2	1	7	0.088326708	0.08540175	0.0	94430064	0	0	0.006108334	2.68017578125
Q	run5	ssm2	1	8	0.087685209	0.084776583	0.0	94430064	0	0	0.006056875	2.68017578125
Q	run5	ssm2	1	9	0.08716925	0.084289791	0.0	94430064	0	0	0.006093666	2.68017578125
Q	run5	ssm2	1	10	0.088241125	0.085392042	0.0	94430064	0	0	0.005994792	2.68017578125
Q	run5	ssm2	1	11	0.088038833	0.085153292	0.0	94430064	0	0	0.006060625	2.68017578125
v6	run5	ssm2	-1	0	1.473710060119629	0	0	0	0	0	0	0
v6	run5	ssm2	0	0	9.343970458	9.342386083	0.241062958	2371164944	9	1	0.006345417	2.66162109375
v6	run5	ssm2	1	1	0.08140825	0.080805333	0.0	94319312	0	0	0.006115542	2.94677734375
v6	run5	ssm2	1	2	0.085511417	0.084899666	0.0	94319312	0	0	0.006147167	2.94677734375
v6	run5	ssm2	1	3	0.082893416	0.082280583	0.0	94319312	0	0	0.006060917	2.94677734375
v6	run5	ssm2	1	4	0.081775042	0.0811645	0.0	94319312	0	0	0.0061835	2.94677734375
v6	run5	ssm2	1	5	0.081011667	0.080410708	0.0	94319312	0	0	0.006103458	2.94677734375
v6	run5	ssm2	1	6	0.083028875	0.082411541	0.0	94319312	0	0	0.006152083	2.94677734375
v6	run5	ssm2	1	7	0.092931792	0.09230475	0.0	94319312	0	0	0.00611775	2.94677734375
v6	run5	ssm2	1	8	0.087933209	0.087274167	0.0	94319312	0	0	0.006266417	2.94677734375
v6	run5	ssm2	1	9	0.084074875	0.083476125	0.0	94319312	0	0	0.006350084	2.94677734375
v6	run5	ssm2	1	10	0.082486792	0.081870125	0.0	94319312	0	0	0.005997292	2.94677734375
v6	run5	ssm2	1	11	0.082495125	0.081853458	0.0	94319312	0	0	0.006123667	2.94677734375
Q	run1	iid	-1	0	1.3718771934509277	0	0	0	0	0	0	0
Q	run1	iid	0	0	6.347794708	6.312461083	0.214375958	1981001312	7	1	0.006093416	2.95068359375
Q	run1	iid	20	1	0.039018708	0.039020833	0.0	37451184	0	0	0.006110708	3.03173828125
Q	run1	iid	40	1	0.037926625	0.037930292	0.0	52667456	0	0	0.005956125	3.03173828125
Q	run1	iid	20	2	0.025475667	0.0254685	0.0	36964960	0	0	0.006295625	3.03173828125
Q	run1	iid	40	2	0.036930375	0.036932042	0.0	52667456	0	0	0.006191916	3.03173828125
Q	run1	iid	20	3	0.025237875	0.025230792	0.0	36964960	0	0	0.006148458	3.03173828125
Q	run1	iid	40	3	0.037109083	0.037110792	0.0	52667456	0	0	0.006160584	3.03173828125
Q	run1	iid	20	4	0.026189375	0.026190459	0.0	36964960	0	0	0.006205291	3.03173828125
Q	run1	iid	40	4	0.037075083	0.037076458	0.0	52667456	0	0	0.006126125	3.03173828125
Q	run1	iid	20	5	0.026408792	0.026410417	0.0	36964960	0	0	0.006105709	3.03173828125
Q	run1	iid	40	5	0.036272084	0.036273625	0.0	52667456	0	0	0.006006167	3.03173828125
Q	run1	iid	20	6	0.027533458	0.027530042	0.0	36964960	0	0	0.006431125	3.03173828125
Q	run1	iid	40	6	0.037219833	0.037220833	0.0	52667456	0	0	0.00617625	3.03173828125
Q	run1	iid	20	7	0.025603834	0.025596416	0.0	36964960	0	0	0.00610725	3.03173828125
Q	run1	iid	40	7	0.03691225	0.036913417	0.0	52667456	0	0	0.006056167	3.03173828125
Q	run1	iid	20	8	0.025099083	0.025091041	0.0	36965248	0	0	0.006177791	3.03173828125
Q	run1	iid	40	8	0.04108275	0.040942291	0.0	52667456	0	0	0.006175125	3.03173828125
Q	run1	iid	20	9	0.026860458	0.026862334	0.0	36964960	0	0	0.006154542	3.03173828125
Q	run1	iid	40	9	0.038599334	0.03847525	0.0	52667456	0	0	0.006436792	3.03173828125
Q	run1	iid	20	10	0.026822416	0.026812416	0.0	36964960	0	0	0.006307625	3.03173828125
Q	run1	iid	40	10	0.037394875	0.037399084	0.0	52667456	0	0	0.006397917	3.03173828125
Q	run1	iid	20	11	0.026660667	0.026594375	0.0	36964960	0	0	0.006165708	3.03173828125
Q	run1	iid	40	11	0.037195583	0.037185917	0.0	52667456	0	0	0.006346292	3.03173828125
v6	run1	iid	-1	0	1.5846450328826904	0	0	0	0	0	0	0
v6	run1	iid	0	0	5.190168625	5.189736542	0.105712332	1535098176	6	0	0.006093292	2.79248046875
v6	run1	iid	20	1	0.022819708	0.02282125	0.0	34735808	0	0	0.005991375	2.88916015625
v6	run1	iid	40	1	0.033129875	0.033131584	0.0	49180704	0	0	0.005933375	2.88916015625
v6	run1	iid	20	2	0.022396792	0.022389208	0.0	34735808	0	0	0.00614125	2.88916015625
v6	run1	iid	40	2	0.033530292	0.03353125	0.0	49180704	0	0	0.006055333	2.88916015625
v6	run1	iid	20	3	0.022712542	0.022713666	0.0	34735808	0	0	0.006091292	2.88916015625
v6	run1	iid	40	3	0.033290291	0.033291208	0.0	49180704	0	0	0.0061505	2.88916015625
v6	run1	iid	20	4	0.022801083	0.022802416	0.0	34735808	0	0	0.005976667	2.88916015625
v6	run1	iid	40	4	0.032857083	0.03284825	0.0	49180704	0	0	0.006028709	2.88916015625
v6	run1	iid	20	5	0.02276025	0.022760959	0.0	34735808	0	0	0.006065666	2.88916015625
v6	run1	iid	40	5	0.033767	0.033768292	0.0	49180704	0	0	0.006102292	2.88916015625
v6	run1	iid	20	6	0.022858584	0.022851291	0.0	34735808	0	0	0.006201834	2.88916015625
v6	run1	iid	40	6	0.033444417	0.033445584	0.0	49180704	0	0	0.006089041	2.88916015625
v6	run1	iid	20	7	0.022918416	0.02291925	0.0	34735808	0	0	0.006101667	2.88916015625
v6	run1	iid	40	7	0.033650375	0.033652125	0.0	49180704	0	0	0.006078958	2.88916015625
v6	run1	iid	20	8	0.022639208	0.022643	0.0	34735808	0	0	0.006015542	2.88916015625
v6	run1	iid	40	8	0.032840666	0.032834292	0.0	49180704	0	0	0.006033958	2.88916015625
v6	run1	iid	20	9	0.023774958	0.023779	0.0	34735808	0	0	0.006024334	2.88916015625
v6	run1	iid	40	9	0.034079209	0.034054	0.0	49180704	0	0	0.006146959	2.88916015625
v6	run1	iid	20	10	0.025468417	0.025464792	0.0	34735808	0	0	0.006301542	2.88916015625
v6	run1	iid	40	10	0.033420041	0.033421291	0.0	49180704	0	0	0.006051292	2.88916015625
v6	run1	iid	20	11	0.022903791	0.022905083	0.0	34735808	0	0	0.006111416	2.88916015625
v6	run1	iid	40	11	0.033098459	0.033100083	0.0	49180704	0	0	0.005987459	2.88916015625
v6	run2	iid	-1	0	1.4461109638214111	0	0	0	0	0	0	0
v6	run2	iid	0	0	5.071847333	5.071415958	0.114382044	1535028240	6	1	0.006006834	2.8193359375
v6	run2	iid	20	1	0.023163041	0.023164375	0.0	34735808	0	0	0.006182625	2.83349609375
v6	run2	iid	40	1	0.033513541	0.033515417	0.0	49180704	0	0	0.006076292	2.83349609375
v6	run2	iid	20	2	0.022847542	0.022849	0.0	34735808	0	0	0.00609475	2.83349609375
v6	run2	iid	40	2	0.0333915	0.033393458	0.0	49180704	0	0	0.006025958	2.83349609375
v6	run2	iid	20	3	0.022721875	0.022723292	0.0	34735808	0	0	0.005932458	2.83349609375
v6	run2	iid	40	3	0.033220833	0.033209583	0.0	49180704	0	0	0.006092417	2.83349609375
v6	run2	iid	20	4	0.022853334	0.022854833	0.0	34735808	0	0	0.006009458	2.83349609375
v6	run2	iid	40	4	0.032614709	0.032605416	0.0	49180704	0	0	0.006024083	2.83349609375
v6	run2	iid	20	5	0.023030416	0.023031625	0.0	34735808	0	0	0.006087042	2.83349609375
v6	run2	iid	40	5	0.033074666	0.033066209	0.0	49180704	0	0	0.006098417	2.83349609375
v6	run2	iid	20	6	0.022505333	0.022507792	0.0	34735808	0	0	0.006045709	2.83349609375
v6	run2	iid	40	6	0.03313625	0.033123291	0.0	49180704	0	0	0.006080083	2.83349609375
v6	run2	iid	20	7	0.022713333	0.022715333	0.0	34735808	0	0	0.006005209	2.83349609375
v6	run2	iid	40	7	0.033077	0.033078917	0.0	49180704	0	0	0.00597875	2.83349609375
v6	run2	iid	20	8	0.022729125	0.022731	0.0	34735808	0	0	0.005944416	2.83349609375
v6	run2	iid	40	8	0.033280167	0.0332695	0.0	49180704	0	0	0.006099792	2.83349609375
v6	run2	iid	20	9	0.022929458	0.02293075	0.0	34735808	0	0	0.006098084	2.83349609375
v6	run2	iid	40	9	0.033530541	0.033531584	0.0	49180704	0	0	0.006089041	2.83349609375
v6	run2	iid	20	10	0.022639708	0.022641375	0.0	34735808	0	0	0.005986	2.83349609375
v6	run2	iid	40	10	0.03288825	0.032878916	0.0	49180704	0	0	0.006074666	2.83349609375
v6	run2	iid	20	11	0.023021625	0.023023292	0.0	34735808	0	0	0.006099875	2.83349609375
v6	run2	iid	40	11	0.033343791	0.03334525	0.0	49180704	0	0	0.006078	2.83349609375
Q	run2	iid	-1	0	1.3285300731658936	0	0	0	0	0	0	0
Q	run2	iid	0	0	6.039475125	6.038949125	0.16851479	1981022896	7	1	0.006081459	2.71142578125
Q	run2	iid	20	1	0.035694833	0.035688875	0.0	37451184	0	0	0.006125	2.734375
Q	run2	iid	40	1	0.0360165	0.036018125	0.0	52667456	0	0	0.006101291	2.734375
Q	run2	iid	20	2	0.025254166	0.02525525	0.0	36964960	0	0	0.006012292	2.734375
Q	run2	iid	40	2	0.035093208	0.03509475	0.0	52667456	0	0	0.006007375	2.734375
Q	run2	iid	20	3	0.0249485	0.024939542	0.0	36964960	0	0	0.006126916	2.734375
Q	run2	iid	40	3	0.0356095	0.035610625	0.0	52667456	0	0	0.00615425	2.734375
Q	run2	iid	20	4	0.02484425	0.024834667	0.0	36964960	0	0	0.006129667	2.734375
Q	run2	iid	40	4	0.035096709	0.035099833	0.0	52667456	0	0	0.006134375	2.734375
Q	run2	iid	20	5	0.025043084	0.0250345	0.0	36964960	0	0	0.006047083	2.734375
Q	run2	iid	40	5	0.036612334	0.036613375	0.0	52667456	0	0	0.006166667	2.734375
Q	run2	iid	20	6	0.024966958	0.024968292	0.0	36964960	0	0	0.006025292	2.734375
Q	run2	iid	40	6	0.036122875	0.036124625	0.0	52667456	0	0	0.005946125	2.734375
Q	run2	iid	20	7	0.025308458	0.025309542	0.0	36964960	0	0	0.006089833	2.734375
Q	run2	iid	40	7	0.035686583	0.035688042	0.0	52667456	0	0	0.006171208	2.734375
Q	run2	iid	20	8	0.024507667	0.024499167	0.0	36965248	0	0	0.006161875	2.734375
Q	run2	iid	40	8	0.035678375	0.035679292	0.0	52667456	0	0	0.00601	2.734375
Q	run2	iid	20	9	0.025327583	0.025328875	0.0	36964960	0	0	0.006061292	2.734375
Q	run2	iid	40	9	0.035249333	0.03524075	0.0	52667456	0	0	0.006133958	2.734375
Q	run2	iid	20	10	0.025055833	0.025059375	0.0	36964960	0	0	0.006131708	2.734375
Q	run2	iid	40	10	0.035787083	0.035788041	0.0	52667456	0	0	0.006036917	2.734375
Q	run2	iid	20	11	0.024970334	0.024961792	0.0	36964960	0	0	0.006090083	2.734375
Q	run2	iid	40	11	0.036130333	0.036131292	0.0	52667456	0	0	0.006137125	2.734375
Q	run3	iid	-1	0	1.324112892150879	0	0	0	0	0	0	0
Q	run3	iid	0	0	6.027120416	6.026598542	0.165105958	1981002320	7	1	0.0060275	2.701171875
Q	run3	iid	20	1	0.035612125	0.035614125	0.0	37451184	0	0	0.006035875	2.64501953125
Q	run3	iid	40	1	0.036748208	0.0367495	0.0	52667456	0	0	0.006081291	2.64501953125
Q	run3	iid	20	2	0.0255625	0.025563875	0.0	36964960	0	0	0.00615075	2.64501953125
Q	run3	iid	40	2	0.036366667	0.0363685	0.0	52667456	0	0	0.0060845	2.64501953125
Q	run3	iid	20	3	0.025211709	0.025213416	0.0	36964960	0	0	0.005974042	2.64501953125
Q	run3	iid	40	3	0.035894458	0.035885042	0.0	52667456	0	0	0.006037542	2.64501953125
Q	run3	iid	20	4	0.025528584	0.025530167	0.0	36964960	0	0	0.006076458	2.64501953125
Q	run3	iid	40	4	0.036129166	0.036130542	0.0	52667456	0	0	0.006006333	2.64501953125
Q	run3	iid	20	5	0.025390792	0.025393708	0.0	36964960	0	0	0.0060675	2.64501953125
Q	run3	iid	40	5	0.036169959	0.036171542	0.0	52667456	0	0	0.006072	2.64501953125
Q	run3	iid	20	6	0.025185416	0.025186583	0.0	36964960	0	0	0.005905083	2.64501953125
Q	run3	iid	40	6	0.03614675	0.036148375	0.0	52667456	0	0	0.006006167	2.64501953125
Q	run3	iid	20	7	0.025612958	0.025613958	0.0	36964960	0	0	0.006084792	2.64501953125
Q	run3	iid	40	7	0.036254042	0.036255584	0.0	52667456	0	0	0.006013292	2.64501953125
Q	run3	iid	20	8	0.025695959	0.025697375	0.0	36965248	0	0	0.00609225	2.64501953125
Q	run3	iid	40	8	0.03589925	0.035900458	0.0	52667456	0	0	0.00598075	2.64501953125
Q	run3	iid	20	9	0.025358791	0.025360667	0.0	36964960	0	0	0.005966959	2.64501953125
Q	run3	iid	40	9	0.036344458	0.036345375	0.0	52667456	0	0	0.006103166	2.64501953125
Q	run3	iid	20	10	0.025267917	0.025268791	0.0	36964960	0	0	0.006056959	2.64501953125
Q	run3	iid	40	10	0.036694417	0.03669525	0.0	52667456	0	0	0.006026042	2.64501953125
Q	run3	iid	20	11	0.025710625	0.02571175	0.0	36964960	0	0	0.006074208	2.64501953125
Q	run3	iid	40	11	0.036188	0.036189625	0.0	52667456	0	0	0.005999334	2.64501953125
v6	run3	iid	-1	0	1.438143014907837	0	0	0	0	0	0	0
v6	run3	iid	0	0	5.050526916	5.05005775	0.113530666	1535028608	6	1	0.006115417	2.62548828125
v6	run3	iid	20	1	0.023396208	0.023398167	0.0	34735808	0	0	0.006048167	2.4951171875
v6	run3	iid	40	1	0.034487416	0.034488875	0.0	49180704	0	0	0.006032458	2.4951171875
v6	run3	iid	20	2	0.023501875	0.023506125	0.0	34735808	0	0	0.00604675	2.4951171875
v6	run3	iid	40	2	0.034864375	0.03486575	0.0	49180704	0	0	0.00606825	2.4951171875
v6	run3	iid	20	3	0.023458459	0.023459875	0.0	34735808	0	0	0.006036834	2.4951171875
v6	run3	iid	40	3	0.034361875	0.034363541	0.0	49180704	0	0	0.005928709	2.4951171875
v6	run3	iid	20	4	0.023485417	0.023486709	0.0	34735808	0	0	0.006049292	2.4951171875
v6	run3	iid	40	4	0.034539875	0.034541625	0.0	49180704	0	0	0.00603725	2.4951171875
v6	run3	iid	20	5	0.023066042	0.02306775	0.0	34735808	0	0	0.006131708	2.4951171875
v6	run3	iid	40	5	0.034323833	0.03431375	0.0	49180704	0	0	0.006040584	2.4951171875
v6	run3	iid	20	6	0.023389209	0.023390583	0.0	34735808	0	0	0.006044958	2.4951171875
v6	run3	iid	40	6	0.034947208	0.034948167	0.0	49180704	0	0	0.006046791	2.4951171875
v6	run3	iid	20	7	0.023480833	0.023482041	0.0	34735808	0	0	0.0060945	2.4951171875
v6	run3	iid	40	7	0.034050375	0.034042334	0.0	49180704	0	0	0.006137334	2.4951171875
v6	run3	iid	20	8	0.023270166	0.023272125	0.0	34735808	0	0	0.006021541	2.4951171875
v6	run3	iid	40	8	0.034638209	0.034639958	0.0	49180704	0	0	0.00606475	2.4951171875
v6	run3	iid	20	9	0.023409875	0.023411125	0.0	34735808	0	0	0.006032	2.4951171875
v6	run3	iid	40	9	0.034244375	0.034236417	0.0	49180704	0	0	0.006081916	2.4951171875
v6	run3	iid	20	10	0.023461792	0.02346375	0.0	34735808	0	0	0.006091333	2.4951171875
v6	run3	iid	40	10	0.034603	0.034604125	0.0	49180704	0	0	0.006131209	2.4951171875
v6	run3	iid	20	11	0.023427834	0.023429667	0.0	34735808	0	0	0.006046709	2.4951171875
v6	run3	iid	40	11	0.034264917	0.03426675	0.0	49180704	0	0	0.005940292	2.4951171875
v6	run4	iid	-1	0	1.4376800060272217	0	0	0	0	0	0	0
v6	run4	iid	0	0	5.043884667	5.043439333	0.110243083	1535035696	6	1	0.006112292	2.2646484375
v6	run4	iid	20	1	0.023555166	0.023556625	0.0	34735808	0	0	0.006101291	2.1630859375
v6	run4	iid	40	1	0.034636167	0.034637459	0.0	49180704	0	0	0.006154417	2.1630859375
v6	run4	iid	20	2	0.023546708	0.023547916	0.0	34735808	0	0	0.006054916	2.1630859375
v6	run4	iid	40	2	0.034637417	0.034639	0.0	49180704	0	0	0.006079584	2.1630859375
v6	run4	iid	20	3	0.023284375	0.023289167	0.0	34735808	0	0	0.00595925	2.1630859375
v6	run4	iid	40	3	0.034388958	0.034381459	0.0	49180704	0	0	0.00601475	2.1630859375
v6	run4	iid	20	4	0.023545584	0.023547333	0.0	34735808	0	0	0.006027292	2.1630859375
v6	run4	iid	40	4	0.034556417	0.034557916	0.0	49180704	0	0	0.006053833	2.1630859375
v6	run4	iid	20	5	0.023646959	0.023647875	0.0	34735808	0	0	0.005947542	2.1630859375
v6	run4	iid	40	5	0.03500275	0.035004375	0.0	49180704	0	0	0.006105875	2.1630859375
v6	run4	iid	20	6	0.023735667	0.023736208	0.0	34735808	0	0	0.006092083	2.1630859375
v6	run4	iid	40	6	0.034571459	0.034573167	0.0	49180704	0	0	0.006108875	2.1630859375
v6	run4	iid	20	7	0.023586875	0.023588333	0.0	34735808	0	0	0.006031709	2.1630859375
v6	run4	iid	40	7	0.033902084	0.033892459	0.0	49180704	0	0	0.006052792	2.1630859375
v6	run4	iid	20	8	0.023310375	0.023311417	0.0	34735808	0	0	0.00602925	2.1630859375
v6	run4	iid	40	8	0.034875584	0.034877167	0.0	49180704	0	0	0.006090708	2.1630859375
v6	run4	iid	20	9	0.023816458	0.023817542	0.0	34735808	0	0	0.00613875	2.1630859375
v6	run4	iid	40	9	0.034703375	0.034705208	0.0	49180704	0	0	0.006004042	2.1630859375
v6	run4	iid	20	10	0.023150166	0.023151	0.0	34735808	0	0	0.005895958	2.1630859375
v6	run4	iid	40	10	0.034474	0.03446225	0.0	49180704	0	0	0.006048708	2.1630859375
v6	run4	iid	20	11	0.023879375	0.0238805	0.0	34735808	0	0	0.006088291	2.1630859375
v6	run4	iid	40	11	0.03381	0.033811833	0.0	49180704	0	0	0.006090958	2.1630859375
Q	run4	iid	-1	0	1.323380947113037	0	0	0	0	0	0	0
Q	run4	iid	0	0	6.006878292	6.006372916	0.163930002	1981011824	7	1	0.006017875	2.365234375
Q	run4	iid	20	1	0.035878375	0.035880417	0.0	37451184	0	0	0.006044041	2.3359375
Q	run4	iid	40	1	0.036507209	0.036508917	0.0	52667456	0	0	0.006070375	2.3359375
Q	run4	iid	20	2	0.025387416	0.025376292	0.0	36964960	0	0	0.006090542	2.3359375
Q	run4	iid	40	2	0.0363735	0.036375084	0.0	52667456	0	0	0.006018791	2.3359375
Q	run4	iid	20	3	0.025242875	0.02524525	0.0	36964960	0	0	0.005954958	2.3359375
Q	run4	iid	40	3	0.036270834	0.036273166	0.0	52667456	0	0	0.006006583	2.3359375
Q	run4	iid	20	4	0.025393625	0.025381875	0.0	36964960	0	0	0.006082584	2.3359375
Q	run4	iid	40	4	0.03674775	0.036748667	0.0	52667456	0	0	0.006061209	2.3359375
Q	run4	iid	20	5	0.025534875	0.02553575	0.0	36964960	0	0	0.006073416	2.3359375
Q	run4	iid	40	5	0.036080542	0.036081709	0.0	52667456	0	0	0.006002458	2.3359375
Q	run4	iid	20	6	0.025308541	0.025309666	0.0	36964960	0	0	0.005965166	2.3359375
Q	run4	iid	40	6	0.036156208	0.036158125	0.0	52667456	0	0	0.005924209	2.3359375
Q	run4	iid	20	7	0.025486291	0.025487166	0.0	36964960	0	0	0.006100208	2.3359375
Q	run4	iid	40	7	0.036471083	0.036472375	0.0	52667456	0	0	0.006095583	2.3359375
Q	run4	iid	20	8	0.025656	0.025657708	0.0	36965248	0	0	0.006098958	2.3359375
Q	run4	iid	40	8	0.036358667	0.036360333	0.0	52667456	0	0	0.006066666	2.3359375
Q	run4	iid	20	9	0.025103208	0.025104833	0.0	36964960	0	0	0.005951291	2.3359375
Q	run4	iid	40	9	0.035794417	0.035784	0.0	52667456	0	0	0.006045625	2.3359375
Q	run4	iid	20	10	0.025291416	0.025292625	0.0	36964960	0	0	0.006018375	2.3359375
Q	run4	iid	40	10	0.0357175	0.035719666	0.0	52667456	0	0	0.005962041	2.3359375
Q	run4	iid	20	11	0.025524958	0.025526458	0.0	36964960	0	0	0.006088708	2.3359375
Q	run4	iid	40	11	0.036730584	0.036731917	0.0	52667456	0	0	0.00607875	2.3359375
Q	run5	iid	-1	0	1.3244140148162842	0	0	0	0	0	0	0
Q	run5	iid	0	0	6.003608584	6.003088	0.166242792	1981006368	7	1	0.006061541	2.36376953125
Q	run5	iid	20	1	0.036644458	0.03657225	0.0	37451184	0	0	0.006146917	2.41455078125
Q	run5	iid	40	1	0.035092709	0.035083042	0.0	52667456	0	0	0.006083042	2.41455078125
Q	run5	iid	20	2	0.024494666	0.024484208	0.0	36964960	0	0	0.006010709	2.41455078125
Q	run5	iid	40	2	0.034275708	0.034265375	0.0	52667456	0	0	0.006066542	2.41455078125
Q	run5	iid	20	3	0.025088166	0.025089958	0.0	36964960	0	0	0.006043375	2.41455078125
Q	run5	iid	40	3	0.034408166	0.034409875	0.0	52667456	0	0	0.006089584	2.41455078125
Q	run5	iid	20	4	0.024556542	0.024544709	0.0	36964960	0	0	0.006035875	2.41455078125
Q	run5	iid	40	4	0.0354965	0.035497792	0.0	52667456	0	0	0.006045417	2.41455078125
Q	run5	iid	20	5	0.025007708	0.025009791	0.0	36964960	0	0	0.006066083	2.41455078125
Q	run5	iid	40	5	0.035443416	0.035445083	0.0	52667456	0	0	0.006045708	2.41455078125
Q	run5	iid	20	6	0.025081416	0.025083125	0.0	36964960	0	0	0.006091833	2.41455078125
Q	run5	iid	40	6	0.034782459	0.03477175	0.0	52667456	0	0	0.006082167	2.41455078125
Q	run5	iid	20	7	0.024823667	0.024825125	0.0	36964960	0	0	0.006056083	2.41455078125
Q	run5	iid	40	7	0.035735792	0.03573825	0.0	52667456	0	0	0.005973708	2.41455078125
Q	run5	iid	20	8	0.024815916	0.024817375	0.0	36965248	0	0	0.006026583	2.41455078125
Q	run5	iid	40	8	0.035069792	0.035070625	0.0	52667456	0	0	0.006032458	2.41455078125
Q	run5	iid	20	9	0.0250925	0.02509375	0.0	36964960	0	0	0.006074459	2.54150390625
Q	run5	iid	40	9	0.0352245	0.035213083	0.0	52667456	0	0	0.006064542	2.54150390625
Q	run5	iid	20	10	0.025431084	0.025431875	0.0	36964960	0	0	0.00609825	2.54150390625
Q	run5	iid	40	10	0.03567975	0.0356815	0.0	52667456	0	0	0.006057667	2.54150390625
Q	run5	iid	20	11	0.024895292	0.024896458	0.0	36964960	0	0	0.005942209	2.54150390625
Q	run5	iid	40	11	0.034689416	0.034679042	0.0	52667456	0	0	0.006047708	2.54150390625
v6	run5	iid	-1	0	1.4355101585388184	0	0	0	0	0	0	0
v6	run5	iid	0	0	5.069043333	5.068593375	0.111741249	1534993376	6	1	0.006107042	2.658203125
v6	run5	iid	20	1	0.023119542	0.023106583	0.0	34735808	0	0	0.006131042	2.92578125
v6	run5	iid	40	1	0.033750209	0.033737542	0.0	49180704	0	0	0.006095417	2.92578125
v6	run5	iid	20	2	0.023215708	0.023216875	0.0	34735808	0	0	0.006090375	2.92578125
v6	run5	iid	40	2	0.0335615	0.033563292	0.0	49180704	0	0	0.005937541	2.92578125
v6	run5	iid	20	3	0.023108209	0.02310025	0.0	34735808	0	0	0.006011125	2.92578125
v6	run5	iid	40	3	0.034341083	0.034343291	0.0	49180704	0	0	0.006096708	2.92578125
v6	run5	iid	20	4	0.023174125	0.023175708	0.0	34735808	0	0	0.006088917	2.92578125
v6	run5	iid	40	4	0.034292667	0.034294875	0.0	49180704	0	0	0.006036542	2.92578125
v6	run5	iid	20	5	0.023016166	0.0230185	0.0	34735808	0	0	0.006005916	2.92578125
v6	run5	iid	40	5	0.033682083	0.033670916	0.0	49180704	0	0	0.006046791	2.92578125
v6	run5	iid	20	6	0.023350666	0.023352542	0.0	34735808	0	0	0.006091125	2.92578125
v6	run5	iid	40	6	0.033849458	0.033852334	0.0	49180704	0	0	0.005977667	2.92578125
v6	run5	iid	20	7	0.02301025	0.023012625	0.0	34735808	0	0	0.0059965	2.92578125
v6	run5	iid	40	7	0.033726833	0.033718708	0.0	49180704	0	0	0.006016583	2.92578125
v6	run5	iid	20	8	0.023134792	0.023136042	0.0	34735808	0	0	0.006115208	2.92578125
v6	run5	iid	40	8	0.033820833	0.0338225	0.0	49180704	0	0	0.006102	2.92578125
v6	run5	iid	20	9	0.023349333	0.023350541	0.0	34735808	0	0	0.006064375	2.92578125
v6	run5	iid	40	9	0.033676583	0.033666	0.0	49180704	0	0	0.006095583	2.92578125
v6	run5	iid	20	10	0.023270833	0.02327275	0.0	34735808	0	0	0.006030666	2.92578125
v6	run5	iid	40	10	0.033756541	0.033745625	0.0	49180704	0	0	0.006067875	2.92578125
v6	run5	iid	20	11	0.0229515	0.02295275	0.0	34735808	0	0	0.006036083	3.251953125
v6	run5	iid	40	11	0.03381525	0.03381675	0.0	49180704	0	0	0.006042209	3.251953125
Q	run1	betabern	-1	0	1.327138900756836	0	0	0	0	0	0	0
Q	run1	betabern	0	0	5.415188083	5.414698125	0.181763917	1745123920	7	1	0.006104459	3.2314453125
Q	run1	betabern	1	1	0.077347375	0.077334625	0.0	75414944	0	0	0.006052958	3.29296875
Q	run1	betabern	1	2	0.060230458	0.06022175	0.0	73819632	0	0	0.006056625	3.29296875
Q	run1	betabern	1	3	0.059882167	0.059873333	0.0	73819632	0	0	0.00598175	3.29296875
Q	run1	betabern	1	4	0.060371667	0.060373375	0.0	73819632	0	0	0.006068	3.29296875
Q	run1	betabern	1	5	0.05933275	0.059334083	0.0	73819632	0	0	0.00593175	3.29296875
Q	run1	betabern	1	6	0.060564958	0.060567625	0.0	73819632	0	0	0.006071125	3.29296875
Q	run1	betabern	1	7	0.060478084	0.060480958	0.0	73819632	0	0	0.005981791	3.29296875
Q	run1	betabern	1	8	0.060296458	0.060297917	0.0	73819632	0	0	0.006039	3.29296875
Q	run1	betabern	1	9	0.0599095	0.0599	0.0	73819632	0	0	0.006088542	3.29296875
Q	run1	betabern	1	10	0.059425791	0.059416708	0.0	73819632	0	0	0.005981625	3.29296875
Q	run1	betabern	1	11	0.059921042	0.059916542	0.0	73819632	0	0	0.006068375	3.29296875
v6	run1	betabern	-1	0	1.432783842086792	0	0	0	0	0	0	0
v6	run1	betabern	0	0	4.495528375	4.495149541	0.162944874	1376380608	6	1	0.006210167	2.93994140625
v6	run1	betabern	1	1	0.051019583	0.051021167	0.0	71649232	0	0	0.0060255	3.0244140625
v6	run1	betabern	1	2	0.050448292	0.050450333	0.0	71649232	0	0	0.005985917	3.0244140625
v6	run1	betabern	1	3	0.050289667	0.050290916	0.0	71649232	0	0	0.005989583	3.0244140625
v6	run1	betabern	1	4	0.051078709	0.051080792	0.0	71649232	0	0	0.006014416	3.0244140625
v6	run1	betabern	1	5	0.050594833	0.050597291	0.0	71649232	0	0	0.006080375	3.0244140625
v6	run1	betabern	1	6	0.050998	0.051001125	0.0	71649232	0	0	0.006008291	3.0244140625
v6	run1	betabern	1	7	0.050425125	0.050427625	0.0	71649232	0	0	0.005934458	3.0244140625
v6	run1	betabern	1	8	0.050515875	0.050516917	0.0	71649232	0	0	0.006095709	3.0244140625
v6	run1	betabern	1	9	0.050601333	0.050602917	0.0	71649232	0	0	0.005943416	3.0244140625
v6	run1	betabern	1	10	0.050875625	0.050877125	0.0	71649232	0	0	0.005952708	3.0244140625
v6	run1	betabern	1	11	0.050533875	0.050535333	0.0	71649232	0	0	0.005886083	3.0244140625
v6	run2	betabern	-1	0	1.4292919635772705	0	0	0	0	0	0	0
v6	run2	betabern	0	0	4.485296875	4.484923708	0.157630291	1376404960	5	1	0.006015167	3.09375
v6	run2	betabern	1	1	0.051405541	0.051396541	0.0	71649232	0	0	0.006116209	3.0859375
v6	run2	betabern	1	2	0.050962	0.050953958	0.0	71649232	0	0	0.006022417	3.0859375
v6	run2	betabern	1	3	0.051375625	0.051376666	0.0	71649232	0	0	0.006082708	3.0859375
v6	run2	betabern	1	4	0.05252625	0.052530459	0.0	71649232	0	0	0.006084333	3.0859375
v6	run2	betabern	1	5	0.051663833	0.051655625	0.0	71649232	0	0	0.006107584	3.0859375
v6	run2	betabern	1	6	0.051036	0.051027542	0.0	71649232	0	0	0.006092542	3.0859375
v6	run2	betabern	1	7	0.051733334	0.051725833	0.0	71649232	0	0	0.006013	3.0859375
v6	run2	betabern	1	8	0.052079208	0.052080833	0.0	71649232	0	0	0.006095583	3.0859375
v6	run2	betabern	1	9	0.052100083	0.052101334	0.0	71649232	0	0	0.005892042	3.0859375
v6	run2	betabern	1	10	0.052461958	0.052453875	0.0	71649232	0	0	0.006112833	3.0859375
v6	run2	betabern	1	11	0.05137825	0.051369334	0.0	71649232	0	0	0.006138709	3.0859375
Q	run2	betabern	-1	0	1.3441150188446045	0	0	0	0	0	0	0
Q	run2	betabern	0	0	5.485480792	5.485067125	0.182850166	1745089072	7	1	0.006052792	3.15869140625
Q	run2	betabern	1	1	0.077758667	0.077751333	0.0	75414944	0	0	0.006102459	3.2255859375
Q	run2	betabern	1	2	0.0602335	0.060234792	0.0	73819632	0	0	0.005986125	3.2255859375
Q	run2	betabern	1	3	0.061426667	0.061428208	0.0	73819632	0	0	0.006100167	3.2255859375
Q	run2	betabern	1	4	0.061124291	0.061128292	0.0	73819632	0	0	0.006043208	3.12744140625
Q	run2	betabern	1	5	0.060923666	0.060925375	0.0	73819632	0	0	0.00613275	3.12744140625
Q	run2	betabern	1	6	0.061201417	0.061203292	0.0	73819632	0	0	0.006106834	3.12744140625
Q	run2	betabern	1	7	0.061488584	0.061483083	0.0	73819632	0	0	0.00607475	3.12744140625
Q	run2	betabern	1	8	0.060192125	0.060183833	0.0	73819632	0	0	0.006076083	3.12744140625
Q	run2	betabern	1	9	0.059415375	0.059407875	0.0	73819632	0	0	0.0060115	3.12744140625
Q	run2	betabern	1	10	0.059905708	0.059898292	0.0	73819632	0	0	0.006048791	3.12744140625
Q	run2	betabern	1	11	0.06057125	0.060572791	0.0	73819632	0	0	0.006191833	3.12744140625
Q	run3	betabern	-1	0	1.3402690887451172	0	0	0	0	0	0	0
Q	run3	betabern	0	0	5.474272583	5.473851666	0.180089419	1745073488	7	1	0.006090083	3.27734375
Q	run3	betabern	1	1	0.079214291	0.079206875	0.0	75414944	0	0	0.006037375	3.3349609375
Q	run3	betabern	1	2	0.060132833	0.0601245	0.0	73819632	0	0	0.0060525	3.3349609375
Q	run3	betabern	1	3	0.061961208	0.06195325	0.0	73819632	0	0	0.006042041	3.3349609375
Q	run3	betabern	1	4	0.060866166	0.060867375	0.0	73819632	0	0	0.006092916	3.3349609375
Q	run3	betabern	1	5	0.060997416	0.061003041	0.0	73819632	0	0	0.006082084	3.3349609375
Q	run3	betabern	1	6	0.060748834	0.060741708	0.0	73819632	0	0	0.006131333	3.22802734375
Q	run3	betabern	1	7	0.0617785	0.061773	0.0	73819632	0	0	0.006031958	3.22802734375
Q	run3	betabern	1	8	0.061004666	0.061006292	0.0	73819632	0	0	0.006103959	3.22802734375
Q	run3	betabern	1	9	0.061230875	0.061223833	0.0	73819632	0	0	0.00606475	3.22802734375
Q	run3	betabern	1	10	0.061975834	0.061976917	0.0	73819632	0	0	0.006110875	3.22802734375
Q	run3	betabern	1	11	0.061058791	0.061060708	0.0	73819632	0	0	0.005976792	3.22802734375
v6	run3	betabern	-1	0	1.4535479545593262	0	0	0	0	0	0	0
v6	run3	betabern	0	0	4.532761125	4.532398291	0.164465626	1376344960	6	1	0.006112875	3.28955078125
v6	run3	betabern	1	1	0.05220275	0.052204333	0.0	71649232	0	0	0.006020666	3.26611328125
v6	run3	betabern	1	2	0.052199042	0.052194625	0.0	71649232	0	0	0.006354583	3.26611328125
v6	run3	betabern	1	3	0.051986583	0.05198125	0.0	71649232	0	0	0.006004833	3.26611328125
v6	run3	betabern	1	4	0.052122125	0.052123708	0.0	71649232	0	0	0.006048291	3.26611328125
v6	run3	betabern	1	5	0.051954958	0.051956708	0.0	71649232	0	0	0.006157958	3.26611328125
v6	run3	betabern	1	6	0.051838541	0.051840708	0.0	71649232	0	0	0.005968167	3.26611328125
v6	run3	betabern	1	7	0.051483	0.051484167	0.0	71649232	0	0	0.005985791	3.26611328125
v6	run3	betabern	1	8	0.051592084	0.051583667	0.0	71649232	0	0	0.006092	3.26611328125
v6	run3	betabern	1	9	0.0512435	0.051235708	0.0	71649232	0	0	0.006133791	3.26611328125
v6	run3	betabern	1	10	0.051384833	0.051376875	0.0	71649232	0	0	0.006088083	3.26611328125
v6	run3	betabern	1	11	0.051345667	0.051336541	0.0	71649232	0	0	0.006092125	3.26611328125
v6	run4	betabern	-1	0	1.4506940841674805	0	0	0	0	0	0	0
v6	run4	betabern	0	0	4.536312666	4.535954292	0.164075376	1376340592	6	1	0.006051833	3.46484375
v6	run4	betabern	1	1	0.052604875	0.052606	0.0	71649232	0	0	0.006098917	3.42724609375
v6	run4	betabern	1	2	0.051546083	0.051548083	0.0	71649232	0	0	0.006060458	3.42724609375
v6	run4	betabern	1	3	0.051827084	0.051828708	0.0	71649232	0	0	0.006029208	3.42724609375
v6	run4	betabern	1	4	0.051840666	0.051841792	0.0	71649232	0	0	0.00601975	3.42724609375
v6	run4	betabern	1	5	0.051517917	0.0515195	0.0	71649232	0	0	0.005945542	3.42724609375
v6	run4	betabern	1	6	0.0513975	0.051398334	0.0	71649232	0	0	0.006125	3.42724609375
v6	run4	betabern	1	7	0.052275125	0.052276625	0.0	71649232	0	0	0.006029667	3.42724609375
v6	run4	betabern	1	8	0.052236208	0.052237917	0.0	71649232	0	0	0.006012125	3.42724609375
v6	run4	betabern	1	9	0.051740875	0.051742125	0.0	71649232	0	0	0.005891417	3.42724609375
v6	run4	betabern	1	10	0.05114675	0.051140291	0.0	71649232	0	0	0.00607275	3.42724609375
v6	run4	betabern	1	11	0.051422333	0.051423583	0.0	71649232	0	0	0.005971542	3.42724609375
Q	run4	betabern	-1	0	1.3441507816314697	0	0	0	0	0	0	0
Q	run4	betabern	0	0	5.487171792	5.486744084	0.184605083	1745085664	7	1	0.006060292	3.58837890625
Q	run4	betabern	1	1	0.077635417	0.07763675	0.0	75414944	0	0	0.006061667	3.541015625
Q	run4	betabern	1	2	0.060667792	0.060661709	0.0	73819632	0	0	0.006012083	3.541015625
Q	run4	betabern	1	3	0.060623209	0.060614792	0.0	73819632	0	0	0.0060265	3.541015625
Q	run4	betabern	1	4	0.060678875	0.060680417	0.0	73819632	0	0	0.006050208	3.541015625
Q	run4	betabern	1	5	0.060718667	0.060711292	0.0	73819632	0	0	0.006093208	3.541015625
Q	run4	betabern	1	6	0.060403458	0.060395333	0.0	73819632	0	0	0.006140417	3.541015625
Q	run4	betabern	1	7	0.060055167	0.06004775	0.0	73819632	0	0	0.006063959	3.541015625
Q	run4	betabern	1	8	0.059894125	0.059895375	0.0	73819632	0	0	0.00589025	3.541015625
Q	run4	betabern	1	9	0.059832875	0.059834583	0.0	73819632	0	0	0.006024458	3.541015625
Q	run4	betabern	1	10	0.060879958	0.060880958	0.0	73819632	0	0	0.005984291	3.541015625
Q	run4	betabern	1	11	0.061453333	0.061438792	0.0	73819632	0	0	0.006076	3.541015625
Q	run5	betabern	-1	0	1.3346359729766846	0	0	0	0	0	0	0
Q	run5	betabern	0	0	5.693163833	5.686326292	0.188775375	1745089824	7	1	0.00609325	3.41748046875
Q	run5	betabern	1	1	0.078743959	0.078735792	0.0	75414944	0	0	0.006084791	3.19287109375
Q	run5	betabern	1	2	0.060866792	0.060859625	0.0	73819632	0	0	0.006041792	3.19287109375
Q	run5	betabern	1	3	0.060731041	0.06072325	0.0	73819632	0	0	0.0060035	3.19287109375
Q	run5	betabern	1	4	0.060676834	0.060678125	0.0	73819632	0	0	0.006147417	3.19287109375
Q	run5	betabern	1	5	0.060259375	0.060252666	0.0	73819632	0	0	0.006098	3.19287109375
Q	run5	betabern	1	6	0.061682375	0.061684875	0.0	73819632	0	0	0.005982875	3.19287109375
Q	run5	betabern	1	7	0.061303666	0.061306083	0.0	73819632	0	0	0.006065583	3.19287109375
Q	run5	betabern	1	8	0.061455167	0.061457	0.0	73819632	0	0	0.005959083	3.19287109375
Q	run5	betabern	1	9	0.060692125	0.060693334	0.0	73819632	0	0	0.00604325	3.19287109375
Q	run5	betabern	1	10	0.061599541	0.061601208	0.0	73819632	0	0	0.006085709	3.19287109375
Q	run5	betabern	1	11	0.061069416	0.061071458	0.0	73819632	0	0	0.00600125	3.19287109375
v6	run5	betabern	-1	0	1.4677739143371582	0	0	0	0	0	0	0
v6	run5	betabern	0	0	4.554557083	4.5536315	0.156793082	1376331264	5	1	0.006032583	3.09716796875
v6	run5	betabern	1	1	0.058664417	0.058657917	0.0	71649232	0	0	0.00617425	3.16943359375
v6	run5	betabern	1	2	0.059116291	0.059118417	0.0	71649232	0	0	0.006774917	3.16943359375
v6	run5	betabern	1	3	0.057382708	0.057385167	0.0	71649232	0	0	0.006764667	3.16943359375
v6	run5	betabern	1	4	0.053325833	0.0533275	0.0	71649232	0	0	0.006144666	3.16943359375
v6	run5	betabern	1	5	0.052545709	0.052540334	0.0	71649232	0	0	0.006171	3.23583984375
v6	run5	betabern	1	6	0.055444375	0.055441125	0.0	71649232	0	0	0.006458041	3.23583984375
v6	run5	betabern	1	7	0.0522855	0.052281625	0.0	71649232	0	0	0.006157458	3.23583984375
v6	run5	betabern	1	8	0.053377167	0.053378625	0.0	71649232	0	0	0.00611825	3.23583984375
v6	run5	betabern	1	9	0.053303709	0.053299875	0.0	71649232	0	0	0.006173834	3.23583984375
v6	run5	betabern	1	10	0.055271167	0.055275125	0.0	71649232	0	0	0.006372958	3.23583984375
v6	run5	betabern	1	11	0.054288458	0.054284125	0.0	71649232	0	0	0.006411791	3.23583984375
Q	run1	nl	-1	0	1.4776709079742432	0	0	0	0	0	0	0
Q	run1	nl	0	0	12.935496458	12.933749959	0.296584459	3517811632	12	2	0.006095584	3.376953125
Q	run1	nl	10	1	0.042812375	0.042038209	0.0	43181264	0	0	0.006231458	3.21923828125
Q	run1	nl	20	1	0.064604417	0.063816167	0.0	59803360	0	0	0.006289041	3.21923828125
Q	run1	nl	10	2	0.043563125	0.042786917	0.0	43181264	0	0	0.006580208	3.21923828125
Q	run1	nl	20	2	0.062441625	0.061662542	0.0	59803360	0	0	0.00640625	3.21923828125
Q	run1	nl	10	3	0.0430585	0.042303792	0.0	43181264	0	0	0.006430416	3.21923828125
Q	run1	nl	20	3	0.060606083	0.059828375	0.0	59803360	0	0	0.006415667	3.21923828125
Q	run1	nl	10	4	0.043980917	0.04319925	0.0	43181264	0	0	0.006371958	3.21923828125
Q	run1	nl	20	4	0.062769584	0.061984542	0.0	59803360	0	0	0.006504916	3.21923828125
Q	run1	nl	10	5	0.043576917	0.042791917	0.0	43181264	0	0	0.006376041	3.21923828125
Q	run1	nl	20	5	0.061283375	0.060510791	0.0	59803360	0	0	0.00644925	3.21923828125
Q	run1	nl	10	6	0.04388425	0.043120125	0.0	43181264	0	0	0.006391833	3.21923828125
Q	run1	nl	20	6	0.062690166	0.061900833	0.0	59803360	0	0	0.006445792	3.21923828125
Q	run1	nl	10	7	0.044957375	0.044188292	0.0	43181264	0	0	0.006498167	3.21923828125
Q	run1	nl	20	7	0.062629709	0.061851792	0.0	59803360	0	0	0.006432791	3.21923828125
Q	run1	nl	10	8	0.045794041	0.044953334	0.0	43181264	0	0	0.00632825	3.21923828125
Q	run1	nl	20	8	0.061587458	0.060825417	0.0	59803360	0	0	0.006217292	3.21923828125
Q	run1	nl	10	9	0.042745083	0.0419875	0.0	43181264	0	0	0.006503709	3.21923828125
Q	run1	nl	20	9	0.062234458	0.061469625	0.0	59803360	0	0	0.006401125	3.21923828125
Q	run1	nl	10	10	0.044051792	0.043270709	0.0	43181264	0	0	0.006455291	3.52197265625
Q	run1	nl	20	10	0.061896208	0.061095875	0.0	59803360	0	0	0.00643125	3.52197265625
Q	run1	nl	10	11	0.045509208	0.044734958	0.0	43181264	0	0	0.006674125	3.52197265625
Q	run1	nl	20	11	0.061737292	0.060948125	0.0	59803360	0	0	0.006286	3.52197265625
v6	run1	nl	-1	0	1.5673019886016846	0	0	0	0	0	0	0
v6	run1	nl	0	0	9.978702125	9.973836667	0.240925915	2414467936	10	1	0.006195958	3.80029296875
v6	run1	nl	10	1	0.263393875	0.26317225	0.0	68486640	0	0	0.006376583	3.84326171875
v6	run1	nl	20	1	0.088626458	0.088490292	0.0	75846352	0	0	0.006324	3.84326171875
v6	run1	nl	10	2	0.05016225	0.050036083	0.0	50586336	0	0	0.006397958	3.84326171875
v6	run1	nl	20	2	0.084694208	0.084574167	0.0	75846352	0	0	0.006390959	3.84326171875
v6	run1	nl	10	3	0.052108334	0.051988209	0.0	50586336	0	0	0.006442	3.84326171875
v6	run1	nl	20	3	0.084233125	0.084097	0.0	75846352	0	0	0.006239625	3.84326171875
v6	run1	nl	10	4	0.051551334	0.051418583	0.0	50586336	0	0	0.006287041	3.84326171875
v6	run1	nl	20	4	0.08356325	0.083436208	0.0	75846352	0	0	0.006436667	3.84326171875
v6	run1	nl	10	5	0.05108325	0.050955917	0.0	50586336	0	0	0.006414917	3.84326171875
v6	run1	nl	20	5	0.086875125	0.086752583	0.0	75846352	0	0	0.006486541	3.84326171875
v6	run1	nl	10	6	0.051285625	0.051157792	0.0	50586336	0	0	0.006426916	3.84326171875
v6	run1	nl	20	6	0.085907584	0.085777417	0.0	75846352	0	0	0.006545625	3.84326171875
v6	run1	nl	10	7	0.051536	0.051401291	0.0	50586336	0	0	0.006401084	3.84326171875
v6	run1	nl	20	7	0.086175125	0.086040625	0.0	75846352	0	0	0.006306208	3.84326171875
v6	run1	nl	10	8	0.052514583	0.052380834	0.0	50586336	0	0	0.006402375	3.84326171875
v6	run1	nl	20	8	0.085126917	0.084983125	0.0	75846352	0	0	0.006301167	3.775390625
v6	run1	nl	10	9	0.051148375	0.051015041	0.0	50586336	0	0	0.006681459	3.775390625
v6	run1	nl	20	9	0.083151833	0.083020541	0.0	75846352	0	0	0.006152917	3.775390625
v6	run1	nl	10	10	0.053527167	0.053394291	0.0	50586336	0	0	0.006431708	3.775390625
v6	run1	nl	20	10	0.085117208	0.084985167	0.0	75846352	0	0	0.006510875	3.775390625
v6	run1	nl	10	11	0.052211	0.052084458	0.0	50586336	0	0	0.006445083	3.775390625
v6	run1	nl	20	11	0.085791459	0.085669417	0.0	75846352	0	0	0.006440625	3.775390625
v6	run2	nl	-1	0	1.558377981185913	0	0	0	0	0	0	0
v6	run2	nl	0	0	9.568461625	9.567027291	0.245262206	2414488768	10	1	0.006501417	3.6328125
v6	run2	nl	10	1	0.25915075	0.258915792	0.0	68487296	0	0	0.006222125	3.6826171875
v6	run2	nl	20	1	0.086622708	0.086487542	0.0	75846352	0	0	0.006144958	3.6826171875
v6	run2	nl	10	2	0.050207917	0.05007725	0.0	50586336	0	0	0.006257291	3.6826171875
v6	run2	nl	20	2	0.08362375	0.083496459	0.0	75846352	0	0	0.00622225	3.6826171875
v6	run2	nl	10	3	0.050168084	0.050031959	0.0	50586336	0	0	0.00618925	3.6826171875
v6	run2	nl	20	3	0.083052917	0.082930917	0.0	75846352	0	0	0.00623825	3.6826171875
v6	run2	nl	10	4	0.049721542	0.049596708	0.0	50586336	0	0	0.006275041	3.6826171875
v6	run2	nl	20	4	0.082068083	0.081940041	0.0	75846352	0	0	0.006161	3.6826171875
v6	run2	nl	10	5	0.04932025	0.049186709	0.0	50586336	0	0	0.00620025	3.6826171875
v6	run2	nl	20	5	0.086277625	0.086149541	0.0	75846352	0	0	0.006183459	3.6826171875
v6	run2	nl	10	6	0.05051775	0.05039225	0.0	50586336	0	0	0.006028917	3.6826171875
v6	run2	nl	20	6	0.083131416	0.08300575	0.0	75846352	0	0	0.006416	3.6826171875
v6	run2	nl	10	7	0.04992975	0.049814625	0.0	50586336	0	0	0.00616025	3.6826171875
v6	run2	nl	20	7	0.082780542	0.08265975	0.0	75846352	0	0	0.006146375	3.6826171875
v6	run2	nl	10	8	0.050472791	0.050338875	0.0	50586336	0	0	0.006104833	3.6826171875
v6	run2	nl	20	8	0.084004333	0.083874292	0.0	75846352	0	0	0.006142458	3.6279296875
v6	run2	nl	10	9	0.049207208	0.049094792	0.0	50586336	0	0	0.006470292	3.6279296875
v6	run2	nl	20	9	0.082660459	0.082523917	0.0	75846352	0	0	0.006059625	3.6279296875
v6	run2	nl	10	10	0.0497745	0.049645708	0.0	50586336	0	0	0.0063465	3.6279296875
v6	run2	nl	20	10	0.08147575	0.081357125	0.0	75846352	0	0	0.006154209	3.6279296875
v6	run2	nl	10	11	0.050344459	0.050228875	0.0	50586336	0	0	0.006123333	3.6279296875
v6	run2	nl	20	11	0.08276175	0.082629833	0.0	75846352	0	0	0.006222917	3.6279296875
Q	run2	nl	-1	0	1.4534800052642822	0	0	0	0	0	0	0
Q	run2	nl	0	0	12.657355334	12.65429125	0.293934082	3517794464	13	2	0.00653225	3.81787109375
Q	run2	nl	10	1	0.040672541	0.039897083	0.0	43181264	0	0	0.006034083	3.86376953125
Q	run2	nl	20	1	0.057424375	0.056635291	0.0	59803360	0	0	0.006044041	3.86376953125
Q	run2	nl	10	2	0.040235625	0.039461583	0.0	43181264	0	0	0.006150041	3.86376953125
Q	run2	nl	20	2	0.056677334	0.055887	0.0	59803360	0	0	0.006144958	3.86376953125
Q	run2	nl	10	3	0.039513792	0.038754583	0.0	43181264	0	0	0.006034875	3.86376953125
Q	run2	nl	20	3	0.0565615	0.055782667	0.0	59803360	0	0	0.006130625	3.86376953125
Q	run2	nl	10	4	0.044442583	0.043701166	0.0	43181264	0	0	0.00615725	3.86376953125
Q	run2	nl	20	4	0.058682417	0.057900959	0.0	59803360	0	0	0.005992166	3.86376953125
Q	run2	nl	10	5	0.03962575	0.038843541	0.0	43181264	0	0	0.006180292	3.86376953125
Q	run2	nl	20	5	0.057321084	0.056534	0.0	59803360	0	0	0.006144167	3.86376953125
Q	run2	nl	10	6	0.039594167	0.038849042	0.0	43181264	0	0	0.006042667	3.86376953125
Q	run2	nl	20	6	0.056155	0.0554135	0.0	59803360	0	0	0.006151667	3.86376953125
Q	run2	nl	10	7	0.039428208	0.038675666	0.0	43181264	0	0	0.006070708	3.86376953125
Q	run2	nl	20	7	0.055471667	0.054708292	0.0	59803360	0	0	0.006094125	3.86376953125
Q	run2	nl	10	8	0.040508292	0.039753583	0.0	43181264	0	0	0.006142	3.86376953125
Q	run2	nl	20	8	0.05562825	0.054850084	0.0	59803360	0	0	0.006071208	3.86376953125
Q	run2	nl	10	9	0.040652209	0.039888125	0.0	43181264	0	0	0.006161041	3.86376953125
Q	run2	nl	20	9	0.054939416	0.054166875	0.0	59803360	0	0	0.006141375	3.86376953125
Q	run2	nl	10	10	0.040360667	0.039596042	0.0	43181264	0	0	0.005988625	3.86376953125
Q	run2	nl	20	10	0.056780916	0.056008583	0.0	59803360	0	0	0.006202333	3.86376953125
Q	run2	nl	10	11	0.03945725	0.0387065	0.0	43181264	0	0	0.006170166	3.86376953125
Q	run2	nl	20	11	0.055409833	0.054640667	0.0	59803360	0	0	0.005972875	3.86376953125
Q	run3	nl	-1	0	1.4759650230407715	0	0	0	0	0	0	0
Q	run3	nl	0	0	13.228383375	13.222688125	0.298865501	3517952112	12	2	0.006229459	3.890625
Q	run3	nl	10	1	0.044758917	0.043930916	0.0	43181264	0	0	0.006409625	3.83935546875
Q	run3	nl	20	1	0.060176542	0.059390875	0.0	59803360	0	0	0.006365375	3.77197265625
Q	run3	nl	10	2	0.044606417	0.043810291	0.0	43181264	0	0	0.006342167	3.77197265625
Q	run3	nl	20	2	0.061271167	0.06049525	0.0	59803360	0	0	0.006538875	3.77197265625
Q	run3	nl	10	3	0.043122708	0.042347125	0.0	43181264	0	0	0.006409084	3.77197265625
Q	run3	nl	20	3	0.067810042	0.066891292	0.0	59803360	0	0	0.006550375	3.77197265625
Q	run3	nl	10	4	0.048679209	0.047835583	0.0	43181264	0	0	0.006800042	3.77197265625
Q	run3	nl	20	4	0.067758625	0.066891917	0.0	59803360	0	0	0.00665475	3.77197265625
Q	run3	nl	10	5	0.045908791	0.04500775	0.0	43181264	0	0	0.006542625	3.77197265625
Q	run3	nl	20	5	0.06473375	0.063906292	0.0	59803360	0	0	0.006570209	3.77197265625
Q	run3	nl	10	6	0.043717708	0.042875209	0.0	43181264	0	0	0.00646625	3.77197265625
Q	run3	nl	20	6	0.061979042	0.061211334	0.0	59803360	0	0	0.006398542	3.77197265625
Q	run3	nl	10	7	0.042423125	0.041638916	0.0	43181264	0	0	0.00636975	3.77197265625
Q	run3	nl	20	7	0.06266725	0.06187475	0.0	59803360	0	0	0.0064455	3.77197265625
Q	run3	nl	10	8	0.042830666	0.042034541	0.0	43181264	0	0	0.006268458	3.77197265625
Q	run3	nl	20	8	0.059450709	0.058659875	0.0	59803360	0	0	0.006512333	3.77197265625
Q	run3	nl	10	9	0.043896708	0.043095375	0.0	43181264	0	0	0.006528625	3.77197265625
Q	run3	nl	20	9	0.062077625	0.061291042	0.0	59803360	0	0	0.006259292	3.77197265625
Q	run3	nl	10	10	0.042082333	0.041297417	0.0	43181264	0	0	0.006301834	3.77197265625
Q	run3	nl	20	10	0.066143625	0.065326542	0.0	59803360	0	0	0.005990292	3.77197265625
Q	run3	nl	10	11	0.045460959	0.044664708	0.0	43181264	0	0	0.006453458	3.77197265625
Q	run3	nl	20	11	0.062196459	0.061408375	0.0	59803360	0	0	0.006416291	3.77197265625
v6	run3	nl	-1	0	1.5955798625946045	0	0	0	0	0	0	0
v6	run3	nl	0	0	10.822774792	10.625766166	0.258715208	2401123488	9	1	0.006357	3.9501953125
v6	run3	nl	10	1	0.083172	0.083015959	0.0	52458464	0	0	0.0066835	5.93115234375
v6	run3	nl	20	1	0.422260042	0.42191675	0.0	105256880	0	0	0.006431125	5.93115234375
v6	run3	nl	10	2	0.051820708	0.05169375	0.0	50586336	0	0	0.00654225	5.93115234375
v6	run3	nl	20	2	0.08276775	0.08264525	0.0	75846352	0	0	0.006483542	5.93115234375
v6	run3	nl	10	3	0.052728375	0.052599083	0.0	50586336	0	0	0.006530958	5.93115234375
v6	run3	nl	20	3	0.085735208	0.085604292	0.0	75846352	0	0	0.006446791	5.93115234375
v6	run3	nl	10	4	0.051363083	0.051237666	0.0	50586336	0	0	0.00635975	5.93115234375
v6	run3	nl	20	4	0.085482333	0.085348375	0.0	75846352	0	0	0.006529959	5.93115234375
v6	run3	nl	10	5	0.052115375	0.051969	0.0	50586336	0	0	0.006440541	5.93115234375
v6	run3	nl	20	5	0.084999833	0.084866208	0.0	75846352	0	0	0.006567833	5.93115234375
v6	run3	nl	10	6	0.050774208	0.050648542	0.0	50586336	0	0	0.006513792	5.93115234375
v6	run3	nl	20	6	0.084767625	0.084634583	0.0	75846352	0	0	0.006259792	5.93115234375
v6	run3	nl	10	7	0.051162542	0.051037667	0.0	50586336	0	0	0.006443	5.93115234375
v6	run3	nl	20	7	0.089212458	0.089055209	0.0	75846352	0	0	0.006510458	5.93115234375
v6	run3	nl	10	8	0.052475292	0.052339958	0.0	50586336	0	0	0.006103667	5.93115234375
v6	run3	nl	20	8	0.090518833	0.089926917	0.0	75846352	0	0	0.006360583	5.93115234375
v6	run3	nl	10	9	0.051695917	0.051574041	0.0	50586336	0	0	0.006467834	5.93115234375
v6	run3	nl	20	9	0.085607708	0.085479125	0.0	75846352	0	0	0.006468958	5.93115234375
v6	run3	nl	10	10	0.051616708	0.051480375	0.0	50586336	0	0	0.006377667	5.93115234375
v6	run3	nl	20	10	0.083680542	0.083552209	0.0	75846352	0	0	0.006433333	5.93115234375
v6	run3	nl	10	11	0.050348709	0.050212625	0.0	50586336	0	0	0.006462416	5.93115234375
v6	run3	nl	20	11	0.084987	0.084845375	0.0	75846352	0	0	0.006650958	5.93115234375
v6	run4	nl	-1	0	1.7889330387115479	0	0	0	0	0	0	0
v6	run4	nl	0	0	9.771491458	9.769128375	0.226166875	2403078208	9	1	0.0063545	5.78125
v6	run4	nl	10	1	0.380857916	0.380559875	0.0	79873120	0	0	0.006447583	5.27294921875
v6	run4	nl	20	1	0.08206775	0.081919375	0.0	75846352	0	0	0.006049875	5.27294921875
v6	run4	nl	10	2	0.048906334	0.048786333	0.0	50586336	0	0	0.006157792	5.27294921875
v6	run4	nl	20	2	0.078882208	0.078754584	0.0	75846352	0	0	0.006089625	5.27294921875
v6	run4	nl	10	3	0.048388541	0.048226459	0.0	50586336	0	0	0.006139916	5.27294921875
v6	run4	nl	20	3	0.093652167	0.090269459	0.0	75846352	0	0	0.006597209	5.27294921875
v6	run4	nl	10	4	0.04769675	0.047575375	0.0	50586336	0	0	0.006117416	5.27294921875
v6	run4	nl	20	4	0.080229791	0.080104625	0.0	75846352	0	0	0.006199625	5.27294921875
v6	run4	nl	10	5	0.049558625	0.049433916	0.0	50586336	0	0	0.006275333	5.27294921875
v6	run4	nl	20	5	0.081897416	0.081750542	0.0	75846352	0	0	0.006418083	5.27294921875
v6	run4	nl	10	6	0.049613875	0.04949075	0.0	50586336	0	0	0.006567416	5.27294921875
v6	run4	nl	20	6	0.080503417	0.080376416	0.0	75846352	0	0	0.006223042	5.27294921875
v6	run4	nl	10	7	0.04982525	0.049695625	0.0	50586336	0	0	0.00629375	5.27294921875
v6	run4	nl	20	7	0.084471791	0.084346291	0.0	75846352	0	0	0.006461125	5.27294921875
v6	run4	nl	10	8	0.04805575	0.04792425	0.0	50586336	0	0	0.006423958	5.27294921875
v6	run4	nl	20	8	0.092427459	0.090699417	0.0	75846352	0	0	0.006301083	5.27294921875
v6	run4	nl	10	9	0.048784625	0.048660041	0.0	50586336	0	0	0.006137708	5.27294921875
v6	run4	nl	20	9	0.08112975	0.080979875	0.0	75846352	0	0	0.006139458	5.27294921875
v6	run4	nl	10	10	0.049767	0.049636792	0.0	50586336	0	0	0.006414084	5.27294921875
v6	run4	nl	20	10	0.086699625	0.086552916	0.0	75846352	0	0	0.006149375	5.0908203125
v6	run4	nl	10	11	0.051303333	0.051177334	0.0	50586336	0	0	0.00644075	5.0908203125
v6	run4	nl	20	11	0.081961667	0.081829	0.0	75846352	0	0	0.006164916	5.0908203125
Q	run4	nl	-1	0	1.4169390201568604	0	0	0	0	0	0	0
Q	run4	nl	0	0	13.699398792	13.549779292	0.425194334	3517833936	12	2	0.006174042	4.84326171875
Q	run4	nl	10	1	0.046631583	0.045800417	0.0	43181264	0	0	0.006228459	4.66796875
Q	run4	nl	20	1	0.062287708	0.061527208	0.0	59803360	0	0	0.006251834	4.66796875
Q	run4	nl	10	2	0.044691083	0.04390475	0.0	43181264	0	0	0.006702458	4.66796875
Q	run4	nl	20	2	0.057946084	0.057204292	0.0	59803360	0	0	0.006200084	4.66796875
Q	run4	nl	10	3	0.041150875	0.040389208	0.0	43181264	0	0	0.006053958	4.66796875
Q	run4	nl	20	3	0.055379	0.05461825	0.0	59803360	0	0	0.00613425	4.66796875
Q	run4	nl	10	4	0.039082166	0.038295583	0.0	43181264	0	0	0.006138625	4.66796875
Q	run4	nl	20	4	0.055213708	0.0544595	0.0	59803360	0	0	0.006160667	4.66796875
Q	run4	nl	10	5	0.039695625	0.038926833	0.0	43181264	0	0	0.006181208	4.66796875
Q	run4	nl	20	5	0.054442875	0.053677708	0.0	59803360	0	0	0.006143666	4.66796875
Q	run4	nl	10	6	0.039916792	0.039169625	0.0	43181264	0	0	0.006175959	4.66796875
Q	run4	nl	20	6	0.055093917	0.054339792	0.0	59803360	0	0	0.006102584	4.66796875
Q	run4	nl	10	7	0.039402	0.038643959	0.0	43181264	0	0	0.00619775	4.66796875
Q	run4	nl	20	7	0.055418083	0.054637292	0.0	59803360	0	0	0.006164333	4.66796875
Q	run4	nl	10	8	0.039857583	0.039058083	0.0	43181264	0	0	0.006146667	4.66796875
Q	run4	nl	20	8	0.055696792	0.054921541	0.0	59803360	0	0	0.00608725	4.66796875
Q	run4	nl	10	9	0.03920075	0.038405875	0.0	43181264	0	0	0.006224667	4.66796875
Q	run4	nl	20	9	0.054775708	0.054016375	0.0	59803360	0	0	0.006192208	4.66796875
Q	run4	nl	10	10	0.039077458	0.038293917	0.0	43181264	0	0	0.006331667	4.66796875
Q	run4	nl	20	10	0.056453958	0.055678083	0.0	59803360	0	0	0.006201166	4.66796875
Q	run4	nl	10	11	0.040632125	0.039836334	0.0	43181264	0	0	0.00621775	4.66796875
Q	run4	nl	20	11	0.056227458	0.055407583	0.0	59803360	0	0	0.006105375	4.66796875
Q	run5	nl	-1	0	1.611943006515503	0	0	0	0	0	0	0
Q	run5	nl	0	0	12.433703541	12.429331959	0.302208791	3517750624	13	1	0.006210042	4.17724609375
Q	run5	nl	10	1	0.043290875	0.042486167	0.0	43181264	0	0	0.00650675	3.76171875
Q	run5	nl	20	1	0.05673925	0.055965125	0.0	59803360	0	0	0.006079209	3.76171875
Q	run5	nl	10	2	0.040749916	0.039994167	0.0	43181264	0	0	0.006107166	3.76171875
Q	run5	nl	20	2	0.057091916	0.056321416	0.0	59803360	0	0	0.006103584	3.76171875
Q	run5	nl	10	3	0.040026417	0.039283125	0.0	43181264	0	0	0.006257125	3.76171875
Q	run5	nl	20	3	0.056308542	0.055509833	0.0	59803360	0	0	0.006125458	3.76171875
Q	run5	nl	10	4	0.03966475	0.038899291	0.0	43181264	0	0	0.006164792	3.78076171875
Q	run5	nl	20	4	0.055175708	0.054386417	0.0	59803360	0	0	0.006172334	3.78076171875
Q	run5	nl	10	5	0.039775833	0.039025625	0.0	43181264	0	0	0.006099833	3.78076171875
Q	run5	nl	20	5	0.055701167	0.05493475	0.0	59803360	0	0	0.006037125	3.78076171875
Q	run5	nl	10	6	0.039390792	0.038619709	0.0	43181264	0	0	0.006166333	3.78076171875
Q	run5	nl	20	6	0.055304417	0.054515584	0.0	59803360	0	0	0.006122834	3.78076171875
Q	run5	nl	10	7	0.039698042	0.038915583	0.0	43181264	0	0	0.006148375	3.78076171875
Q	run5	nl	20	7	0.054591958	0.053832292	0.0	59803360	0	0	0.006151375	3.78076171875
Q	run5	nl	10	8	0.039228583	0.038465042	0.0	43181264	0	0	0.006064084	3.78076171875
Q	run5	nl	20	8	0.056803417	0.0560335	0.0	59803360	0	0	0.006083959	3.78076171875
Q	run5	nl	10	9	0.041542833	0.040728375	0.0	43181264	0	0	0.006115333	3.78076171875
Q	run5	nl	20	9	0.056375958	0.055602042	0.0	59803360	0	0	0.006188209	3.78076171875
Q	run5	nl	10	10	0.040358708	0.039602417	0.0	43181264	0	0	0.006127084	3.78076171875
Q	run5	nl	20	10	0.055643166	0.054860042	0.0	59803360	0	0	0.006179584	3.78076171875
Q	run5	nl	10	11	0.039694167	0.03890925	0.0	43181264	0	0	0.00616	3.78076171875
Q	run5	nl	20	11	0.056103708	0.055318792	0.0	59803360	0	0	0.006224	3.78076171875
v6	run5	nl	-1	0	1.4743919372558594	0	0	0	0	0	0	0
v6	run5	nl	0	0	9.197947166	9.195003375	0.222429252	2414438464	9	1	0.006236417	3.6376953125
v6	run5	nl	10	1	0.248049542	0.247803875	0.0	68485888	0	0	0.006073458	4.0068359375
v6	run5	nl	20	1	0.080235167	0.080099667	0.0	75846352	0	0	0.006185458	4.0068359375
v6	run5	nl	10	2	0.047537166	0.047402459	0.0	50586336	0	0	0.006237834	4.0068359375
v6	run5	nl	20	2	0.089466833	0.089089083	0.0	75846352	0	0	0.006129	4.0068359375
v6	run5	nl	10	3	0.049273708	0.049145167	0.0	50586336	0	0	0.006077291	4.0068359375
v6	run5	nl	20	3	0.0810065	0.080883959	0.0	75846352	0	0	0.006168875	4.0068359375
v6	run5	nl	10	4	0.047763667	0.047640125	0.0	50586336	0	0	0.006431125	4.0068359375
v6	run5	nl	20	4	0.079995417	0.079859	0.0	75846352	0	0	0.006201542	4.0068359375
v6	run5	nl	10	5	0.046878625	0.046737542	0.0	50586336	0	0	0.006235834	4.0068359375
v6	run5	nl	20	5	0.078963666	0.078824125	0.0	75846352	0	0	0.006155	4.0068359375
v6	run5	nl	10	6	0.047954875	0.047820541	0.0	50586336	0	0	0.006061833	4.0068359375
v6	run5	nl	20	6	0.080244791	0.08011625	0.0	75846352	0	0	0.006108125	4.0068359375
v6	run5	nl	10	7	0.056632167	0.056330583	0.0	50586336	0	0	0.006242667	4.0068359375
v6	run5	nl	20	7	0.085791292	0.08562575	0.0	75846352	0	0	0.006203667	4.0068359375
v6	run5	nl	10	8	0.052345291	0.052119083	0.0	50586336	0	0	0.006386833	3.845703125
v6	run5	nl	20	8	0.090195042	0.089654959	0.0	75846352	0	0	0.006195125	3.845703125
v6	run5	nl	10	9	0.050916792	0.050687625	0.0	50586336	0	0	0.006187291	3.845703125
v6	run5	nl	20	9	0.079785542	0.079667458	0.0	75846352	0	0	0.00609375	3.845703125
v6	run5	nl	10	10	0.047174375	0.047054209	0.0	50586336	0	0	0.006087667	3.845703125
v6	run5	nl	20	10	0.080479459	0.080351292	0.0	75846352	0	0	0.006160625	3.845703125
v6	run5	nl	10	11	0.047587334	0.0474575	0.0	50586336	0	0	0.006130667	3.845703125
v6	run5	nl	20	11	0.080601917	0.080471666	0.0	75846352	0	0	0.006201458	3.845703125
Q	run1	hmm	-1	0	1.4449172019958496	0	0	0	0	0	0	0
Q	run1	hmm	0	0	13.539350083	13.531830666	0.369476624	3821373632	13	2	0.006200333	3.85791015625
Q	run1	hmm	20	1	0.064958792	0.064413625	0.0	82771616	0	0	0.006448625	3.513671875
Q	run1	hmm	40	1	0.10527225	0.104304167	0.0	147052464	0	0	0.006481041	3.513671875
Q	run1	hmm	20	2	0.060122584	0.0595455	0.0	82562512	0	0	0.006394042	3.513671875
Q	run1	hmm	40	2	0.104263333	0.103285041	0.0	147052464	0	0	0.006398708	3.513671875
Q	run1	hmm	20	3	0.062620666	0.06198075	0.0	82562512	0	0	0.006706667	3.513671875
Q	run1	hmm	40	3	0.103269042	0.102306208	0.0	147052464	0	0	0.006520333	3.513671875
Q	run1	hmm	20	4	0.059140833	0.058588125	0.0	82562512	0	0	0.006275958	3.513671875
Q	run1	hmm	40	4	0.104324834	0.1033555	0.0	147052464	0	0	0.006416334	3.513671875
Q	run1	hmm	20	5	0.058840709	0.0582975	0.0	82562512	0	0	0.006475083	3.513671875
Q	run1	hmm	40	5	0.103881959	0.102910708	0.0	147052464	0	0	0.006351584	3.47216796875
Q	run1	hmm	20	6	0.060976834	0.060423541	0.0	82562512	0	0	0.00630175	3.47216796875
Q	run1	hmm	40	6	0.106082833	0.105090792	0.0	147052464	0	0	0.006428208	3.47216796875
Q	run1	hmm	20	7	0.058095583	0.057534042	0.0	82562512	0	0	0.006372667	3.47216796875
Q	run1	hmm	40	7	0.106803	0.105812541	0.0	147052464	0	0	0.006347875	3.47216796875
Q	run1	hmm	20	8	0.058919791	0.058364	0.0	82562800	0	0	0.006438041	3.47216796875
Q	run1	hmm	40	8	0.105706	0.104733291	0.0	147052464	0	0	0.006510833	3.47216796875
Q	run1	hmm	20	9	0.059865167	0.059311667	0.0	82562512	0	0	0.006589667	3.47216796875
Q	run1	hmm	40	9	0.10317625	0.102210167	0.0	147052464	0	0	0.006553875	3.47216796875
Q	run1	hmm	20	10	0.059357333	0.058795708	0.0	82562512	0	0	0.006427583	3.47216796875
Q	run1	hmm	40	10	0.104241375	0.103192959	0.0	147052464	0	0	0.006435	3.47216796875
Q	run1	hmm	20	11	0.058852167	0.058314958	0.0	82562512	0	0	0.006411916	3.47216796875
Q	run1	hmm	40	11	0.11055025	0.109507	0.0	147052464	0	0	0.006552875	3.47216796875
v6	run1	hmm	-1	0	1.563612937927246	0	0	0	0	0	0	0
v6	run1	hmm	0	0	10.979571875	10.978086583	0.235151957	2742716768	11	1	0.006533959	3.51416015625
v6	run1	hmm	20	1	0.061969375	0.061525459	0.0	71724208	0	0	0.006409417	3.41162109375
v6	run1	hmm	40	1	0.118658209	0.117700875	0.0	125881360	0	0	0.0065125	3.41162109375
v6	run1	hmm	20	2	0.06110275	0.060659166	0.0	71724208	0	0	0.006341916	3.41162109375
v6	run1	hmm	40	2	0.113493583	0.112664834	0.0	125881360	0	0	0.006149458	3.41162109375
v6	run1	hmm	20	3	0.061842583	0.061415709	0.0	71724208	0	0	0.006421542	3.41162109375
v6	run1	hmm	40	3	0.112146	0.111308042	0.0	125881360	0	0	0.006438	3.41162109375
v6	run1	hmm	20	4	0.061788209	0.06135675	0.0	71724208	0	0	0.006390709	3.41162109375
v6	run1	hmm	40	4	0.114378375	0.113551583	0.0	125881360	0	0	0.006537958	3.41162109375
v6	run1	hmm	20	5	0.060408083	0.059983959	0.0	71724208	0	0	0.006383625	3.41162109375
v6	run1	hmm	40	5	0.114897459	0.114039958	0.0	125881360	0	0	0.006458041	3.41162109375
v6	run1	hmm	20	6	0.065285209	0.064837917	0.0	71724208	0	0	0.00662825	3.41162109375
v6	run1	hmm	40	6	0.111326208	0.110471708	0.0	125881360	0	0	0.00645825	3.41162109375
v6	run1	hmm	20	7	0.063546	0.063087417	0.0	71724208	0	0	0.006188	3.41162109375
v6	run1	hmm	40	7	0.114707458	0.113839625	0.0	125881360	0	0	0.006431292	3.41162109375
v6	run1	hmm	20	8	0.062170792	0.061741167	0.0	71724208	0	0	0.006181292	3.41162109375
v6	run1	hmm	40	8	0.115046917	0.114132792	0.0	125881360	0	0	0.006332917	3.41162109375
v6	run1	hmm	20	9	0.062794625	0.062340875	0.0	71724208	0	0	0.006492666	3.41162109375
v6	run1	hmm	40	9	0.113999375	0.113161416	0.0	125881360	0	0	0.006597708	3.41162109375
v6	run1	hmm	20	10	0.061138375	0.060706458	0.0	71724208	0	0	0.006566125	3.41162109375
v6	run1	hmm	40	10	0.112342125	0.111506459	0.0	125881360	0	0	0.0064515	3.41162109375
v6	run1	hmm	20	11	0.064469917	0.064025042	0.0	71724208	0	0	0.006542167	3.41162109375
v6	run1	hmm	40	11	0.113454917	0.112601125	0.0	125881360	0	0	0.006410084	3.53857421875
v6	run2	hmm	-1	0	1.5617730617523193	0	0	0	0	0	0	0
v6	run2	hmm	0	0	10.264729666	10.263050584	0.242290292	2742704464	11	1	0.006132708	3.4150390625
v6	run2	hmm	20	1	0.057396458	0.056960875	0.0	71724208	0	0	0.006108583	3.36328125
v6	run2	hmm	40	1	0.10660575	0.105766708	0.0	125881360	0	0	0.006108667	3.36328125
v6	run2	hmm	20	2	0.056583541	0.056154208	0.0	71724208	0	0	0.006089625	3.36328125
v6	run2	hmm	40	2	0.104288292	0.103437834	0.0	125881360	0	0	0.006057291	3.36328125
v6	run2	hmm	20	3	0.057611041	0.057174666	0.0	71724208	0	0	0.006173041	3.36328125
v6	run2	hmm	40	3	0.104297208	0.103444875	0.0	125881360	0	0	0.006168584	3.36328125
v6	run2	hmm	20	4	0.056899208	0.056463333	0.0	71724208	0	0	0.006159667	3.36328125
v6	run2	hmm	40	4	0.105942625	0.105096333	0.0	125881360	0	0	0.00605925	3.173828125
v6	run2	hmm	20	5	0.057072958	0.056662709	0.0	71724208	0	0	0.00614475	3.173828125
v6	run2	hmm	40	5	0.104823875	0.103976167	0.0	125881360	0	0	0.006286625	3.173828125
v6	run2	hmm	20	6	0.058354334	0.05792225	0.0	71724208	0	0	0.006153625	3.173828125
v6	run2	hmm	40	6	0.103970792	0.10313975	0.0	125881360	0	0	0.006018042	3.173828125
v6	run2	hmm	20	7	0.05788625	0.057443833	0.0	71724208	0	0	0.00598725	3.173828125
v6	run2	hmm	40	7	0.195916125	0.193164	0.0	125881360	0	0	0.006287375	3.173828125
v6	run2	hmm	20	8	0.073301	0.072658875	0.0	71724208	0	0	0.0067625	3.173828125
v6	run2	hmm	40	8	0.108460209	0.107603791	0.0	125881360	0	0	0.006106209	3.173828125
v6	run2	hmm	20	9	0.060061708	0.059631917	0.0	71724208	0	0	0.006350542	3.173828125
v6	run2	hmm	40	9	0.110413416	0.109591417	0.0	125881360	0	0	0.006448292	3.173828125
v6	run2	hmm	20	10	0.05964875	0.059219291	0.0	71724208	0	0	0.00619875	3.173828125
v6	run2	hmm	40	10	0.107512459	0.106656792	0.0	125881360	0	0	0.006358417	3.173828125
v6	run2	hmm	20	11	0.06090875	0.060473459	0.0	71724208	0	0	0.006147458	3.173828125
v6	run2	hmm	40	11	0.110067	0.10923225	0.0	125881360	0	0	0.006197625	3.173828125
Q	run2	hmm	-1	0	1.4015908241271973	0	0	0	0	0	0	0
Q	run2	hmm	0	0	13.591863833	13.589937625	0.335964917	3821380608	14	2	0.006416375	3.15966796875
Q	run2	hmm	20	1	0.065353959	0.0648025	0.0	82771616	0	0	0.006389666	3.12939453125
Q	run2	hmm	40	1	0.105887583	0.104904917	0.0	147052464	0	0	0.006379	3.27880859375
Q	run2	hmm	20	2	0.059591542	0.059024459	0.0	82562512	0	0	0.006647667	3.27880859375
Q	run2	hmm	40	2	0.105722583	0.104760917	0.0	147052464	0	0	0.006462292	3.27880859375
Q	run2	hmm	20	3	0.058080708	0.057534708	0.0	82562512	0	0	0.006431459	3.27880859375
Q	run2	hmm	40	3	0.105190166	0.104225875	0.0	147052464	0	0	0.006517625	3.27880859375
Q	run2	hmm	20	4	0.057828291	0.057284666	0.0	82562512	0	0	0.006428708	3.27880859375
Q	run2	hmm	40	4	0.103848042	0.102879417	0.0	147052464	0	0	0.006443667	3.27880859375
Q	run2	hmm	20	5	0.058591334	0.05803625	0.0	82562512	0	0	0.006531708	3.27880859375
Q	run2	hmm	40	5	0.107622	0.106629541	0.0	147052464	0	0	0.006471917	3.27880859375
Q	run2	hmm	20	6	0.058976958	0.058430208	0.0	82562512	0	0	0.006562291	3.27880859375
Q	run2	hmm	40	6	0.103652167	0.102671417	0.0	147052464	0	0	0.006502792	3.27880859375
Q	run2	hmm	20	7	0.060559167	0.05999	0.0	82562512	0	0	0.00643	3.27880859375
Q	run2	hmm	40	7	0.103791125	0.102823541	0.0	147052464	0	0	0.006603459	3.27880859375
Q	run2	hmm	20	8	0.059321084	0.058775292	0.0	82562800	0	0	0.006438667	3.27880859375
Q	run2	hmm	40	8	0.101850458	0.100874625	0.0	147052464	0	0	0.006463541	3.27880859375
Q	run2	hmm	20	9	0.058762084	0.058198417	0.0	82562512	0	0	0.00643225	3.27880859375
Q	run2	hmm	40	9	0.105154625	0.104191125	0.0	147052464	0	0	0.0064385	3.27880859375
Q	run2	hmm	20	10	0.057625083	0.05708175	0.0	82562512	0	0	0.006346583	3.27880859375
Q	run2	hmm	40	10	0.105401792	0.104410416	0.0	147052464	0	0	0.00644	3.27880859375
Q	run2	hmm	20	11	0.05880975	0.058270583	0.0	82562512	0	0	0.006364583	3.27880859375
Q	run2	hmm	40	11	0.10450225	0.103523167	0.0	147052464	0	0	0.006381708	3.27880859375
Q	run3	hmm	-1	0	1.4453198909759521	0	0	0	0	0	0	0
Q	run3	hmm	0	0	13.923470583	13.921874	0.380262917	3821371264	13	2	0.006585416	3.2421875
Q	run3	hmm	20	1	0.065499666	0.064939334	0.0	82771616	0	0	0.006512959	3.78955078125
Q	run3	hmm	40	1	0.108812333	0.10774225	0.0	147052464	0	0	0.006395958	3.78955078125
Q	run3	hmm	20	2	0.059498667	0.058951667	0.0	82562512	0	0	0.006541792	3.78955078125
Q	run3	hmm	40	2	0.106840833	0.10587375	0.0	147052464	0	0	0.006215959	3.78955078125
Q	run3	hmm	20	3	0.059523334	0.058969	0.0	82562512	0	0	0.006439459	3.78955078125
Q	run3	hmm	40	3	0.105467583	0.104498625	0.0	147052464	0	0	0.006495167	3.78955078125
Q	run3	hmm	20	4	0.059613542	0.059054958	0.0	82562512	0	0	0.00648475	3.78955078125
Q	run3	hmm	40	4	0.105873875	0.104900917	0.0	147052464	0	0	0.006434292	3.78955078125
Q	run3	hmm	20	5	0.059690875	0.059146958	0.0	82562512	0	0	0.006347292	3.78955078125
Q	run3	hmm	40	5	0.109752334	0.108736333	0.0	147052464	0	0	0.00676375	3.78955078125
Q	run3	hmm	20	6	0.059657292	0.059113416	0.0	82562512	0	0	0.006408125	3.78955078125
Q	run3	hmm	40	6	0.105776	0.104812	0.0	147052464	0	0	0.006333167	3.78955078125
Q	run3	hmm	20	7	0.059315	0.058779791	0.0	82562512	0	0	0.006420959	3.78955078125
Q	run3	hmm	40	7	0.106074625	0.105078083	0.0	147052464	0	0	0.00636675	3.78955078125
Q	run3	hmm	20	8	0.060605333	0.060053875	0.0	82562800	0	0	0.0064085	3.78955078125
Q	run3	hmm	40	8	0.104972583	0.104005917	0.0	147052464	0	0	0.006482125	3.78955078125
Q	run3	hmm	20	9	0.059385542	0.058839334	0.0	82562512	0	0	0.00614375	3.78955078125
Q	run3	hmm	40	9	0.104323291	0.103356667	0.0	147052464	0	0	0.006362042	3.78955078125
Q	run3	hmm	20	10	0.059436125	0.058884542	0.0	82562512	0	0	0.006620583	3.78955078125
Q	run3	hmm	40	10	0.105135375	0.104166583	0.0	147052464	0	0	0.006425958	3.78955078125
Q	run3	hmm	20	11	0.058505625	0.057954125	0.0	82562512	0	0	0.006519958	3.78955078125
Q	run3	hmm	40	11	0.107258166	0.106300042	0.0	147052464	0	0	0.006491667	3.78955078125
v6	run3	hmm	-1	0	1.5650429725646973	0	0	0	0	0	0	0
v6	run3	hmm	0	0	11.096165625	11.094711416	0.250389041	2742722304	11	1	0.006471959	3.74755859375
v6	run3	hmm	20	1	0.063230917	0.062788708	0.0	71724208	0	0	0.006600375	3.7060546875
v6	run3	hmm	40	1	0.113348459	0.112495084	0.0	125881360	0	0	0.006374125	3.7060546875
v6	run3	hmm	20	2	0.062732042	0.062292834	0.0	71724208	0	0	0.00644325	3.7294921875
v6	run3	hmm	40	2	0.112599208	0.111755792	0.0	125881360	0	0	0.006232916	3.7294921875
v6	run3	hmm	20	3	0.061552833	0.06110675	0.0	71724208	0	0	0.006509166	3.7294921875
v6	run3	hmm	40	3	0.114847792	0.11396175	0.0	125881360	0	0	0.006490083	3.7294921875
v6	run3	hmm	20	4	0.060568583	0.060134334	0.0	71724208	0	0	0.00630525	3.7294921875
v6	run3	hmm	40	4	0.113476625	0.112502875	0.0	125881360	0	0	0.006391333	3.7294921875
v6	run3	hmm	20	5	0.062457834	0.062013333	0.0	71724208	0	0	0.0064405	3.7294921875
v6	run3	hmm	40	5	0.113059917	0.112185292	0.0	125881360	0	0	0.006429042	3.7294921875
v6	run3	hmm	20	6	0.060553667	0.060113834	0.0	71724208	0	0	0.006373083	3.7294921875
v6	run3	hmm	40	6	0.112987708	0.112114375	0.0	125881360	0	0	0.00646925	3.7294921875
v6	run3	hmm	20	7	0.062184833	0.061747459	0.0	71724208	0	0	0.006494584	3.7294921875
v6	run3	hmm	40	7	0.119507583	0.1185465	0.0	125881360	0	0	0.006522584	3.7294921875
v6	run3	hmm	20	8	0.06354075	0.063091833	0.0	71724208	0	0	0.006440583	3.7294921875
v6	run3	hmm	40	8	0.115322125	0.1144455	0.0	125881360	0	0	0.006411917	3.7294921875
v6	run3	hmm	20	9	0.062997541	0.062547958	0.0	71724208	0	0	0.006659167	3.7294921875
v6	run3	hmm	40	9	0.112535125	0.111684958	0.0	125881360	0	0	0.006602125	3.7294921875
v6	run3	hmm	20	10	0.062114166	0.0616835	0.0	71724208	0	0	0.006447125	3.7294921875
v6	run3	hmm	40	10	0.1159625	0.1151125	0.0	125881360	0	0	0.006546542	3.7294921875
v6	run3	hmm	20	11	0.063294625	0.062831291	0.0	71724208	0	0	0.00657625	3.7294921875
v6	run3	hmm	40	11	0.11320175	0.112335041	0.0	125881360	0	0	0.006300542	3.7294921875
v6	run4	hmm	-1	0	1.561128854751587	0	0	0	0	0	0	0
v6	run4	hmm	0	0	10.332881791	10.3314975	0.248730375	2713345136	10	1	0.00652225	3.7509765625
v6	run4	hmm	20	1	0.371402292	0.3707735	0.0	101230560	0	0	0.006055625	3.6328125
v6	run4	hmm	40	1	0.107007417	0.106168625	0.0	125881360	0	0	0.006081792	3.6328125
v6	run4	hmm	20	2	0.058118083	0.05768325	0.0	71724208	0	0	0.006076333	3.6328125
v6	run4	hmm	40	2	0.107064667	0.106240375	0.0	125881360	0	0	0.006124459	3.6328125
v6	run4	hmm	20	3	0.057937917	0.057510458	0.0	71724208	0	0	0.0061275	3.6328125
v6	run4	hmm	40	3	0.106702625	0.105859667	0.0	125881360	0	0	0.006135917	3.6328125
v6	run4	hmm	20	4	0.057961125	0.057515167	0.0	71724208	0	0	0.006096583	3.6328125
v6	run4	hmm	40	4	0.106844083	0.1060045	0.0	125881360	0	0	0.006120917	3.6328125
v6	run4	hmm	20	5	0.058162875	0.057738917	0.0	71724208	0	0	0.006023667	3.6328125
v6	run4	hmm	40	5	0.10718575	0.106344208	0.0	125881360	0	0	0.006304125	3.6328125
v6	run4	hmm	20	6	0.058851417	0.058411125	0.0	71724208	0	0	0.006053125	3.6328125
v6	run4	hmm	40	6	0.107558375	0.106713584	0.0	125881360	0	0	0.006137459	3.6328125
v6	run4	hmm	20	7	0.058115375	0.057698792	0.0	71724208	0	0	0.006096875	3.6328125
v6	run4	hmm	40	7	0.105776542	0.104914833	0.0	125881360	0	0	0.006110708	3.6328125
v6	run4	hmm	20	8	0.058680125	0.058246584	0.0	71724208	0	0	0.006172208	3.6328125
v6	run4	hmm	40	8	0.107252625	0.106398208	0.0	125881360	0	0	0.006193458	3.6328125
v6	run4	hmm	20	9	0.058264208	0.057826125	0.0	71724208	0	0	0.006076083	3.6328125
v6	run4	hmm	40	9	0.107440417	0.106602625	0.0	125881360	0	0	0.006176458	3.6328125
v6	run4	hmm	20	10	0.057517542	0.057079167	0.0	71724208	0	0	0.006063125	3.421875
v6	run4	hmm	40	10	0.107013958	0.106161583	0.0	125881360	0	0	0.006107667	3.421875
v6	run4	hmm	20	11	0.05898325	0.0585525	0.0	71724208	0	0	0.006032708	3.421875
v6	run4	hmm	40	11	0.106184166	0.105325167	0.0	125881360	0	0	0.006172334	3.421875
Q	run4	hmm	-1	0	1.3497021198272705	0	0	0	0	0	0	0
Q	run4	hmm	0	0	13.334068333	13.33198225	0.385443039	3821418528	13	2	0.006053334	3.3076171875
Q	run4	hmm	20	1	0.062856209	0.062296208	0.0	82771616	0	0	0.006183125	3.3681640625
Q	run4	hmm	40	1	0.103983125	0.102995959	0.0	147052464	0	0	0.006228292	3.3681640625
Q	run4	hmm	20	2	0.056616333	0.056067834	0.0	82562512	0	0	0.006135333	3.3681640625
Q	run4	hmm	40	2	0.101552834	0.10056225	0.0	147052464	0	0	0.006412542	3.3681640625
Q	run4	hmm	20	3	0.056698458	0.056136541	0.0	82562512	0	0	0.006179958	3.3681640625
Q	run4	hmm	40	3	0.101974792	0.100995625	0.0	147052464	0	0	0.006244917	3.3681640625
Q	run4	hmm	20	4	0.056694292	0.056170083	0.0	82562512	0	0	0.006533292	3.3681640625
Q	run4	hmm	40	4	0.101929458	0.100959208	0.0	147052464	0	0	0.006238291	3.3681640625
Q	run4	hmm	20	5	0.057536791	0.056994584	0.0	82562512	0	0	0.006202208	3.3681640625
Q	run4	hmm	40	5	0.100688708	0.099709084	0.0	147052464	0	0	0.006087084	3.3681640625
Q	run4	hmm	20	6	0.056335458	0.055791958	0.0	82562512	0	0	0.006196083	3.3681640625
Q	run4	hmm	40	6	0.102594041	0.101621625	0.0	147052464	0	0	0.00642275	3.3681640625
Q	run4	hmm	20	7	0.057933333	0.057368	0.0	82562512	0	0	0.006165583	3.3681640625
Q	run4	hmm	40	7	0.101839959	0.100830042	0.0	147052464	0	0	0.006204583	3.3681640625
Q	run4	hmm	20	8	0.059817333	0.0592705	0.0	82562800	0	0	0.006200125	3.3681640625
Q	run4	hmm	40	8	0.103940334	0.102953667	0.0	147052464	0	0	0.006228875	3.3681640625
Q	run4	hmm	20	9	0.057755166	0.05722275	0.0	82562512	0	0	0.006191959	3.41845703125
Q	run4	hmm	40	9	0.10296425	0.10195925	0.0	147052464	0	0	0.006160667	3.41845703125
Q	run4	hmm	20	10	0.056884583	0.05633925	0.0	82562512	0	0	0.006247458	3.41845703125
Q	run4	hmm	40	10	0.101962042	0.100988583	0.0	147052464	0	0	0.006303167	3.41845703125
Q	run4	hmm	20	11	0.056363833	0.055810584	0.0	82562512	0	0	0.00620875	3.41845703125
Q	run4	hmm	40	11	0.101103959	0.100126916	0.0	147052464	0	0	0.006117792	3.41845703125
Q	run5	hmm	-1	0	1.4350810050964355	0	0	0	0	0	0	0
Q	run5	hmm	0	0	13.953663625	13.951687459	0.390093957	3821413248	14	2	0.006293875	3.3046875
Q	run5	hmm	20	1	0.063687083	0.063141041	0.0	82771616	0	0	0.006539875	3.21826171875
Q	run5	hmm	40	1	0.105531541	0.104567084	0.0	147052464	0	0	0.006446708	3.21826171875
Q	run5	hmm	20	2	0.0598935	0.059346625	0.0	82562512	0	0	0.0062855	3.21826171875
Q	run5	hmm	40	2	0.105133458	0.104181208	0.0	147052464	0	0	0.006440791	3.21826171875
Q	run5	hmm	20	3	0.061056959	0.060505708	0.0	82562512	0	0	0.006612584	3.21826171875
Q	run5	hmm	40	3	0.103900417	0.102936458	0.0	147052464	0	0	0.006438666	3.21826171875
Q	run5	hmm	20	4	0.060505333	0.05995075	0.0	82562512	0	0	0.0065475	3.21826171875
Q	run5	hmm	40	4	0.10397475	0.103023625	0.0	147052464	0	0	0.0065945	3.21826171875
Q	run5	hmm	20	5	0.060288167	0.059744125	0.0	82562512	0	0	0.006419042	3.28076171875
Q	run5	hmm	40	5	0.106838875	0.105866625	0.0	147052464	0	0	0.00644225	3.28076171875
Q	run5	hmm	20	6	0.05913625	0.058586291	0.0	82562512	0	0	0.00644925	3.28076171875
Q	run5	hmm	40	6	0.103873	0.102891833	0.0	147052464	0	0	0.006331208	3.28076171875
Q	run5	hmm	20	7	0.060556958	0.060004375	0.0	82562512	0	0	0.006518417	3.28076171875
Q	run5	hmm	40	7	0.107174167	0.106180416	0.0	147052464	0	0	0.006315125	3.28076171875
Q	run5	hmm	20	8	0.060111	0.059555375	0.0	82562800	0	0	0.006355833	3.28076171875
Q	run5	hmm	40	8	0.108375209	0.1073695	0.0	147052464	0	0	0.006492167	3.28076171875
Q	run5	hmm	20	9	0.05967875	0.059137084	0.0	82562512	0	0	0.0064215	3.28076171875
Q	run5	hmm	40	9	0.106813875	0.10583075	0.0	147052464	0	0	0.006429583	3.28076171875
Q	run5	hmm	20	10	0.059620041	0.05909325	0.0	82562512	0	0	0.006460042	3.28076171875
Q	run5	hmm	40	10	0.104527084	0.103536625	0.0	147052464	0	0	0.006397875	3.28076171875
Q	run5	hmm	20	11	0.059165958	0.058621916	0.0	82562512	0	0	0.006415875	3.28076171875
Q	run5	hmm	40	11	0.102736167	0.101766916	0.0	147052464	0	0	0.006416583	3.28076171875
v6	run5	hmm	-1	0	1.5621819496154785	0	0	0	0	0	0	0
v6	run5	hmm	0	0	10.470261709	10.468749375	0.244061042	2713293824	11	1	0.006483084	3.177734375
v6	run5	hmm	20	1	0.37065725	0.370020625	0.0	101231440	0	0	0.006131375	3.279296875
v6	run5	hmm	40	1	0.108929541	0.108073625	0.0	125881360	0	0	0.006117542	3.279296875
v6	run5	hmm	20	2	0.05982475	0.059394875	0.0	71724208	0	0	0.006121084	3.279296875
v6	run5	hmm	40	2	0.108444541	0.10758425	0.0	125881360	0	0	0.006187791	3.279296875
v6	run5	hmm	20	3	0.059118875	0.058685084	0.0	71724208	0	0	0.006169333	3.279296875
v6	run5	hmm	40	3	0.109756875	0.108903042	0.0	125881360	0	0	0.006133834	3.279296875
v6	run5	hmm	20	4	0.058814125	0.058388041	0.0	71724208	0	0	0.006051833	3.279296875
v6	run5	hmm	40	4	0.109391375	0.108539291	0.0	125881360	0	0	0.006080833	3.279296875
v6	run5	hmm	20	5	0.060332958	0.059908833	0.0	71724208	0	0	0.006180041	3.279296875
v6	run5	hmm	40	5	0.1080695	0.107191916	0.0	125881360	0	0	0.006161041	3.279296875
v6	run5	hmm	20	6	0.059724458	0.059292917	0.0	71724208	0	0	0.006160417	3.279296875
v6	run5	hmm	40	6	0.109428375	0.108588875	0.0	125881360	0	0	0.006169625	3.279296875
v6	run5	hmm	20	7	0.058860958	0.058432708	0.0	71724208	0	0	0.006076958	3.279296875
v6	run5	hmm	40	7	0.107468834	0.106624917	0.0	125881360	0	0	0.006088083	3.279296875
v6	run5	hmm	20	8	0.059162333	0.05873425	0.0	71724208	0	0	0.006068125	3.279296875
v6	run5	hmm	40	8	0.108782125	0.107923041	0.0	125881360	0	0	0.006203625	3.279296875
v6	run5	hmm	20	9	0.059485625	0.0590415	0.0	71724208	0	0	0.006192375	3.279296875
v6	run5	hmm	40	9	0.108855959	0.107994084	0.0	125881360	0	0	0.006087166	3.279296875
v6	run5	hmm	20	10	0.059186042	0.058752083	0.0	71724208	0	0	0.006146542	3.279296875
v6	run5	hmm	40	10	0.109095542	0.108237708	0.0	125881360	0	0	0.006052542	3.279296875
v6	run5	hmm	20	11	0.059308125	0.058867042	0.0	71724208	0	0	0.006160792	3.279296875
v6	run5	hmm	40	11	0.109404125	0.108536333	0.0	125881360	0	0	0.00617975	3.279296875
Q	run1	gmm	-1	0	1.3482680320739746	0	0	0	0	0	0	0
Q	run1	gmm	0	0	10.481242875	10.47966425	0.264856582	3053014848	10	1	0.006068833	3.1494140625
Q	run1	gmm	20	1	0.069280709	0.069269	0.0	63931744	0	0	0.006524791	2.97216796875
Q	run1	gmm	40	1	0.096361084	0.096351708	0.0	93903328	0	0	0.006137708	2.97216796875
Q	run1	gmm	20	2	0.060295	0.060272625	0.0	63688512	0	0	0.006260084	3.21435546875
Q	run1	gmm	40	2	0.095458917	0.095454375	0.0	93903328	0	0	0.006383125	3.21435546875
Q	run1	gmm	20	3	0.059929416	0.059925	0.0	63688512	0	0	0.006324792	3.21435546875
Q	run1	gmm	40	3	0.096351417	0.096352875	0.0	93903328	0	0	0.00616525	3.21435546875
Q	run1	gmm	20	4	0.059128875	0.059130875	0.0	63688512	0	0	0.006203625	3.21435546875
Q	run1	gmm	40	4	0.096233417	0.096227792	0.0	93903328	0	0	0.006385625	3.21435546875
Q	run1	gmm	20	5	0.059662833	0.059665709	0.0	63688512	0	0	0.006201	3.21435546875
Q	run1	gmm	40	5	0.097052917	0.097050958	0.0	93903328	0	0	0.006100583	3.21435546875
Q	run1	gmm	20	6	0.062192542	0.062190084	0.0	63688512	0	0	0.006239417	3.21435546875
Q	run1	gmm	40	6	0.092885708	0.092888541	0.0	93903328	0	0	0.00650525	3.21435546875
Q	run1	gmm	20	7	0.060134334	0.060140458	0.0	63688512	0	0	0.006101834	3.21435546875
Q	run1	gmm	40	7	0.097389	0.097382542	0.0	93903328	0	0	0.006160084	3.21435546875
Q	run1	gmm	20	8	0.060972917	0.060969875	0.0	63688800	0	0	0.006465375	3.21435546875
Q	run1	gmm	40	8	0.095205917	0.0951955	0.0	93903328	0	0	0.00629725	3.21435546875
Q	run1	gmm	20	9	0.061872917	0.061875292	0.0	63688512	0	0	0.006301166	3.21435546875
Q	run1	gmm	40	9	0.096522917	0.096524834	0.0	93903328	0	0	0.006429333	3.21435546875
Q	run1	gmm	20	10	0.061461959	0.061457667	0.0	63688512	0	0	0.006319292	3.21435546875
Q	run1	gmm	40	10	0.101570583	0.101574959	0.0	93903328	0	0	0.0065845	3.21435546875
Q	run1	gmm	20	11	0.062081666	0.062077416	0.0	63688512	0	0	0.006465792	3.21435546875
Q	run1	gmm	40	11	0.098175042	0.098177625	0.0	93903328	0	0	0.006464708	3.21435546875
v6	run1	gmm	-1	0	1.567044973373413	0	0	0	0	0	0	0
v6	run1	gmm	0	0	8.115854292	8.115229167	0.205073751	2129240736	8	1	0.006474541	3.3408203125
v6	run1	gmm	20	1	0.065569333	0.065571125	0.0	71027984	0	0	0.006509625	3.21435546875
v6	run1	gmm	40	1	0.118386167	0.118361541	0.0	109135920	0	0	0.006348958	3.21435546875
v6	run1	gmm	20	2	0.066184416	0.066186917	0.0	71027984	0	0	0.006434541	3.21435546875
v6	run1	gmm	40	2	0.118721667	0.118724333	0.0	109135920	0	0	0.006376334	3.21435546875
v6	run1	gmm	20	3	0.0665455	0.066542792	0.0	71027984	0	0	0.006367	3.21435546875
v6	run1	gmm	40	3	0.115938833	0.115933542	0.0	109135920	0	0	0.006295	3.21435546875
v6	run1	gmm	20	4	0.067710875	0.067705	0.0	71027984	0	0	0.00647	3.21435546875
v6	run1	gmm	40	4	0.117756167	0.117758917	0.0	109135920	0	0	0.006412	3.21435546875
v6	run1	gmm	20	5	0.0702635	0.070226584	0.0	71027984	0	0	0.006489416	3.21435546875
v6	run1	gmm	40	5	0.116934542	0.116930916	0.0	109135920	0	0	0.006480667	3.21435546875
v6	run1	gmm	20	6	0.066316417	0.066311667	0.0	71027984	0	0	0.006440958	3.21435546875
v6	run1	gmm	40	6	0.117931375	0.117925459	0.0	109135920	0	0	0.006424416	3.21435546875
v6	run1	gmm	20	7	0.067179875	0.067181833	0.0	71027984	0	0	0.006448875	3.21435546875
v6	run1	gmm	40	7	0.115765625	0.115761917	0.0	109135920	0	0	0.0065755	3.21435546875
v6	run1	gmm	20	8	0.069107334	0.0691095	0.0	71027984	0	0	0.006548125	3.21435546875
v6	run1	gmm	40	8	0.117025125	0.117026917	0.0	109135920	0	0	0.006409292	3.21435546875
v6	run1	gmm	20	9	0.065819709	0.065822042	0.0	71027984	0	0	0.006531708	3.21435546875
v6	run1	gmm	40	9	0.115788041	0.115790792	0.0	109135920	0	0	0.006545666	3.21435546875
v6	run1	gmm	20	10	0.065438167	0.06544025	0.0	71027984	0	0	0.006430791	3.21435546875
v6	run1	gmm	40	10	0.116670958	0.116664459	0.0	109135920	0	0	0.006414959	3.19677734375
v6	run1	gmm	20	11	0.067565666	0.06756175	0.0	71027984	0	0	0.006351708	3.19677734375
v6	run1	gmm	40	11	0.117017042	0.117019375	0.0	109135920	0	0	0.0065885	3.19677734375
v6	run2	gmm	-1	0	1.5638659000396729	0	0	0	0	0	0	0
v6	run2	gmm	0	0	8.111433041	8.110880458	0.217664291	2129163808	8	1	0.00647975	3.1806640625
v6	run2	gmm	20	1	0.070054083	0.070056375	0.0	71027984	0	0	0.006062	3.15869140625
v6	run2	gmm	40	1	0.119844709	0.119847208	0.0	109135920	0	0	0.006494375	3.15869140625
v6	run2	gmm	20	2	0.06856525	0.0685605	0.0	71027984	0	0	0.006488667	3.15869140625
v6	run2	gmm	40	2	0.123769291	0.123748667	0.0	109135920	0	0	0.006341709	3.1455078125
v6	run2	gmm	20	3	0.067334417	0.067337125	0.0	71027984	0	0	0.006200916	3.1455078125
v6	run2	gmm	40	3	0.121669458	0.12167375	0.0	109135920	0	0	0.006665875	3.1455078125
v6	run2	gmm	20	4	0.070692667	0.070691459	0.0	71027984	0	0	0.006378458	3.1455078125
v6	run2	gmm	40	4	0.121879667	0.121875875	0.0	109135920	0	0	0.006447375	3.1455078125
v6	run2	gmm	20	5	0.070786083	0.070782667	0.0	71027984	0	0	0.006509542	3.1455078125
v6	run2	gmm	40	5	0.11830775	0.118303542	0.0	109135920	0	0	0.006418	3.1455078125
v6	run2	gmm	20	6	0.068746416	0.068750833	0.0	71027984	0	0	0.006387042	3.1455078125
v6	run2	gmm	40	6	0.121831541	0.121826667	0.0	109135920	0	0	0.006457458	3.1455078125
v6	run2	gmm	20	7	0.06836725	0.068352792	0.0	71027984	0	0	0.006277292	3.1455078125
v6	run2	gmm	40	7	0.119990292	0.119980667	0.0	109135920	0	0	0.006407208	3.1455078125
v6	run2	gmm	20	8	0.068057625	0.068059875	0.0	71027984	0	0	0.006426042	3.1455078125
v6	run2	gmm	40	8	0.121172959	0.121162083	0.0	109135920	0	0	0.006420875	3.1455078125
v6	run2	gmm	20	9	0.067444417	0.067446334	0.0	71027984	0	0	0.006408375	3.1455078125
v6	run2	gmm	40	9	0.12110575	0.121102875	0.0	109135920	0	0	0.006402625	3.1455078125
v6	run2	gmm	20	10	0.068403625	0.068405958	0.0	71027984	0	0	0.006567833	3.1455078125
v6	run2	gmm	40	10	0.122775291	0.122768125	0.0	109135920	0	0	0.006400041	3.1455078125
v6	run2	gmm	20	11	0.068127708	0.068116167	0.0	71027984	0	0	0.006596542	3.1455078125
v6	run2	gmm	40	11	0.12162225	0.121618041	0.0	109135920	0	0	0.006497334	3.1455078125
Q	run2	gmm	-1	0	1.4425430297851562	0	0	0	0	0	0	0
Q	run2	gmm	0	0	11.073806833	11.066176958	0.283344957	3053020640	10	1	0.006235917	3.68994140625
Q	run2	gmm	20	1	0.069282875	0.069284667	0.0	63931744	0	0	0.00643325	3.8125
Q	run2	gmm	40	1	0.100194	0.100197125	0.0	93903328	0	0	0.006482916	3.8125
Q	run2	gmm	20	2	0.064228958	0.064230583	0.0	63688512	0	0	0.006488292	3.8125
Q	run2	gmm	40	2	0.101248791	0.101244916	0.0	93903328	0	0	0.006302959	3.8125
Q	run2	gmm	20	3	0.062874083	0.062870125	0.0	63688512	0	0	0.006436667	3.8125
Q	run2	gmm	40	3	0.099818125	0.099813333	0.0	93903328	0	0	0.006683417	3.8125
Q	run2	gmm	20	4	0.061972791	0.061937041	0.0	63688512	0	0	0.006517292	3.8125
Q	run2	gmm	40	4	0.101860834	0.101846625	0.0	93903328	0	0	0.006402291	3.8125
Q	run2	gmm	20	5	0.062016375	0.062018334	0.0	63688512	0	0	0.006141125	3.8125
Q	run2	gmm	40	5	0.098454375	0.098455292	0.0	93903328	0	0	0.006248958	3.8125
Q	run2	gmm	20	6	0.062637042	0.062638541	0.0	63688512	0	0	0.006573208	3.8125
Q	run2	gmm	40	6	0.10059975	0.100596083	0.0	93903328	0	0	0.006402708	3.8125
Q	run2	gmm	20	7	0.062664708	0.062662208	0.0	63688512	0	0	0.006433209	3.8125
Q	run2	gmm	40	7	0.10037775	0.100366041	0.0	93903328	0	0	0.006460375	3.8125
Q	run2	gmm	20	8	0.06314875	0.063150292	0.0	63688800	0	0	0.006438083	3.8125
Q	run2	gmm	40	8	0.10199675	0.101998334	0.0	93903328	0	0	0.006145833	3.8125
Q	run2	gmm	20	9	0.062708875	0.062705	0.0	63688512	0	0	0.006452542	3.8125
Q	run2	gmm	40	9	0.104359292	0.104363542	0.0	93903328	0	0	0.006428417	3.8125
Q	run2	gmm	20	10	0.062201667	0.06219825	0.0	63688512	0	0	0.006195083	3.8125
Q	run2	gmm	40	10	0.102139125	0.102134333	0.0	93903328	0	0	0.006300167	3.8125
Q	run2	gmm	20	11	0.062296542	0.062298166	0.0	63688512	0	0	0.006448041	3.8125
Q	run2	gmm	40	11	0.101915791	0.101903834	0.0	93903328	0	0	0.006310459	3.8125
Q	run3	gmm	-1	0	1.6982100009918213	0	0	0	0	0	0	0
Q	run3	gmm	0	0	10.132308667	10.129003083	0.243760876	3053017248	10	1	0.006195458	3.7607421875
Q	run3	gmm	20	1	0.063074417	0.06306675	0.0	63931744	0	0	0.006174292	3.51806640625
Q	run3	gmm	40	1	0.091996333	0.091987542	0.0	93903328	0	0	0.006200042	3.51806640625
Q	run3	gmm	20	2	0.056635083	0.0566275	0.0	63688512	0	0	0.006141167	3.51806640625
Q	run3	gmm	40	2	0.091181083	0.091172792	0.0	93903328	0	0	0.006136792	3.51806640625
Q	run3	gmm	20	3	0.057375458	0.057377459	0.0	63688512	0	0	0.0060635	3.51806640625
Q	run3	gmm	40	3	0.092486584	0.092478	0.0	93903328	0	0	0.006171042	3.51806640625
Q	run3	gmm	20	4	0.056724792	0.056718666	0.0	63688512	0	0	0.006118041	3.51806640625
Q	run3	gmm	40	4	0.090443875	0.090437042	0.0	93903328	0	0	0.006182667	3.51806640625
Q	run3	gmm	20	5	0.057529708	0.057532084	0.0	63688512	0	0	0.006081625	3.51806640625
Q	run3	gmm	40	5	0.092654125	0.092646875	0.0	93903328	0	0	0.006168166	3.51806640625
Q	run3	gmm	20	6	0.05622975	0.056222583	0.0	63688512	0	0	0.006172375	3.51806640625
Q	run3	gmm	40	6	0.093363209	0.093355958	0.0	93903328	0	0	0.006152458	3.51806640625
Q	run3	gmm	20	7	0.057178375	0.057181	0.0	63688512	0	0	0.006086542	3.51806640625
Q	run3	gmm	40	7	0.091902625	0.091895042	0.0	93903328	0	0	0.006121166	3.51806640625
Q	run3	gmm	20	8	0.056161667	0.056160333	0.0	63688800	0	0	0.006105875	3.51806640625
Q	run3	gmm	40	8	0.093608292	0.093610375	0.0	93903328	0	0	0.006125416	3.51806640625
Q	run3	gmm	20	9	0.056755042	0.056756875	0.0	63688512	0	0	0.006098792	3.51806640625
Q	run3	gmm	40	9	0.092199083	0.092192042	0.0	93903328	0	0	0.00623375	3.51806640625
Q	run3	gmm	20	10	0.056607958	0.056609583	0.0	63688512	0	0	0.006033375	3.51806640625
Q	run3	gmm	40	10	0.092920084	0.092923125	0.0	93903328	0	0	0.006103	3.51806640625
Q	run3	gmm	20	11	0.057300625	0.057302458	0.0	63688512	0	0	0.006113458	3.51806640625
Q	run3	gmm	40	11	0.09222275	0.092226959	0.0	93903328	0	0	0.006055292	3.51806640625
v6	run3	gmm	-1	0	1.4783868789672852	0	0	0	0	0	0	0
v6	run3	gmm	0	0	7.813450541	7.812789125	0.204407332	2129119040	8	1	0.006125459	3.2841796875
v6	run3	gmm	20	1	0.069737875	0.069736625	0.0	71027984	0	0	0.006443042	3.78759765625
v6	run3	gmm	40	1	0.116166666	0.116162542	0.0	109135920	0	0	0.006442375	3.78759765625
v6	run3	gmm	20	2	0.065424875	0.065418667	0.0	71027984	0	0	0.006129875	3.78759765625
v6	run3	gmm	40	2	0.117433041	0.117383958	0.0	109135920	0	0	0.006218417	3.78759765625
v6	run3	gmm	20	3	0.06573275	0.065734625	0.0	71027984	0	0	0.006185417	3.78759765625
v6	run3	gmm	40	3	0.114024042	0.114028875	0.0	109135920	0	0	0.006180834	3.78759765625
v6	run3	gmm	20	4	0.066905417	0.06690125	0.0	71027984	0	0	0.006152292	3.78759765625
v6	run3	gmm	40	4	0.114136958	0.114122458	0.0	109135920	0	0	0.006274541	3.78759765625
v6	run3	gmm	20	5	0.064627125	0.06462225	0.0	71027984	0	0	0.0060785	3.78759765625
v6	run3	gmm	40	5	0.118104042	0.118107917	0.0	109135920	0	0	0.006148708	3.78759765625
v6	run3	gmm	20	6	0.067513209	0.0675055	0.0	71027984	0	0	0.006497083	3.78759765625
v6	run3	gmm	40	6	0.114845583	0.114827083	0.0	109135920	0	0	0.006086583	3.78759765625
v6	run3	gmm	20	7	0.066310833	0.066283625	0.0	71027984	0	0	0.006172041	3.78759765625
v6	run3	gmm	40	7	0.114710458	0.114706459	0.0	109135920	0	0	0.006235917	3.78759765625
v6	run3	gmm	20	8	0.066458	0.066457	0.0	71027984	0	0	0.00627375	3.78759765625
v6	run3	gmm	40	8	0.11481525	0.114809625	0.0	109135920	0	0	0.006145625	3.78759765625
v6	run3	gmm	20	9	0.068199125	0.068194291	0.0	71027984	0	0	0.006210291	3.78759765625
v6	run3	gmm	40	9	0.113204542	0.113209292	0.0	109135920	0	0	0.006152583	3.78759765625
v6	run3	gmm	20	10	0.066824958	0.066829708	0.0	71027984	0	0	0.0065485	3.80419921875
v6	run3	gmm	40	10	0.113924834	0.113927	0.0	109135920	0	0	0.006171208	3.80419921875
v6	run3	gmm	20	11	0.069288667	0.06929075	0.0	71027984	0	0	0.006200083	3.80419921875
v6	run3	gmm	40	11	0.117246042	0.117248458	0.0	109135920	0	0	0.006260375	3.80419921875
v6	run4	gmm	-1	0	1.5649681091308594	0	0	0	0	0	0	0
v6	run4	gmm	0	0	8.115158917	8.114581291	0.193911333	2129186368	8	1	0.007007084	3.97998046875
v6	run4	gmm	20	1	0.070394417	0.070393667	0.0	71027984	0	0	0.006494375	3.9091796875
v6	run4	gmm	40	1	0.116578959	0.1165765	0.0	109135920	0	0	0.006326042	3.9091796875
v6	run4	gmm	20	2	0.067496666	0.067492417	0.0	71027984	0	0	0.006476125	3.8359375
v6	run4	gmm	40	2	0.117426917	0.117423167	0.0	109135920	0	0	0.006443666	3.8359375
v6	run4	gmm	20	3	0.067659958	0.067661792	0.0	71027984	0	0	0.00653425	3.8359375
v6	run4	gmm	40	3	0.117890292	0.117886292	0.0	109135920	0	0	0.006325083	3.8359375
v6	run4	gmm	20	4	0.06770525	0.067701125	0.0	71027984	0	0	0.006418958	3.8359375
v6	run4	gmm	40	4	0.1174465	0.117442375	0.0	109135920	0	0	0.006608458	3.8359375
v6	run4	gmm	20	5	0.070112959	0.070114916	0.0	71027984	0	0	0.00648775	3.8359375
v6	run4	gmm	40	5	0.11617025	0.11616675	0.0	109135920	0	0	0.006358875	3.8359375
v6	run4	gmm	20	6	0.069911583	0.069906959	0.0	71027984	0	0	0.006405625	3.8359375
v6	run4	gmm	40	6	0.116447125	0.1164445	0.0	109135920	0	0	0.006459584	3.8359375
v6	run4	gmm	20	7	0.068628	0.068630375	0.0	71027984	0	0	0.006389167	3.8359375
v6	run4	gmm	40	7	0.1191765	0.119173417	0.0	109135920	0	0	0.006560875	3.8359375
v6	run4	gmm	20	8	0.067308666	0.067315042	0.0	71027984	0	0	0.006421042	3.8359375
v6	run4	gmm	40	8	0.116621458	0.1166195	0.0	109135920	0	0	0.006379833	3.8359375
v6	run4	gmm	20	9	0.068230917	0.068232875	0.0	71027984	0	0	0.006559041	3.8359375
v6	run4	gmm	40	9	0.121231375	0.121225916	0.0	109135920	0	0	0.006457875	3.8359375
v6	run4	gmm	20	10	0.064632333	0.064635125	0.0	71027984	0	0	0.006348291	3.8359375
v6	run4	gmm	40	10	0.119201625	0.119197292	0.0	109135920	0	0	0.00669775	3.8359375
v6	run4	gmm	20	11	0.067610291	0.067611959	0.0	71027984	0	0	0.006426875	3.8359375
v6	run4	gmm	40	11	0.1171905	0.117192792	0.0	109135920	0	0	0.006454875	3.8359375
Q	run4	gmm	-1	0	1.4463450908660889	0	0	0	0	0	0	0
Q	run4	gmm	0	0	10.380338125	10.379294084	0.264714542	3053032816	10	1	0.006394167	4.16796875
Q	run4	gmm	20	1	0.064026584	0.064029167	0.0	63931744	0	0	0.006027791	4.05517578125
Q	run4	gmm	40	1	0.092242125	0.092234167	0.0	93903328	0	0	0.00617475	4.05517578125
Q	run4	gmm	20	2	0.058179458	0.058166583	0.0	63688512	0	0	0.006027458	4.29052734375
Q	run4	gmm	40	2	0.093212375	0.093204542	0.0	93903328	0	0	0.00610675	4.29052734375
Q	run4	gmm	20	3	0.0577235	0.057725792	0.0	63688512	0	0	0.006180959	4.29052734375
Q	run4	gmm	40	3	0.093864417	0.093855333	0.0	93903328	0	0	0.00616225	4.29052734375
Q	run4	gmm	20	4	0.057466375	0.057467958	0.0	63688512	0	0	0.006058334	4.29052734375
Q	run4	gmm	40	4	0.091761041	0.091763542	0.0	93903328	0	0	0.006152208	4.29052734375
Q	run4	gmm	20	5	0.0574395	0.057441875	0.0	63688512	0	0	0.006114916	4.29052734375
Q	run4	gmm	40	5	0.093717416	0.0937105	0.0	93903328	0	0	0.006169292	4.29052734375
Q	run4	gmm	20	6	0.057348667	0.057351333	0.0	63688512	0	0	0.006014542	4.29052734375
Q	run4	gmm	40	6	0.093234834	0.0932295	0.0	93903328	0	0	0.006145125	4.29052734375
Q	run4	gmm	20	7	0.057900209	0.057902292	0.0	63688512	0	0	0.006112041	4.29052734375
Q	run4	gmm	40	7	0.09217825	0.092174875	0.0	93903328	0	0	0.006069875	4.29052734375
Q	run4	gmm	20	8	0.05724875	0.057251166	0.0	63688800	0	0	0.006140417	4.29052734375
Q	run4	gmm	40	8	0.093150459	0.093153084	0.0	93903328	0	0	0.006093375	4.29052734375
Q	run4	gmm	20	9	0.058286334	0.058288583	0.0	63688512	0	0	0.006119584	4.29052734375
Q	run4	gmm	40	9	0.092483792	0.092485917	0.0	93903328	0	0	0.006050209	4.29052734375
Q	run4	gmm	20	10	0.057808291	0.0578115	0.0	63688512	0	0	0.0061795	4.29052734375
Q	run4	gmm	40	10	0.093896542	0.093888375	0.0	93903328	0	0	0.006159667	4.29052734375
Q	run4	gmm	20	11	0.057928875	0.057930666	0.0	63688512	0	0	0.0062715	4.29052734375
Q	run4	gmm	40	11	0.092771375	0.09277525	0.0	93903328	0	0	0.006136666	4.29052734375
Q	run5	gmm	-1	0	1.3539650440216064	0	0	0	0	0	0	0
Q	run5	gmm	0	0	10.087249084	10.086470666	0.253217625	3053028432	10	1	0.006124208	4.32568359375
Q	run5	gmm	20	1	0.062868083	0.06285425	0.0	63931744	0	0	0.00613125	4.27490234375
Q	run5	gmm	40	1	0.090737042	0.090729875	0.0	93903328	0	0	0.006150667	4.27490234375
Q	run5	gmm	20	2	0.057187625	0.057189583	0.0	63688512	0	0	0.006159417	4.27490234375
Q	run5	gmm	40	2	0.092501958	0.092498292	0.0	93903328	0	0	0.006095959	4.27490234375
Q	run5	gmm	20	3	0.056982708	0.056988667	0.0	63688512	0	0	0.0060905	4.27490234375
Q	run5	gmm	40	3	0.092384583	0.092377666	0.0	93903328	0	0	0.006193291	4.27490234375
Q	run5	gmm	20	4	0.05766475	0.057667083	0.0	63688512	0	0	0.006115792	4.27490234375
Q	run5	gmm	40	4	0.092310125	0.092298583	0.0	93903328	0	0	0.006064542	4.27490234375
Q	run5	gmm	20	5	0.057065334	0.05706625	0.0	63688512	0	0	0.006148791	4.27490234375
Q	run5	gmm	40	5	0.089887917	0.08988125	0.0	93903328	0	0	0.006127208	4.27490234375
Q	run5	gmm	20	6	0.058228708	0.0582225	0.0	63688512	0	0	0.006107708	4.33251953125
Q	run5	gmm	40	6	0.096425292	0.096417375	0.0	93903328	0	0	0.0061305	4.33251953125
Q	run5	gmm	20	7	0.057226708	0.057229125	0.0	63688512	0	0	0.006150208	4.33251953125
Q	run5	gmm	40	7	0.091582167	0.091573375	0.0	93903328	0	0	0.006136166	4.33251953125
Q	run5	gmm	20	8	0.05650125	0.05649425	0.0	63688800	0	0	0.006155459	4.33251953125
Q	run5	gmm	40	8	0.091273833	0.091266875	0.0	93903328	0	0	0.006137583	4.33251953125
Q	run5	gmm	20	9	0.057770375	0.057764167	0.0	63688512	0	0	0.006127833	4.33251953125
Q	run5	gmm	40	9	0.104886875	0.104879875	0.0	93903328	0	0	0.0066655	4.33251953125
Q	run5	gmm	20	10	0.062543083	0.062545083	0.0	63688512	0	0	0.006358125	4.33251953125
Q	run5	gmm	40	10	0.101296708	0.101301125	0.0	93903328	0	0	0.006625125	4.33251953125
Q	run5	gmm	20	11	0.0635185	0.063459125	0.0	63688512	0	0	0.006390542	4.33251953125
Q	run5	gmm	40	11	0.098300583	0.098283791	0.0	93903328	0	0	0.006280042	4.33251953125
v6	run5	gmm	-1	0	1.461543083190918	0	0	0	0	0	0	0
v6	run5	gmm	0	0	7.483447458	7.482882	0.196856751	2129211840	8	1	0.006025209	4.3857421875
v6	run5	gmm	20	1	0.062643375	0.0626375	0.0	71027984	0	0	0.006194667	4.31298828125
v6	run5	gmm	40	1	0.108389625	0.108382083	0.0	109135920	0	0	0.006110958	4.31298828125
v6	run5	gmm	20	2	0.06305225	0.063045208	0.0	71027984	0	0	0.006110917	4.31298828125
v6	run5	gmm	40	2	0.109668084	0.109670292	0.0	109135920	0	0	0.006173084	4.20751953125
v6	run5	gmm	20	3	0.061669125	0.061659667	0.0	71027984	0	0	0.00601725	4.20751953125
v6	run5	gmm	40	3	0.109078792	0.109071	0.0	109135920	0	0	0.006073583	4.20751953125
v6	run5	gmm	20	4	0.063324333	0.063327333	0.0	71027984	0	0	0.006113834	4.20751953125
v6	run5	gmm	40	4	0.109360625	0.109350792	0.0	109135920	0	0	0.006172167	4.20751953125
v6	run5	gmm	20	5	0.062707041	0.062700125	0.0	71027984	0	0	0.006042125	4.20751953125
v6	run5	gmm	40	5	0.111499833	0.11149275	0.0	109135920	0	0	0.0061395	4.20751953125
v6	run5	gmm	20	6	0.062986458	0.062988375	0.0	71027984	0	0	0.006119791	4.20751953125
v6	run5	gmm	40	6	0.111079291	0.111073917	0.0	109135920	0	0	0.006113208	4.20751953125
v6	run5	gmm	20	7	0.061569208	0.061571834	0.0	71027984	0	0	0.005961458	4.20751953125
v6	run5	gmm	40	7	0.109739167	0.109741375	0.0	109135920	0	0	0.006065	4.20751953125
v6	run5	gmm	20	8	0.06295375	0.062956209	0.0	71027984	0	0	0.006089	4.20751953125
v6	run5	gmm	40	8	0.109533667	0.109530417	0.0	109135920	0	0	0.006118792	4.20751953125
v6	run5	gmm	20	9	0.0614425	0.06144425	0.0	71027984	0	0	0.006059208	4.20751953125
v6	run5	gmm	40	9	0.1097935	0.1097855	0.0	109135920	0	0	0.006093875	4.20751953125
v6	run5	gmm	20	10	0.062743458	0.062744875	0.0	71027984	0	0	0.006355333	4.20751953125
v6	run5	gmm	40	10	0.112546334	0.112539417	0.0	109135920	0	0	0.006043	4.20751953125
v6	run5	gmm	20	11	0.0647845	0.064771584	0.0	71027984	0	0	0.006101958	4.20751953125
v6	run5	gmm	40	11	0.110249125	0.110235667	0.0	109135920	0	0	0.005927583	4.20751953125
Q	run1	linreg	-1	0	1.353863000869751	0	0	0	0	0	0	0
Q	run1	linreg	0	0	10.885211917	10.881741042	0.376891542	3351550800	11	2	0.006179834	3.94091796875
Q	run1	linreg	20	1	0.172753916	0.170653333	0.0	178622064	0	0	0.006123292	3.7890625
Q	run1	linreg	40	1	0.288883708	0.286835083	0.0	281043920	0	0	0.00614825	3.7890625
Q	run1	linreg	20	2	0.178059208	0.175995916	0.0	178622064	0	0	0.006214083	3.7890625
Q	run1	linreg	40	2	0.287076584	0.285022125	0.0	281043920	0	0	0.006162708	3.7890625
Q	run1	linreg	20	3	0.177456917	0.175381084	0.0	178622064	0	0	0.00608275	3.7890625
Q	run1	linreg	40	3	0.289890542	0.287831542	0.0	281043920	0	0	0.00607825	3.7890625
Q	run1	linreg	20	4	0.180552583	0.178469583	0.0	178622064	0	0	0.006183333	3.7890625
Q	run1	linreg	40	4	0.285511208	0.283495625	0.0	281043920	0	0	0.006040041	3.7890625
Q	run1	linreg	20	5	0.17938475	0.177341167	0.0	178622064	0	0	0.006192375	3.7890625
Q	run1	linreg	40	5	0.286225375	0.284166084	0.0	281043920	0	0	0.006164875	3.7890625
Q	run1	linreg	20	6	0.176415208	0.17439075	0.0	178622064	0	0	0.006143875	3.9658203125
Q	run1	linreg	40	6	0.290924292	0.288869875	0.0	281043920	0	0	0.006093875	3.9658203125
Q	run1	linreg	20	7	0.175740458	0.173697459	0.0	178622064	0	0	0.006152209	3.9658203125
Q	run1	linreg	40	7	0.291264583	0.289198542	0.0	281043920	0	0	0.00609525	3.9658203125
Q	run1	linreg	20	8	0.175046541	0.173004042	0.0	178622064	0	0	0.006109292	3.9658203125
Q	run1	linreg	40	8	0.28786925	0.28578825	0.0	281043920	0	0	0.006101083	3.9658203125
Q	run1	linreg	20	9	0.179585208	0.177539458	0.0	178622064	0	0	0.006150125	3.9658203125
Q	run1	linreg	40	9	0.288611833	0.286594833	0.0	281043920	0	0	0.006139833	3.9658203125
Q	run1	linreg	20	10	0.176161958	0.174099875	0.0	178622064	0	0	0.00609775	3.9658203125
Q	run1	linreg	40	10	0.291051583	0.288985042	0.0	281043920	0	0	0.006029042	3.9658203125
Q	run1	linreg	20	11	0.175503042	0.173396916	0.0	178622064	0	0	0.006066042	3.9658203125
Q	run1	linreg	40	11	0.288984041	0.286913167	0.0	281043920	0	0	0.006150583	3.9658203125
Q	run2	linreg	-1	0	1.345656156539917	0	0	0	0	0	0	0
Q	run2	linreg	0	0	10.824745708	10.821617166	0.377695833	3351541856	11	2	0.0060895	3.69677734375
Q	run2	linreg	20	1	0.176369292	0.17433275	0.0	178622064	0	0	0.006135	3.24658203125
Q	run2	linreg	40	1	0.286444959	0.284422125	0.0	281043920	0	0	0.005987417	3.24658203125
Q	run2	linreg	20	2	0.173664375	0.171582542	0.0	178622064	0	0	0.006067666	3.24658203125
Q	run2	linreg	40	2	0.288209083	0.286154708	0.0	281043920	0	0	0.006144084	3.24658203125
Q	run2	linreg	20	3	0.173716625	0.171690333	0.0	178622064	0	0	0.006200167	3.24658203125
Q	run2	linreg	40	3	0.288195833	0.286125708	0.0	281043920	0	0	0.005909917	3.24658203125
Q	run2	linreg	20	4	0.174692959	0.172649667	0.0	178622064	0	0	0.006095375	3.24658203125
Q	run2	linreg	40	4	0.287674291	0.2855995	0.0	281043920	0	0	0.006254375	3.24658203125
Q	run2	linreg	20	5	0.204520334	0.202483708	0.0	178622064	0	0	0.006084958	3.24658203125
Q	run2	linreg	40	5	0.309675708	0.307515209	0.0	281043920	0	0	0.0062605	3.24658203125
Q	run2	linreg	20	6	0.17673525	0.174663875	0.0	178622064	0	0	0.00634	3.24658203125
Q	run2	linreg	40	6	0.293624041	0.291604292	0.0	281043920	0	0	0.006222042	3.24658203125
Q	run2	linreg	20	7	0.173415375	0.171363583	0.0	178622064	0	0	0.006037417	3.24658203125
Q	run2	linreg	40	7	0.289488042	0.287427792	0.0	281043920	0	0	0.006115125	3.24658203125
Q	run2	linreg	20	8	0.173408334	0.171364916	0.0	178622064	0	0	0.006151583	3.146484375
Q	run2	linreg	40	8	0.287856458	0.285791041	0.0	281043920	0	0	0.006086125	3.146484375
Q	run2	linreg	20	9	0.175104083	0.173042666	0.0	178622064	0	0	0.006113875	3.146484375
Q	run2	linreg	40	9	0.290198208	0.288104542	0.0	281043920	0	0	0.006140291	3.146484375
Q	run2	linreg	20	10	0.178895125	0.176835833	0.0	178622064	0	0	0.006112916	3.146484375
Q	run2	linreg	40	10	0.284420958	0.282414666	0.0	281043920	0	0	0.00610975	3.146484375
Q	run2	linreg	20	11	0.174783958	0.17274575	0.0	178622064	0	0	0.006040583	3.146484375
Q	run2	linreg	40	11	0.291387292	0.289365583	0.0	281043920	0	0	0.006134625	3.146484375
Q	run3	linreg	-1	0	1.3430850505828857	0	0	0	0	0	0	0
Q	run3	linreg	0	0	10.82538825	10.822135292	0.372250458	3351607856	11	2	0.006178875	3.05419921875
Q	run3	linreg	20	1	0.174390792	0.17238525	0.0	178622064	0	0	0.0061	2.96142578125
Q	run3	linreg	40	1	0.283430208	0.281390916	0.0	281043920	0	0	0.006144666	2.96142578125
Q	run3	linreg	20	2	0.175217	0.173202833	0.0	178622064	0	0	0.006118625	2.96142578125
Q	run3	linreg	40	2	0.290280542	0.288239875	0.0	281043920	0	0	0.0060625	2.96142578125
Q	run3	linreg	20	3	0.17591625	0.173869083	0.0	178622064	0	0	0.006034708	2.96142578125
Q	run3	linreg	40	3	0.283894209	0.281845334	0.0	281043920	0	0	0.006176542	2.96142578125
Q	run3	linreg	20	4	0.176931833	0.174909958	0.0	178622064	0	0	0.006119417	2.96142578125
Q	run3	linreg	40	4	0.284912916	0.282871417	0.0	281043920	0	0	0.006106916	2.96142578125
Q	run3	linreg	20	5	0.173786458	0.171765375	0.0	178622064	0	0	0.006139375	2.96142578125
Q	run3	linreg	40	5	0.287018667	0.284984792	0.0	281043920	0	0	0.005995542	2.96142578125
Q	run3	linreg	20	6	0.174721709	0.172655208	0.0	178622064	0	0	0.006077958	2.96142578125
Q	run3	linreg	40	6	0.284181625	0.282153042	0.0	281043920	0	0	0.006058083	2.96142578125
Q	run3	linreg	20	7	0.174470291	0.172418959	0.0	178622064	0	0	0.006109541	2.96142578125
Q	run3	linreg	40	7	0.282819875	0.280756125	0.0	281043920	0	0	0.006052792	2.96142578125
Q	run3	linreg	20	8	0.175984375	0.173951542	0.0	178622064	0	0	0.006068458	2.96142578125
Q	run3	linreg	40	8	0.283762458	0.281730542	0.0	281043920	0	0	0.006224459	2.96142578125
Q	run3	linreg	20	9	0.174654291	0.172613833	0.0	178622064	0	0	0.0061785	2.96435546875
Q	run3	linreg	40	9	0.295303333	0.293263375	0.0	281043920	0	0	0.006013792	2.96435546875
Q	run3	linreg	20	10	0.177683	0.175636167	0.0	178622064	0	0	0.006074625	2.96435546875
Q	run3	linreg	40	10	0.28829	0.286209084	0.0	281043920	0	0	0.006135125	2.96435546875
Q	run3	linreg	20	11	0.173007666	0.170939292	0.0	178622064	0	0	0.006028833	2.96435546875
Q	run3	linreg	40	11	0.286663375	0.284617834	0.0	281043920	0	0	0.006098625	2.96435546875
Q	run4	linreg	-1	0	1.3445298671722412	0	0	0	0	0	0	0
Q	run4	linreg	0	0	10.795435958	10.792230917	0.367097373	3350452000	11	2	0.006117709	2.55712890625
Q	run4	linreg	20	1	0.2034025	0.201298375	0.0	179709088	0	0	0.006063125	2.62451171875
Q	run4	linreg	40	1	0.289866416	0.287832208	0.0	281043920	0	0	0.0061105	2.62451171875
Q	run4	linreg	20	2	0.173030542	0.170955458	0.0	178622064	0	0	0.00616075	2.62451171875
Q	run4	linreg	40	2	0.291944583	0.289869625	0.0	281043920	0	0	0.006113	2.62451171875
Q	run4	linreg	20	3	0.175481834	0.173454375	0.0	178622064	0	0	0.006209708	2.57421875
Q	run4	linreg	40	3	0.28641975	0.284372292	0.0	281043920	0	0	0.006046958	2.57421875
Q	run4	linreg	20	4	0.182161791	0.180150625	0.0	178622064	0	0	0.0060835	2.57421875
Q	run4	linreg	40	4	0.280965459	0.278929459	0.0	281043920	0	0	0.006003791	2.57421875
Q	run4	linreg	20	5	0.173499458	0.171485084	0.0	178622064	0	0	0.006163667	2.57421875
Q	run4	linreg	40	5	0.286968042	0.284857333	0.0	281043920	0	0	0.006043333	2.57421875
Q	run4	linreg	20	6	0.272224333	0.269578	0.0	178622064	0	0	0.006107542	2.57421875
Q	run4	linreg	40	6	0.330713167	0.328612959	0.0	281043920	0	0	0.0060525	2.57421875
Q	run4	linreg	20	7	0.199756542	0.197730333	0.0	178622064	0	0	0.006075833	2.57421875
Q	run4	linreg	40	7	0.299965208	0.297879542	0.0	281043920	0	0	0.006176167	2.57421875
Q	run4	linreg	20	8	0.198598166	0.196535584	0.0	178622064	0	0	0.006637458	2.57421875
Q	run4	linreg	40	8	0.320162792	0.318167792	0.0	281043920	0	0	0.006137583	2.57421875
Q	run4	linreg	20	9	0.202293667	0.200197166	0.0	178622064	0	0	0.006220375	2.57421875
Q	run4	linreg	40	9	0.300487208	0.298461167	0.0	281043920	0	0	0.006267542	2.57421875
Q	run4	linreg	20	10	0.193886042	0.191883208	0.0	178622064	0	0	0.0064655	2.57421875
Q	run4	linreg	40	10	0.335771541	0.333816333	0.0	281043920	0	0	0.006439083	2.68798828125
Q	run4	linreg	20	11	0.206897208	0.204821833	0.0	178622064	0	0	0.006716583	2.68798828125
Q	run4	linreg	40	11	0.326359833	0.324288792	0.0	281043920	0	0	0.006685041	2.68798828125
Q	run5	linreg	-1	0	1.5432541370391846	0	0	0	0	0	0	0
Q	run5	linreg	0	0	11.255914875	11.245432875	0.385682541	3351557792	11	2	0.006374333	2.6328125
Q	run5	linreg	20	1	0.191339875	0.189274666	0.0	178622064	0	0	0.006163084	3.783203125
Q	run5	linreg	40	1	0.296129708	0.294104084	0.0	281043920	0	0	0.006156375	3.783203125
Q	run5	linreg	20	2	0.195098541	0.1930225	0.0	178622064	0	0	0.005929334	3.783203125
Q	run5	linreg	40	2	0.336453542	0.334343708	0.0	281043920	0	0	0.006067875	3.783203125
Q	run5	linreg	20	3	0.196889125	0.19483575	0.0	178622064	0	0	0.006298167	3.783203125
Q	run5	linreg	40	3	0.413933834	0.411738	0.0	281043920	0	0	0.005977708	3.783203125
Q	run5	linreg	20	4	0.31679225	0.307343708	0.0	178622064	0	0	0.006148375	3.783203125
Q	run5	linreg	40	4	0.370043625	0.367880291	0.0	281043920	0	0	0.006088625	3.783203125
Q	run5	linreg	20	5	0.222185584	0.220010542	0.0	178622064	0	0	0.006451166	3.783203125
Q	run5	linreg	40	5	0.366032875	0.363814208	0.0	281043920	0	0	0.006486167	3.783203125
Q	run5	linreg	20	6	0.214947917	0.212842834	0.0	178622064	0	0	0.006378417	3.783203125
Q	run5	linreg	40	6	0.345279084	0.343080875	0.0	281043920	0	0	0.006461541	3.783203125
Q	run5	linreg	20	7	0.186384917	0.184268333	0.0	178622064	0	0	0.0062605	3.783203125
Q	run5	linreg	40	7	0.294119167	0.292056375	0.0	281043920	0	0	0.006220625	3.783203125
Q	run5	linreg	20	8	0.180819209	0.178769833	0.0	178622064	0	0	0.006056542	4.04052734375
Q	run5	linreg	40	8	0.324783167	0.32270475	0.0	281043920	0	0	0.006221041	4.04052734375
Q	run5	linreg	20	9	0.195731292	0.193630125	0.0	178622064	0	0	0.006204625	4.04052734375
Q	run5	linreg	40	9	0.319701208	0.317692459	0.0	281043920	0	0	0.006195417	4.04052734375
Q	run5	linreg	20	10	0.189185125	0.187078792	0.0	178622064	0	0	0.006195625	4.04052734375
Q	run5	linreg	40	10	0.351482834	0.34935825	0.0	281043920	0	0	0.006372667	4.04052734375
Q	run5	linreg	20	11	0.195032833	0.192976583	0.0	178622064	0	0	0.006279375	4.04052734375
Q	run5	linreg	40	11	0.31874	0.316652334	0.0	281043920	0	0	0.006183875	4.04052734375
Q	run1	filter	-1	0	1.4143328666687012	0	0	0	0	0	0	0
Q	run1	filter	0	0	6.984810083	6.984218666	0.118042333	2051720528	7	0	0.006769667	4.03515625
Q	run1	filter	1	1	0.022296458	0.02229775	0.0	5268160	0	0	0.006264541	4.18310546875
Q	run1	filter	1	2	0.0036835	0.003685125	0.0	3510928	0	0	0.00618425	4.18310546875
Q	run1	filter	1	3	0.004303041	0.0043045	0.0	3510928	0	0	0.006672292	4.18310546875
Q	run1	filter	1	4	0.004492625	0.004497167	0.0	3510928	0	0	0.006172375	4.18310546875
Q	run1	filter	1	5	0.003936917	0.003938958	0.0	3510928	0	0	0.006198084	4.18310546875
Q	run1	filter	1	6	0.003935625	0.003936833	0.0	3510928	0	0	0.006194417	4.18310546875
Q	run1	filter	1	7	0.003773459	0.003774292	0.0	3510928	0	0	0.006202458	4.18310546875
Q	run1	filter	1	8	0.003804209	0.003807709	0.0	3510928	0	0	0.0062705	4.18310546875
Q	run1	filter	1	9	0.00402925	0.00403	0.0	3510928	0	0	0.006073209	4.18310546875
Q	run1	filter	1	10	0.003836458	0.003837375	0.0	3510928	0	0	0.006128375	4.18310546875
Q	run1	filter	1	11	0.003868708	0.003872167	0.0	3510928	0	0	0.006140292	4.18310546875
v6	run1	filter	-1	0	1.5131809711456299	0	0	0	0	0	0	0
v6	run1	filter	0	0	5.266439375	5.265909125	0.090001125	1511622384	6	0	0.006038208	4.234375
v6	run1	filter	1	1	0.007362875	0.007363833	0.0	4927296	0	0	0.006158208	4.13525390625
v6	run1	filter	1	2	0.007050167	0.00705325	0.0	4927296	0	0	0.006098458	4.13525390625
v6	run1	filter	1	3	0.007364417	0.007367875	0.0	4927296	0	0	0.0062255	4.13525390625
v6	run1	filter	1	4	0.006976875	0.006977583	0.0	4927296	0	0	0.006143083	4.13525390625
v6	run1	filter	1	5	0.007459291	0.007460875	0.0	4927296	0	0	0.006242458	4.13525390625
v6	run1	filter	1	6	0.008139792	0.008142041	0.0	4927296	0	0	0.006321083	4.13525390625
v6	run1	filter	1	7	0.007430875	0.007432125	0.0	4927296	0	0	0.006319084	4.13525390625
v6	run1	filter	1	8	0.0074025	0.007403625	0.0	4927296	0	0	0.006164792	4.13525390625
v6	run1	filter	1	9	0.007830958	0.007832792	0.0	4927296	0	0	0.006129709	4.13525390625
v6	run1	filter	1	10	0.007207708	0.0072085	0.0	4927296	0	0	0.006223458	4.13525390625
v6	run1	filter	1	11	0.007743667	0.007744459	0.0	4927296	0	0	0.006234708	4.13525390625
v6	run2	filter	-1	0	1.55454421043396	0	0	0	0	0	0	0
v6	run2	filter	0	0	4.968665042	4.968272208	0.099418792	1511644224	7	0	0.006090667	4.107421875
v6	run2	filter	1	1	0.007156667	0.007157792	0.0	4927296	0	0	0.006093709	4.0185546875
v6	run2	filter	1	2	0.007131375	0.007132333	0.0	4927296	0	0	0.006163083	4.0185546875
v6	run2	filter	1	3	0.0070265	0.007026917	0.0	4927296	0	0	0.006179792	4.0185546875
v6	run2	filter	1	4	0.007130458	0.007131625	0.0	4927296	0	0	0.006103333	4.0185546875
v6	run2	filter	1	5	0.007018917	0.007019709	0.0	4927296	0	0	0.006184209	4.0185546875
v6	run2	filter	1	6	0.007190167	0.007191291	0.0	4927296	0	0	0.006083959	4.0185546875
v6	run2	filter	1	7	0.007024667	0.007025333	0.0	4927296	0	0	0.006165417	4.0185546875
v6	run2	filter	1	8	0.006897208	0.006897708	0.0	4927296	0	0	0.006130334	4.0185546875
v6	run2	filter	1	9	0.00712175	0.007122458	0.0	4927296	0	0	0.006079167	4.0185546875
v6	run2	filter	1	10	0.006893416	0.006894125	0.0	4927296	0	0	0.006100709	4.0185546875
v6	run2	filter	1	11	0.00755275	0.007554042	0.0	4927296	0	0	0.006354709	4.0185546875
Q	run2	filter	-1	0	1.3425049781799316	0	0	0	0	0	0	0
Q	run2	filter	0	0	6.878838333	6.878342166	0.136035333	2051679456	8	0	0.006017334	3.9365234375
Q	run2	filter	1	1	0.019893792	0.01989525	0.0	5268160	0	0	0.006067	3.7919921875
Q	run2	filter	1	2	0.0035375	0.00353875	0.0	3510928	0	0	0.006307334	3.7919921875
Q	run2	filter	1	3	0.003375209	0.003378375	0.0	3510928	0	0	0.006537209	3.7919921875
Q	run2	filter	1	4	0.003263375	0.003267042	0.0	3510928	0	0	0.006190667	3.7919921875
Q	run2	filter	1	5	0.003475084	0.003481	0.0	3510928	0	0	0.006164958	3.7919921875
Q	run2	filter	1	6	0.003449334	0.003452833	0.0	3510928	0	0	0.00607825	3.7919921875
Q	run2	filter	1	7	0.003367125	0.003367917	0.0	3510928	0	0	0.006226875	3.7919921875
Q	run2	filter	1	8	0.003330125	0.003330875	0.0	3510928	0	0	0.006220708	3.7919921875
Q	run2	filter	1	9	0.003549542	0.003550375	0.0	3510928	0	0	0.006115416	3.7919921875
Q	run2	filter	1	10	0.003363583	0.003367084	0.0	3510928	0	0	0.006223375	3.7919921875
Q	run2	filter	1	11	0.00369975	0.00370125	0.0	3510928	0	0	0.006225833	3.7919921875
Q	run3	filter	-1	0	1.4090359210968018	0	0	0	0	0	0	0
Q	run3	filter	0	0	7.14347475	7.142982042	0.135225375	2051702368	8	0	0.006451041	3.8974609375
Q	run3	filter	1	1	0.021086584	0.021081708	0.0	5268160	0	0	0.006388708	3.8251953125
Q	run3	filter	1	2	0.003573875	0.003574833	0.0	3510928	0	0	0.006360792	3.8251953125
Q	run3	filter	1	3	0.003670334	0.003671167	0.0	3510928	0	0	0.00643125	3.8251953125
Q	run3	filter	1	4	0.003769917	0.003770875	0.0	3510928	0	0	0.006512334	3.8251953125
Q	run3	filter	1	5	0.003712083	0.003712875	0.0	3510928	0	0	0.006436583	3.8251953125
Q	run3	filter	1	6	0.003566041	0.003567	0.0	3510928	0	0	0.006376166	3.8251953125
Q	run3	filter	1	7	0.003463166	0.003463708	0.0	3510928	0	0	0.006403417	3.8251953125
Q	run3	filter	1	8	0.0036385	0.003639583	0.0	3510928	0	0	0.006473	3.8251953125
Q	run3	filter	1	9	0.003748666	0.003749875	0.0	3510928	0	0	0.006443167	3.8251953125
Q	run3	filter	1	10	0.003563292	0.003564041	0.0	3510928	0	0	0.0064445	3.8251953125
Q	run3	filter	1	11	0.00337875	0.003379542	0.0	3510928	0	0	0.006189542	3.8251953125
v6	run3	filter	-1	0	1.562917947769165	0	0	0	0	0	0	0
v6	run3	filter	0	0	5.36877225	5.368368625	0.090286624	1511548016	6	0	0.006529041	3.77783203125
v6	run3	filter	1	1	0.007917708	0.007918458	0.0	4927296	0	0	0.006119792	3.71533203125
v6	run3	filter	1	2	0.007458625	0.007459291	0.0	4927296	0	0	0.006442708	3.71533203125
v6	run3	filter	1	3	0.007849875	0.0078505	0.0	4927296	0	0	0.006576292	3.71533203125
v6	run3	filter	1	4	0.007979875	0.007980792	0.0	4927296	0	0	0.00641075	3.71533203125
v6	run3	filter	1	5	0.007773917	0.007774709	0.0	4927296	0	0	0.006448125	3.71533203125
v6	run3	filter	1	6	0.007958917	0.007959708	0.0	4927296	0	0	0.006394167	3.71533203125
v6	run3	filter	1	7	0.007810417	0.007811083	0.0	4927296	0	0	0.006428375	3.71533203125
v6	run3	filter	1	8	0.007863042	0.00786425	0.0	4927296	0	0	0.006407208	3.71533203125
v6	run3	filter	1	9	0.007939	0.007939875	0.0	4927296	0	0	0.006424583	3.71533203125
v6	run3	filter	1	10	0.007652584	0.007653291	0.0	4927296	0	0	0.006373125	3.71533203125
v6	run3	filter	1	11	0.007620459	0.007621209	0.0	4927296	0	0	0.00640775	3.71533203125
v6	run4	filter	-1	0	1.5669970512390137	0	0	0	0	0	0	0
v6	run4	filter	0	0	5.367033625	5.366694041	0.089367166	1511561184	6	0	0.006433666	3.60498046875
v6	run4	filter	1	1	0.008337542	0.008338333	0.0	4927296	0	0	0.006470375	3.55615234375
v6	run4	filter	1	2	0.008169416	0.008170417	0.0	4927296	0	0	0.006413084	3.55615234375
v6	run4	filter	1	3	0.008019875	0.008016875	0.0	4927296	0	0	0.006341583	3.55615234375
v6	run4	filter	1	4	0.007916333	0.00792	0.0	4927296	0	0	0.006350792	3.55615234375
v6	run4	filter	1	5	0.008249375	0.008247125	0.0	4927296	0	0	0.006513875	3.55615234375
v6	run4	filter	1	6	0.008075125	0.008076125	0.0	4927296	0	0	0.006544334	3.55615234375
v6	run4	filter	1	7	0.007840875	0.007841458	0.0	4927296	0	0	0.00641175	3.55615234375
v6	run4	filter	1	8	0.007833708	0.007834375	0.0	4927296	0	0	0.006559083	3.55615234375
v6	run4	filter	1	9	0.008081375	0.008077333	0.0	4927296	0	0	0.006436375	3.55615234375
v6	run4	filter	1	10	0.007975041	0.007975709	0.0	4927296	0	0	0.0063835	3.55615234375
v6	run4	filter	1	11	0.008147417	0.008148875	0.0	4927296	0	0	0.006558709	3.55615234375
Q	run4	filter	-1	0	1.4482760429382324	0	0	0	0	0	0	0
Q	run4	filter	0	0	6.896205792	6.895399708	0.119444919	2051654400	7	0	0.006378458	3.55029296875
Q	run4	filter	1	1	0.019466334	0.019468041	0.0	5268160	0	0	0.0060985	3.42578125
Q	run4	filter	1	2	0.0035475	0.0035485	0.0	3510928	0	0	0.006230542	3.42578125
Q	run4	filter	1	3	0.003623292	0.003624209	0.0	3510928	0	0	0.006394792	3.42578125
Q	run4	filter	1	4	0.003484708	0.003488167	0.0	3510928	0	0	0.006461417	3.42578125
Q	run4	filter	1	5	0.003929417	0.003930709	0.0	3510928	0	0	0.0062555	3.42578125
Q	run4	filter	1	6	0.003473666	0.003474291	0.0	3510928	0	0	0.006194416	3.42578125
Q	run4	filter	1	7	0.003705291	0.003706792	0.0	3510928	0	0	0.006098458	3.42578125
Q	run4	filter	1	8	0.003430666	0.003431375	0.0	3510928	0	0	0.006484125	3.42578125
Q	run4	filter	1	9	0.003448792	0.003449583	0.0	3510928	0	0	0.006163917	3.42578125
Q	run4	filter	1	10	0.0040285	0.00402925	0.0	3510928	0	0	0.006311958	3.42578125
Q	run4	filter	1	11	0.003585541	0.003586792	0.0	3510928	0	0	0.006169958	3.42578125
Q	run5	filter	-1	0	1.406686782836914	0	0	0	0	0	0	0
Q	run5	filter	0	0	7.052672708	7.052139792	0.121900291	2051620608	7	0	0.006423792	3.2861328125
Q	run5	filter	1	1	0.022793708	0.02279775	0.0	5268160	0	0	0.006675125	3.42333984375
Q	run5	filter	1	2	0.00408425	0.004085416	0.0	3510928	0	0	0.006493667	3.42333984375
Q	run5	filter	1	3	0.004105167	0.004103667	0.0	3510928	0	0	0.006693667	3.42333984375
Q	run5	filter	1	4	0.003932833	0.003934042	0.0	3510928	0	0	0.006424375	3.42333984375
Q	run5	filter	1	5	0.0038715	0.003872625	0.0	3510928	0	0	0.006441541	3.42333984375
Q	run5	filter	1	6	0.003886292	0.003889958	0.0	3510928	0	0	0.006241292	3.42333984375
Q	run5	filter	1	7	0.003997709	0.003998625	0.0	3510928	0	0	0.006510792	3.42333984375
Q	run5	filter	1	8	0.00391225	0.003913	0.0	3510928	0	0	0.00646125	3.42333984375
Q	run5	filter	1	9	0.00386425	0.003864959	0.0	3510928	0	0	0.006550083	3.42333984375
Q	run5	filter	1	10	0.003998583	0.0039995	0.0	3510928	0	0	0.006251875	3.42333984375
Q	run5	filter	1	11	0.0038315	0.003832083	0.0	3510928	0	0	0.0065815	3.42333984375
v6	run5	filter	-1	0	1.5221810340881348	0	0	0	0	0	0	0
v6	run5	filter	0	0	5.166535959	5.16612575	0.089119459	1511510736	6	0	0.006108542	3.5048828125
v6	run5	filter	1	1	0.007789292	0.007790334	0.0	4927296	0	0	0.006423	3.54443359375
v6	run5	filter	1	2	0.00741525	0.007416209	0.0	4927296	0	0	0.006486917	3.54443359375
v6	run5	filter	1	3	0.007327292	0.007330875	0.0	4927296	0	0	0.006084042	3.54443359375
v6	run5	filter	1	4	0.007164708	0.007168209	0.0	4927296	0	0	0.006155917	3.54443359375
v6	run5	filter	1	5	0.007146125	0.007146875	0.0	4927296	0	0	0.006096375	3.54443359375
v6	run5	filter	1	6	0.007044333	0.007045083	0.0	4927296	0	0	0.00616775	3.54443359375
v6	run5	filter	1	7	0.007238916	0.007240208	0.0	4927296	0	0	0.006140958	3.54443359375
v6	run5	filter	1	8	0.007650625	0.007651542	0.0	4927296	0	0	0.006164333	3.54443359375
v6	run5	filter	1	9	0.007176334	0.007180084	0.0	4927296	0	0	0.006158333	3.54443359375
v6	run5	filter	1	10	0.00719225	0.007195542	0.0	4927296	0	0	0.006367583	3.54443359375
v6	run5	filter	1	11	0.007028	0.007031375	0.0	4927296	0	0	0.006111541	3.54443359375
Q	run1	ssm1+defaults	-1	0	1.4036798477172852	0	0	0	0	0	0	0
Q	run1	ssm1+defaults	0	0	9.847612834	9.844442	0.291377126	2640928064	10	2	0.006235834	3.6201171875
Q	run1	ssm1+defaults	1	1	0.051121875	0.049153792	0.0	57442592	0	0	0.006023209	3.37060546875
Q	run1	ssm1+defaults	1	2	0.050233375	0.048305458	0.0	57441920	0	0	0.006212208	3.37060546875
Q	run1	ssm1+defaults	1	3	0.051678292	0.049751083	0.0	57441920	0	0	0.006125084	3.37060546875
Q	run1	ssm1+defaults	1	4	0.049883041	0.047912625	0.0	57441920	0	0	0.006070375	3.37060546875
Q	run1	ssm1+defaults	1	5	0.050612375	0.048640125	0.0	57441920	0	0	0.006103167	3.37060546875
Q	run1	ssm1+defaults	1	6	0.050574375	0.048622625	0.0	57441920	0	0	0.006126125	3.37060546875
Q	run1	ssm1+defaults	1	7	0.051805959	0.049819167	0.0	57441920	0	0	0.005980208	3.37060546875
Q	run1	ssm1+defaults	1	8	0.0505305	0.048592084	0.0	57441920	0	0	0.006149667	3.37060546875
Q	run1	ssm1+defaults	1	9	0.05029925	0.048360542	0.0	57441920	0	0	0.006010084	3.37060546875
Q	run1	ssm1+defaults	1	10	0.051645666	0.049664625	0.0	57441920	0	0	0.005996666	3.37060546875
Q	run1	ssm1+defaults	1	11	0.051435209	0.049465209	0.0	57441920	0	0	0.0062185	3.37060546875
