FULLT	run1	ssm1	-1	0	1.305868148803711	0	0	0	0	0	0	0
FULLT	run1	ssm1	0	0	9.27258675	9.269499791	0.230641708	2612852112	10	1	0.006120209	2.072265625
FULLT	run1	ssm1	1	1	0.055508042	0.053533458	0.0	63913536	0	0	0.005943917	1.98095703125
FULLT	run1	ssm1	1	2	0.054053542	0.052070583	0.0	63913536	0	0	0.005872041	1.98095703125
FULLT	run1	ssm1	1	3	0.054044834	0.052065125	0.0	63913536	0	0	0.005942958	1.98095703125
FULLT	run1	ssm1	1	4	0.053916417	0.051988959	0.0	63913536	0	0	0.005942833	1.98095703125
FULLT	run1	ssm1	1	5	0.054274417	0.052291875	0.0	63913536	0	0	0.00593175	1.98095703125
FULLT	run1	ssm1	1	6	0.053956417	0.051991541	0.0	63913536	0	0	0.00589125	1.98095703125
FULLT	run1	ssm1	1	7	0.054134416	0.052175	0.0	63913536	0	0	0.005927458	1.98095703125
FULLT	run1	ssm1	1	8	0.05396	0.051984125	0.0	63913536	0	0	0.005870542	1.98095703125
FULLT	run1	ssm1	1	9	0.054753958	0.052758458	0.0	63913536	0	0	0.005897875	1.98095703125
FULLT	run1	ssm1	1	10	0.053874167	0.051940792	0.0	63913536	0	0	0.005929209	1.98095703125
FULLT	run1	ssm1	1	11	0.053817375	0.051889459	0.0	63913536	0	0	0.005929708	1.98095703125
F	run1	ssm1	-1	0	1.3065969944000244	0	0	0	0	0	0	0
F	run1	ssm1	0	0	9.381520791	9.379858667	0.260743916	2802238032	10	1	0.005914375	1.830078125
F	run1	ssm1	1	1	0.03748375	0.036942541	0.0	53134208	0	0	0.005969666	1.70166015625
F	run1	ssm1	1	2	0.036936291	0.036412917	0.0	53134208	0	0	0.005905542	1.70166015625
F	run1	ssm1	1	3	0.036625375	0.036094708	0.0	53134208	0	0	0.00587275	1.70166015625
F	run1	ssm1	1	4	0.036843542	0.036312292	0.0	53134208	0	0	0.005858541	1.70166015625
F	run1	ssm1	1	5	0.036041084	0.03550375	0.0	53134208	0	0	0.005939125	1.70166015625
F	run1	ssm1	1	6	0.036242708	0.035730292	0.0	53134208	0	0	0.005880125	1.70166015625
F	run1	ssm1	1	7	0.0363525	0.035799875	0.0	53134208	0	0	0.005936833	1.70166015625
F	run1	ssm1	1	8	0.036786417	0.036258	0.0	53134208	0	0	0.005910875	1.70166015625
F	run1	ssm1	1	9	0.03630675	0.035779375	0.0	53134208	0	0	0.005921	1.70166015625
F	run1	ssm1	1	10	0.036672667	0.036131208	0.0	53134208	0	0	0.005870583	1.70166015625
F	run1	ssm1	1	11	0.0367575	0.036216584	0.0	53134208	0	0	0.005855666	1.70166015625
v6	run1	ssm1	-1	0	1.4075260162353516	0	0	0	0	0	0	0
v6	run1	ssm1	0	0	7.872048583	7.870558959	0.208387999	2172077488	8	1	0.00597925	1.64501953125
v6	run1	ssm1	1	1	0.041765708	0.041220875	0.0	58018608	0	0	0.005894666	1.54541015625
v6	run1	ssm1	1	2	0.041480292	0.040943	0.0	58018608	0	0	0.005895833	1.54541015625
v6	run1	ssm1	1	3	0.041576875	0.041039834	0.0	58018608	0	0	0.005921917	1.54541015625
v6	run1	ssm1	1	4	0.041166958	0.040636083	0.0	58018608	0	0	0.005935833	1.54541015625
v6	run1	ssm1	1	5	0.0410375	0.040499	0.0	58018608	0	0	0.005928958	1.54541015625
v6	run1	ssm1	1	6	0.041220958	0.040681625	0.0	58018608	0	0	0.005856041	1.54541015625
v6	run1	ssm1	1	7	0.041480417	0.040930292	0.0	58018608	0	0	0.005903833	1.54541015625
v6	run1	ssm1	1	8	0.041580334	0.041042833	0.0	58018608	0	0	0.005934791	1.54541015625
v6	run1	ssm1	1	9	0.041755625	0.041230416	0.0	58018608	0	0	0.005927625	1.54541015625
v6	run1	ssm1	1	10	0.041481834	0.040938916	0.0	58018608	0	0	0.005938917	1.54541015625
v6	run1	ssm1	1	11	0.041146792	0.040617916	0.0	58018608	0	0	0.005929	1.54541015625
F	run2	ssm1	-1	0	1.3026621341705322	0	0	0	0	0	0	0
F	run2	ssm1	0	0	9.38732575	9.385668834	0.260734124	2802254672	10	1	0.00592975	1.4609375
F	run2	ssm1	1	1	0.036580333	0.03604525	0.0	53134208	0	0	0.005932208	1.3896484375
F	run2	ssm1	1	2	0.036563625	0.036022709	0.0	53134208	0	0	0.005933625	1.3896484375
F	run2	ssm1	1	3	0.0368415	0.03629725	0.0	53134208	0	0	0.005871	1.3896484375
F	run2	ssm1	1	4	0.036705584	0.036172791	0.0	53134208	0	0	0.005923708	1.3896484375
F	run2	ssm1	1	5	0.036614917	0.036071542	0.0	53134208	0	0	0.00593975	1.3896484375
F	run2	ssm1	1	6	0.0367185	0.036183458	0.0	53134208	0	0	0.005899083	1.3896484375
F	run2	ssm1	1	7	0.036369958	0.035813458	0.0	53134208	0	0	0.005970375	1.3896484375
F	run2	ssm1	1	8	0.036292875	0.035756042	0.0	53134208	0	0	0.005967708	1.3896484375
F	run2	ssm1	1	9	0.0368685	0.03632125	0.0	53134208	0	0	0.005942875	1.3896484375
F	run2	ssm1	1	10	0.036491417	0.035943417	0.0	53134208	0	0	0.005933625	1.3896484375
F	run2	ssm1	1	11	0.036752417	0.036213375	0.0	53134208	0	0	0.005973584	1.3896484375
v6	run2	ssm1	-1	0	1.4093270301818848	0	0	0	0	0	0	0
v6	run2	ssm1	0	0	7.874552333	7.873022833	0.2053855	2172097520	8	1	0.005960959	1.4384765625
v6	run2	ssm1	1	1	0.04167025	0.041129334	0.0	58018608	0	0	0.005908125	1.37060546875
v6	run2	ssm1	1	2	0.04223925	0.041695875	0.0	58018608	0	0	0.005983	1.37060546875
v6	run2	ssm1	1	3	0.041738833	0.041210709	0.0	58018608	0	0	0.005888458	1.37060546875
v6	run2	ssm1	1	4	0.041816167	0.041291958	0.0	58018608	0	0	0.005891083	1.37060546875
v6	run2	ssm1	1	5	0.042099833	0.041556792	0.0	58018608	0	0	0.005923375	1.37060546875
v6	run2	ssm1	1	6	0.04203125	0.041497291	0.0	58018608	0	0	0.005903959	1.37060546875
v6	run2	ssm1	1	7	0.041634375	0.041099125	0.0	58018608	0	0	0.005925791	1.37060546875
v6	run2	ssm1	1	8	0.041713125	0.041157958	0.0	58018608	0	0	0.005953333	1.37060546875
v6	run2	ssm1	1	9	0.041687708	0.041148667	0.0	58018608	0	0	0.005923333	1.37060546875
v6	run2	ssm1	1	10	0.041797041	0.041256417	0.0	58018608	0	0	0.005950958	1.37060546875
v6	run2	ssm1	1	11	0.041861209	0.041327875	0.0	58018608	0	0	0.005920708	1.37060546875
FULLT	run2	ssm1	-1	0	1.2956821918487549	0	0	0	0	0	0	0
FULLT	run2	ssm1	0	0	9.220410042	9.217350042	0.231025833	2612838656	10	1	0.006027166	1.4208984375
FULLT	run2	ssm1	1	1	0.055724833	0.053800625	0.0	63913536	0	0	0.0059255	1.435546875
FULLT	run2	ssm1	1	2	0.055497792	0.053540375	0.0	63913536	0	0	0.005935334	1.435546875
FULLT	run2	ssm1	1	3	0.055220166	0.053255958	0.0	63913536	0	0	0.005892375	1.435546875
FULLT	run2	ssm1	1	4	0.05558475	0.053621333	0.0	63913536	0	0	0.005956583	1.435546875
FULLT	run2	ssm1	1	5	0.055683709	0.053750167	0.0	63913536	0	0	0.005937084	1.435546875
FULLT	run2	ssm1	1	6	0.055705083	0.053739709	0.0	63913536	0	0	0.005976667	1.435546875
FULLT	run2	ssm1	1	7	0.055427	0.053459459	0.0	63913536	0	0	0.005971417	1.435546875
FULLT	run2	ssm1	1	8	0.055449167	0.053458708	0.0	63913536	0	0	0.005938083	1.435546875
FULLT	run2	ssm1	1	9	0.055091834	0.053146417	0.0	63913536	0	0	0.005914125	1.400390625
FULLT	run2	ssm1	1	10	0.055415333	0.053456125	0.0	63913536	0	0	0.00597275	1.400390625
FULLT	run2	ssm1	1	11	0.055456792	0.053498042	0.0	63913536	0	0	0.005941708	1.400390625
v6	run3	ssm1	-1	0	1.4008800983428955	0	0	0	0	0	0	0
v6	run3	ssm1	0	0	7.876129	7.874565833	0.20377504	2172101424	8	1	0.005926	1.4482421875
v6	run3	ssm1	1	1	0.041922292	0.041378625	0.0	58018608	0	0	0.005899416	1.458984375
v6	run3	ssm1	1	2	0.042042334	0.041502	0.0	58018608	0	0	0.005918416	1.458984375
v6	run3	ssm1	1	3	0.041293042	0.0407595	0.0	58018608	0	0	0.005898125	1.458984375
v6	run3	ssm1	1	4	0.041603375	0.041066458	0.0	58018608	0	0	0.005864958	1.458984375
v6	run3	ssm1	1	5	0.041468417	0.040932333	0.0	58018608	0	0	0.005947416	1.458984375
v6	run3	ssm1	1	6	0.042767042	0.042219166	0.0	58018608	0	0	0.005915	1.458984375
v6	run3	ssm1	1	7	0.041409792	0.040871833	0.0	58018608	0	0	0.005943875	1.458984375
v6	run3	ssm1	1	8	0.041469917	0.04092525	0.0	58018608	0	0	0.005947709	1.458984375
v6	run3	ssm1	1	9	0.041238333	0.040711833	0.0	58018608	0	0	0.005930459	1.458984375
v6	run3	ssm1	1	10	0.041378417	0.040836333	0.0	58018608	0	0	0.005887958	1.458984375
v6	run3	ssm1	1	11	0.041571708	0.04102425	0.0	58018608	0	0	0.005897	1.458984375
FULLT	run3	ssm1	-1	0	1.290696144104004	0	0	0	0	0	0	0
FULLT	run3	ssm1	0	0	9.213742166	9.210615042	0.229031001	2612845904	10	1	0.005895542	1.421875
FULLT	run3	ssm1	1	1	0.055558833	0.053557625	0.0	63913536	0	0	0.005965459	1.43017578125
FULLT	run3	ssm1	1	2	0.055184125	0.053265333	0.0	63913536	0	0	0.005895125	1.43017578125
FULLT	run3	ssm1	1	3	0.054913458	0.052952	0.0	63913536	0	0	0.005891959	1.43017578125
FULLT	run3	ssm1	1	4	0.054983208	0.053047417	0.0	63913536	0	0	0.005868583	1.43017578125
FULLT	run3	ssm1	1	5	0.055151459	0.053163459	0.0	63913536	0	0	0.00598525	1.43017578125
FULLT	run3	ssm1	1	6	0.054993833	0.053048583	0.0	63913536	0	0	0.005946042	1.43017578125
FULLT	run3	ssm1	1	7	0.055051541	0.05306475	0.0	63913536	0	0	0.005901208	1.43017578125
FULLT	run3	ssm1	1	8	0.054923375	0.05293775	0.0	63913536	0	0	0.005930792	1.43017578125
FULLT	run3	ssm1	1	9	0.054644208	0.052682292	0.0	63913536	0	0	0.005921791	1.43017578125
FULLT	run3	ssm1	1	10	0.054870416	0.052912416	0.0	63913536	0	0	0.005938666	1.43017578125
FULLT	run3	ssm1	1	11	0.055043083	0.053065416	0.0	63913536	0	0	0.005894791	1.43017578125
F	run3	ssm1	-1	0	1.2989208698272705	0	0	0	0	0	0	0
F	run3	ssm1	0	0	9.367664625	9.365993458	0.260761417	2802250864	10	1	0.005979792	1.517578125
F	run3	ssm1	1	1	0.035276166	0.034727541	0.0	53134208	0	0	0.005886042	1.4375
F	run3	ssm1	1	2	0.035214208	0.034664792	0.0	53134208	0	0	0.005890459	1.4375
F	run3	ssm1	1	3	0.035222333	0.03469425	0.0	53134208	0	0	0.005968625	1.4375
F	run3	ssm1	1	4	0.03531125	0.034764583	0.0	53134208	0	0	0.005928333	1.4375
F	run3	ssm1	1	5	0.035462875	0.034921417	0.0	53134208	0	0	0.005977083	1.4375
F	run3	ssm1	1	6	0.03538175	0.034848125	0.0	53134208	0	0	0.005930666	1.4375
F	run3	ssm1	1	7	0.03507775	0.034531	0.0	53134208	0	0	0.005975791	1.4375
F	run3	ssm1	1	8	0.035270458	0.034750291	0.0	53134208	0	0	0.00584825	1.4375
F	run3	ssm1	1	9	0.03487075	0.034343084	0.0	53134208	0	0	0.005936958	1.4375
F	run3	ssm1	1	10	0.035536917	0.034989291	0.0	53134208	0	0	0.005979708	1.4375
F	run3	ssm1	1	11	0.035252292	0.034729458	0.0	53134208	0	0	0.005970583	1.4375
FULLT	run4	ssm1	-1	0	1.2973380088806152	0	0	0	0	0	0	0
FULLT	run4	ssm1	0	0	9.233340375	9.230281917	0.245838166	2612835664	9	1	0.005970791	1.40234375
FULLT	run4	ssm1	1	1	0.055689291	0.053759958	0.0	63913536	0	0	0.005933209	1.42041015625
FULLT	run4	ssm1	1	2	0.056214167	0.054227625	0.0	63913536	0	0	0.005944042	1.42041015625
FULLT	run4	ssm1	1	3	0.055766666	0.053790583	0.0	63913536	0	0	0.005925791	1.42041015625
FULLT	run4	ssm1	1	4	0.056213291	0.054241	0.0	63913536	0	0	0.005885667	1.42041015625
FULLT	run4	ssm1	1	5	0.055890417	0.05393475	0.0	63913536	0	0	0.005892333	1.42041015625
FULLT	run4	ssm1	1	6	0.056096084	0.054130833	0.0	63913536	0	0	0.005864667	1.42041015625
FULLT	run4	ssm1	1	7	0.0559275	0.0539425	0.0	63913536	0	0	0.005874917	1.38671875
FULLT	run4	ssm1	1	8	0.055922958	0.053974334	0.0	63913536	0	0	0.005971458	1.38671875
FULLT	run4	ssm1	1	9	0.055823375	0.05385675	0.0	63913536	0	0	0.005942541	1.38671875
FULLT	run4	ssm1	1	10	0.055996125	0.054051625	0.0	63913536	0	0	0.0058865	1.38671875
FULLT	run4	ssm1	1	11	0.055790833	0.053837667	0.0	63913536	0	0	0.005920042	1.38671875
F	run4	ssm1	-1	0	1.296424150466919	0	0	0	0	0	0	0
F	run4	ssm1	0	0	9.399196334	9.397542542	0.258527372	2802270448	10	1	0.0059695	1.35546875
F	run4	ssm1	1	1	0.036916875	0.036398	0.0	53134208	0	0	0.005897625	1.30029296875
F	run4	ssm1	1	2	0.037231833	0.036698875	0.0	53134208	0	0	0.005930417	1.30029296875
F	run4	ssm1	1	3	0.037492333	0.036937333	0.0	53134208	0	0	0.005974708	1.30029296875
F	run4	ssm1	1	4	0.036864125	0.036348667	0.0	53134208	0	0	0.005943833	1.30029296875
F	run4	ssm1	1	5	0.036716417	0.036176625	0.0	53134208	0	0	0.005942792	1.30029296875
F	run4	ssm1	1	6	0.036995375	0.036458875	0.0	53134208	0	0	0.005963375	1.30029296875
F	run4	ssm1	1	7	0.036790291	0.036255416	0.0	53134208	0	0	0.005965459	1.30029296875
F	run4	ssm1	1	8	0.037197958	0.036658833	0.0	53134208	0	0	0.005872583	1.30029296875
F	run4	ssm1	1	9	0.036800792	0.036258209	0.0	53134208	0	0	0.005968167	1.30029296875
F	run4	ssm1	1	10	0.0367975	0.036245375	0.0	53134208	0	0	0.005975166	1.30029296875
F	run4	ssm1	1	11	0.036811334	0.036279875	0.0	53134208	0	0	0.005951167	1.30029296875
v6	run4	ssm1	-1	0	1.405060052871704	0	0	0	0	0	0	0
v6	run4	ssm1	0	0	7.901527166	7.900032709	0.20664	2172095504	8	1	0.005893041	1.25341796875
v6	run4	ssm1	1	1	0.041167	0.04062325	0.0	58018608	0	0	0.0059815	1.23291015625
v6	run4	ssm1	1	2	0.040918625	0.04039025	0.0	58018608	0	0	0.005929291	1.23291015625
v6	run4	ssm1	1	3	0.0409805	0.040439958	0.0	58018608	0	0	0.005869291	1.23291015625
v6	run4	ssm1	1	4	0.040798375	0.04026025	0.0	58018608	0	0	0.005938291	1.23291015625
v6	run4	ssm1	1	5	0.040962666	0.04042225	0.0	58018608	0	0	0.005916709	1.23291015625
v6	run4	ssm1	1	6	0.041113084	0.040582792	0.0	58018608	0	0	0.005938	1.23291015625
v6	run4	ssm1	1	7	0.041151375	0.040624458	0.0	58018608	0	0	0.005926459	1.23291015625
v6	run4	ssm1	1	8	0.041262083	0.040734625	0.0	58018608	0	0	0.005895416	1.23291015625
v6	run4	ssm1	1	9	0.040925416	0.040377791	0.0	58018608	0	0	0.005916708	1.23291015625
v6	run4	ssm1	1	10	0.0415245	0.040972792	0.0	58018608	0	0	0.005899625	1.23291015625
v6	run4	ssm1	1	11	0.040979	0.04044225	0.0	58018608	0	0	0.005946834	1.23291015625
F	run5	ssm1	-1	0	1.2956228256225586	0	0	0	0	0	0	0
F	run5	ssm1	0	0	9.381583166	9.379964209	0.259941956	2802230112	10	1	0.006004125	1.1962890625
F	run5	ssm1	1	1	0.035221	0.034673333	0.0	53134208	0	0	0.005896	1.31298828125
F	run5	ssm1	1	2	0.035057541	0.034515083	0.0	53134208	0	0	0.00591975	1.31298828125
F	run5	ssm1	1	3	0.035486625	0.034938166	0.0	53134208	0	0	0.005939208	1.31298828125
F	run5	ssm1	1	4	0.036273875	0.035729292	0.0	53134208	0	0	0.005925834	1.31298828125
F	run5	ssm1	1	5	0.035554792	0.035005833	0.0	53134208	0	0	0.005958458	1.31298828125
F	run5	ssm1	1	6	0.035826875	0.035293416	0.0	53134208	0	0	0.005950709	1.31298828125
F	run5	ssm1	1	7	0.03518825	0.034647167	0.0	53134208	0	0	0.005930166	1.31298828125
F	run5	ssm1	1	8	0.035290708	0.03474925	0.0	53134208	0	0	0.005982667	1.31298828125
F	run5	ssm1	1	9	0.03497625	0.034442417	0.0	53134208	0	0	0.005905416	1.31298828125
F	run5	ssm1	1	10	0.035075084	0.034530875	0.0	53134208	0	0	0.005860125	1.31298828125
F	run5	ssm1	1	11	0.034961666	0.034414042	0.0	53134208	0	0	0.005954292	1.31298828125
v6	run5	ssm1	-1	0	1.4054219722747803	0	0	0	0	0	0	0
v6	run5	ssm1	0	0	7.897550416	7.896041541	0.205179835	2172096432	8	1	0.005874208	1.52783203125
v6	run5	ssm1	1	1	0.041697625	0.041164791	0.0	58018608	0	0	0.005903166	1.4462890625
v6	run5	ssm1	1	2	0.041835291	0.041298291	0.0	58018608	0	0	0.00583325	1.4462890625
v6	run5	ssm1	1	3	0.04202675	0.041485542	0.0	58018608	0	0	0.005929292	1.4462890625
v6	run5	ssm1	1	4	0.042042959	0.041518542	0.0	58018608	0	0	0.006046625	1.4462890625
v6	run5	ssm1	1	5	0.041886625	0.041348875	0.0	58018608	0	0	0.005958916	1.4462890625
v6	run5	ssm1	1	6	0.041922375	0.041316292	0.0	58018608	0	0	0.005979833	1.4462890625
v6	run5	ssm1	1	7	0.041965042	0.04142575	0.0	58018608	0	0	0.005922917	1.4462890625
v6	run5	ssm1	1	8	0.041677583	0.041126958	0.0	58018608	0	0	0.00595275	1.4462890625
v6	run5	ssm1	1	9	0.041754125	0.041203792	0.0	58018608	0	0	0.005959667	1.4462890625
v6	run5	ssm1	1	10	0.041869708	0.041339167	0.0	58018608	0	0	0.005875459	1.4462890625
v6	run5	ssm1	1	11	0.041650125	0.041103625	0.0	58018608	0	0	0.005891166	1.4462890625
FULLT	run5	ssm1	-1	0	1.3001868724822998	0	0	0	0	0	0	0
FULLT	run5	ssm1	0	0	9.21688625	9.213826334	0.231137751	2612874064	10	1	0.005970125	1.45703125
FULLT	run5	ssm1	1	1	0.054898125	0.052944333	0.0	63913536	0	0	0.005980792	1.38671875
FULLT	run5	ssm1	1	2	0.05598125	0.053986375	0.0	63913536	0	0	0.0059345	1.38671875
FULLT	run5	ssm1	1	3	0.056156959	0.05418025	0.0	63913536	0	0	0.005936583	1.38671875
FULLT	run5	ssm1	1	4	0.056449208	0.054492458	0.0	63913536	0	0	0.005881208	1.38671875
FULLT	run5	ssm1	1	5	0.055995584	0.054055375	0.0	63913536	0	0	0.005971083	1.38671875
FULLT	run5	ssm1	1	6	0.056011625	0.054051834	0.0	63913536	0	0	0.005935209	1.38671875
FULLT	run5	ssm1	1	7	0.055692583	0.053730209	0.0	63913536	0	0	0.005982834	1.38671875
FULLT	run5	ssm1	1	8	0.055413667	0.053457875	0.0	63913536	0	0	0.005935042	1.38671875
FULLT	run5	ssm1	1	9	0.055509625	0.053567208	0.0	63913536	0	0	0.0059045	1.38671875
FULLT	run5	ssm1	1	10	0.055676209	0.053727917	0.0	63913536	0	0	0.005975625	1.38671875
FULLT	run5	ssm1	1	11	0.055535166	0.053568667	0.0	63913536	0	0	0.005934417	1.38671875
FULLT	run1	ssm2	-1	0	1.3014020919799805	0	0	0	0	0	0	0
FULLT	run1	ssm2	0	0	10.990918583	10.986713875	0.280410334	2805753536	9	1	0.005962709	1.35546875
FULLT	run1	ssm2	1	1	0.096034583	0.093094583	0.0	104833248	0	0	0.005918458	1.349609375
FULLT	run1	ssm2	1	2	0.096541333	0.093578584	0.0	104833248	0	0	0.005963917	1.349609375
FULLT	run1	ssm2	1	3	0.096092833	0.093176625	0.0	104833248	0	0	0.005904625	1.349609375
FULLT	run1	ssm2	1	4	0.096381292	0.093445584	0.0	104833248	0	0	0.005892375	1.349609375
FULLT	run1	ssm2	1	5	0.09668375	0.09372275	0.0	104833248	0	0	0.005894334	1.349609375
FULLT	run1	ssm2	1	6	0.095697667	0.092735042	0.0	104833248	0	0	0.005937708	1.349609375
FULLT	run1	ssm2	1	7	0.096731125	0.093798042	0.0	104833248	0	0	0.0059375	1.349609375
FULLT	run1	ssm2	1	8	0.096016875	0.093047875	0.0	104833248	0	0	0.005895875	1.349609375
FULLT	run1	ssm2	1	9	0.09574175	0.092814541	0.0	104833248	0	0	0.005933042	1.349609375
FULLT	run1	ssm2	1	10	0.096150666	0.09324275	0.0	104833248	0	0	0.005943625	1.349609375
FULLT	run1	ssm2	1	11	0.096398292	0.09346325	0.0	104833248	0	0	0.005956583	1.349609375
F	run1	ssm2	-1	0	1.2965400218963623	0	0	0	0	0	0	0
F	run1	ssm2	0	0	11.061963125	11.059809958	0.287760209	3006341408	8	1	0.005925958	1.29541015625
F	run1	ssm2	1	1	0.065075292	0.064239417	0.0	88842880	0	0	0.005939625	1.24951171875
F	run1	ssm2	1	2	0.065571917	0.064731125	0.0	88842880	0	0	0.005934875	1.24951171875
F	run1	ssm2	1	3	0.065995375	0.065172083	0.0	88842880	0	0	0.005864333	1.24951171875
F	run1	ssm2	1	4	0.06586675	0.065046	0.0	88842880	0	0	0.005934958	1.24951171875
F	run1	ssm2	1	5	0.06523725	0.064407708	0.0	88842880	0	0	0.005904209	1.24951171875
F	run1	ssm2	1	6	0.065941125	0.065099042	0.0	88842880	0	0	0.005930625	1.24951171875
F	run1	ssm2	1	7	0.06515775	0.06432725	0.0	88842880	0	0	0.005984	1.24951171875
F	run1	ssm2	1	8	0.065568208	0.064734833	0.0	88842880	0	0	0.005851	1.24951171875
F	run1	ssm2	1	9	0.066192958	0.065357708	0.0	88842880	0	0	0.00591825	1.24951171875
F	run1	ssm2	1	10	0.065288167	0.064448833	0.0	88842880	0	0	0.005939917	1.24951171875
F	run1	ssm2	1	11	0.065357833	0.064515042	0.0	88842880	0	0	0.005979459	1.24951171875
v6	run1	ssm2	-1	0	1.4071440696716309	0	0	0	0	0	0	0
v6	run1	ssm2	0	0	8.9744185	8.972708334	0.229465667	2371095056	8	1	0.005955375	1.291015625
v6	run1	ssm2	1	1	0.077445625	0.07681975	0.0	94319312	0	0	0.005969458	1.326171875
v6	run1	ssm2	1	2	0.077253667	0.076626084	0.0	94319312	0	0	0.005956875	1.326171875
v6	run1	ssm2	1	3	0.077250416	0.076614208	0.0	94319312	0	0	0.005969542	1.326171875
v6	run1	ssm2	1	4	0.077034125	0.076426625	0.0	94319312	0	0	0.005938625	1.326171875
v6	run1	ssm2	1	5	0.077683	0.07706975	0.0	94319312	0	0	0.005943709	1.326171875
v6	run1	ssm2	1	6	0.076766292	0.076153792	0.0	94319312	0	0	0.0059335	1.326171875
v6	run1	ssm2	1	7	0.07748	0.076865542	0.0	94319312	0	0	0.005907917	1.326171875
v6	run1	ssm2	1	8	0.077660334	0.077044292	0.0	94319312	0	0	0.005952875	1.326171875
v6	run1	ssm2	1	9	0.076878292	0.076254875	0.0	94319312	0	0	0.005979625	1.326171875
v6	run1	ssm2	1	10	0.077780583	0.077141417	0.0	94319312	0	0	0.00594	1.326171875
v6	run1	ssm2	1	11	0.076568083	0.075942166	0.0	94319312	0	0	0.005877	1.326171875
F	run2	ssm2	-1	0	1.2969250679016113	0	0	0	0	0	0	0
F	run2	ssm2	0	0	11.076863625	11.07465225	0.291999834	3006323760	8	1	0.005971	1.275390625
F	run2	ssm2	1	1	0.065219083	0.064367166	0.0	88842880	0	0	0.005926167	1.232421875
F	run2	ssm2	1	2	0.065596667	0.06474725	0.0	88842880	0	0	0.005955917	1.232421875
F	run2	ssm2	1	3	0.065572416	0.064712625	0.0	88842880	0	0	0.005966584	1.232421875
F	run2	ssm2	1	4	0.064792084	0.063970333	0.0	88842880	0	0	0.005988541	1.232421875
F	run2	ssm2	1	5	0.06477825	0.063971208	0.0	88842880	0	0	0.005908083	1.232421875
F	run2	ssm2	1	6	0.06558725	0.06475475	0.0	88842880	0	0	0.005956541	1.232421875
F	run2	ssm2	1	7	0.064859416	0.06403825	0.0	88842880	0	0	0.00590175	1.232421875
F	run2	ssm2	1	8	0.06449375	0.063679167	0.0	88842880	0	0	0.005956625	1.232421875
F	run2	ssm2	1	9	0.06516675	0.06432475	0.0	88842880	0	0	0.005973709	1.232421875
F	run2	ssm2	1	10	0.064716542	0.063892583	0.0	88842880	0	0	0.005870583	1.232421875
F	run2	ssm2	1	11	0.065000542	0.0641775	0.0	88842880	0	0	0.005941625	1.232421875
v6	run2	ssm2	-1	0	1.4057209491729736	0	0	0	0	0	0	0
v6	run2	ssm2	0	0	8.975186084	8.973468666	0.228670374	2371103888	8	1	0.005984625	1.34326171875
v6	run2	ssm2	1	1	0.077208042	0.076592292	0.0	94319312	0	0	0.005931166	1.2900390625
v6	run2	ssm2	1	2	0.076710334	0.076103958	0.0	94319312	0	0	0.005905125	1.2900390625
v6	run2	ssm2	1	3	0.076713625	0.076089917	0.0	94319312	0	0	0.005947875	1.2900390625
v6	run2	ssm2	1	4	0.0768225	0.076193375	0.0	94319312	0	0	0.005956209	1.2900390625
v6	run2	ssm2	1	5	0.076664292	0.076034625	0.0	94319312	0	0	0.005921292	1.2900390625
v6	run2	ssm2	1	6	0.076475959	0.075869583	0.0	94319312	0	0	0.005868458	1.2900390625
v6	run2	ssm2	1	7	0.076671833	0.076045333	0.0	94319312	0	0	0.005932917	1.2900390625
v6	run2	ssm2	1	8	0.077286833	0.0766645	0.0	94319312	0	0	0.005933834	1.2900390625
v6	run2	ssm2	1	9	0.076844416	0.076233959	0.0	94319312	0	0	0.005951208	1.2900390625
v6	run2	ssm2	1	10	0.076233959	0.075624875	0.0	94319312	0	0	0.005927708	1.2900390625
v6	run2	ssm2	1	11	0.076494959	0.075868458	0.0	94319312	0	0	0.0058925	1.2900390625
FULLT	run2	ssm2	-1	0	1.2950439453125	0	0	0	0	0	0	0
FULLT	run2	ssm2	0	0	10.961279416	10.957077667	0.280245707	2805767040	9	1	0.005922083	1.2451171875
FULLT	run2	ssm2	1	1	0.095284334	0.092351	0.0	104833248	0	0	0.005977709	1.20703125
FULLT	run2	ssm2	1	2	0.095164708	0.092210541	0.0	104833248	0	0	0.005928042	1.20703125
FULLT	run2	ssm2	1	3	0.095177583	0.092250959	0.0	104833248	0	0	0.005835083	1.20703125
FULLT	run2	ssm2	1	4	0.095275708	0.09236525	0.0	104833248	0	0	0.005889958	1.20703125
FULLT	run2	ssm2	1	5	0.095969333	0.09301375	0.0	104833248	0	0	0.005930084	1.20703125
FULLT	run2	ssm2	1	6	0.095243875	0.092319875	0.0	104833248	0	0	0.005830708	1.20703125
FULLT	run2	ssm2	1	7	0.094953042	0.092015458	0.0	104833248	0	0	0.005854792	1.20703125
FULLT	run2	ssm2	1	8	0.095302084	0.092329167	0.0	104833248	0	0	0.005925458	1.20703125
FULLT	run2	ssm2	1	9	0.094732167	0.091797167	0.0	104833248	0	0	0.00589175	1.20703125
FULLT	run2	ssm2	1	10	0.095875083	0.092921667	0.0	104833248	0	0	0.005934875	1.20703125
FULLT	run2	ssm2	1	11	0.094886333	0.091950709	0.0	104833248	0	0	0.005893917	1.20703125
v6	run3	ssm2	-1	0	1.4017961025238037	0	0	0	0	0	0	0
v6	run3	ssm2	0	0	8.983320625	8.981592917	0.230005957	2371051504	8	1	0.005953125	1.1748046875
v6	run3	ssm2	1	1	0.077366792	0.076763041	0.0	94319312	0	0	0.005944334	1.1474609375
v6	run3	ssm2	1	2	0.076997625	0.076380458	0.0	94319312	0	0	0.005951958	1.1474609375
v6	run3	ssm2	1	3	0.077235708	0.076624792	0.0	94319312	0	0	0.005945167	1.1474609375
v6	run3	ssm2	1	4	0.076644042	0.076040041	0.0	94319312	0	0	0.005931208	1.1474609375
v6	run3	ssm2	1	5	0.076566542	0.075959375	0.0	94319312	0	0	0.005956208	1.1474609375
v6	run3	ssm2	1	6	0.077253833	0.076647208	0.0	94319312	0	0	0.005912625	1.1474609375
v6	run3	ssm2	1	7	0.076756125	0.076147459	0.0	94319312	0	0	0.005962958	1.1474609375
v6	run3	ssm2	1	8	0.076461917	0.075833333	0.0	94319312	0	0	0.00586275	1.1474609375
v6	run3	ssm2	1	9	0.076275167	0.075653125	0.0	94319312	0	0	0.005891916	1.1474609375
v6	run3	ssm2	1	10	0.076874084	0.076266625	0.0	94319312	0	0	0.005965458	1.1474609375
v6	run3	ssm2	1	11	0.07684075	0.076223416	0.0	94319312	0	0	0.005907042	1.1474609375
FULLT	run3	ssm2	-1	0	1.3179550170898438	0	0	0	0	0	0	0
FULLT	run3	ssm2	0	0	11.022933625	11.018734416	0.280992083	2805762096	9	1	0.005933	1.1240234375
FULLT	run3	ssm2	1	1	0.096275333	0.093385041	0.0	104833248	0	0	0.005970125	1.1845703125
FULLT	run3	ssm2	1	2	0.096437959	0.093452125	0.0	104833248	0	0	0.005955667	1.1845703125
FULLT	run3	ssm2	1	3	0.096012042	0.093120834	0.0	104833248	0	0	0.005954041	1.1845703125
FULLT	run3	ssm2	1	4	0.095840042	0.092941167	0.0	104833248	0	0	0.005909084	1.1845703125
FULLT	run3	ssm2	1	5	0.096380875	0.093426458	0.0	104833248	0	0	0.005951792	1.1845703125
FULLT	run3	ssm2	1	6	0.095928208	0.092973625	0.0	104833248	0	0	0.005979041	1.1845703125
FULLT	run3	ssm2	1	7	0.095828208	0.092886625	0.0	104833248	0	0	0.005985584	1.1845703125
FULLT	run3	ssm2	1	8	0.096053375	0.093157917	0.0	104833248	0	0	0.005901208	1.1845703125
FULLT	run3	ssm2	1	9	0.095820834	0.092933708	0.0	104833248	0	0	0.005925542	1.1845703125
FULLT	run3	ssm2	1	10	0.095945292	0.093001792	0.0	104833248	0	0	0.005938334	1.1845703125
FULLT	run3	ssm2	1	11	0.09601625	0.09307725	0.0	104833248	0	0	0.005969417	1.24951171875
F	run3	ssm2	-1	0	1.301988124847412	0	0	0	0	0	0	0
F	run3	ssm2	0	0	11.087471125	11.085305625	0.289739334	3006382912	8	1	0.005970708	1.2294921875
F	run3	ssm2	1	1	0.065525	0.06468325	0.0	88842880	0	0	0.005969042	1.3994140625
F	run3	ssm2	1	2	0.066843791	0.06600925	0.0	88842880	0	0	0.005981458	1.3994140625
F	run3	ssm2	1	3	0.066522	0.065685208	0.0	88842880	0	0	0.005896958	1.3994140625
F	run3	ssm2	1	4	0.065474709	0.064650083	0.0	88842880	0	0	0.005895	1.3994140625
F	run3	ssm2	1	5	0.066049	0.065215709	0.0	88842880	0	0	0.005896458	1.3994140625
F	run3	ssm2	1	6	0.065751792	0.064914084	0.0	88842880	0	0	0.0059715	1.3994140625
F	run3	ssm2	1	7	0.065714291	0.064878625	0.0	88842880	0	0	0.00595025	1.3994140625
F	run3	ssm2	1	8	0.065469709	0.064658209	0.0	88842880	0	0	0.005940208	1.3994140625
F	run3	ssm2	1	9	0.065557208	0.0647345	0.0	88842880	0	0	0.005979208	1.3994140625
F	run3	ssm2	1	10	0.06557325	0.064740959	0.0	88842880	0	0	0.005957209	1.3994140625
F	run3	ssm2	1	11	0.066248791	0.065417083	0.0	88842880	0	0	0.005943625	1.3994140625
FULLT	run4	ssm2	-1	0	1.2946460247039795	0	0	0	0	0	0	0
FULLT	run4	ssm2	0	0	11.0141915	11.010005333	0.279175331	2805757984	9	1	0.005895541	1.3671875
FULLT	run4	ssm2	1	1	0.095935833	0.0929615	0.0	104833248	0	0	0.005859917	1.43310546875
FULLT	run4	ssm2	1	2	0.096249333	0.093306833	0.0	104833248	0	0	0.005929542	1.43310546875
FULLT	run4	ssm2	1	3	0.095768375	0.092824916	0.0	104833248	0	0	0.005935625	1.43310546875
FULLT	run4	ssm2	1	4	0.096317875	0.093406958	0.0	104833248	0	0	0.005887791	1.43310546875
FULLT	run4	ssm2	1	5	0.095533	0.092593292	0.0	104833248	0	0	0.005940334	1.43310546875
FULLT	run4	ssm2	1	6	0.095509959	0.092588166	0.0	104833248	0	0	0.005916833	1.43310546875
FULLT	run4	ssm2	1	7	0.096121667	0.093148208	0.0	104833248	0	0	0.005932083	1.43310546875
FULLT	run4	ssm2	1	8	0.095828416	0.092909333	0.0	104833248	0	0	0.005973875	1.43310546875
FULLT	run4	ssm2	1	9	0.095313583	0.092365334	0.0	104833248	0	0	0.00584125	1.43310546875
FULLT	run4	ssm2	1	10	0.095681666	0.092741875	0.0	104833248	0	0	0.00595775	1.43310546875
FULLT	run4	ssm2	1	11	0.095451041	0.092525917	0.0	104833248	0	0	0.005930667	1.43310546875
F	run4	ssm2	-1	0	1.30330491065979	0	0	0	0	0	0	0
F	run4	ssm2	0	0	11.078251625	11.076144125	0.289158542	3006347152	8	1	0.005917209	1.44580078125
F	run4	ssm2	1	1	0.065188542	0.064354083	0.0	88842880	0	0	0.005865208	1.37646484375
F	run4	ssm2	1	2	0.065026708	0.064180083	0.0	88842880	0	0	0.0058315	1.37646484375
F	run4	ssm2	1	3	0.065770292	0.064959375	0.0	88842880	0	0	0.005859333	1.37646484375
F	run4	ssm2	1	4	0.0650675	0.064235666	0.0	88842880	0	0	0.005891833	1.37646484375
F	run4	ssm2	1	5	0.065585417	0.064728292	0.0	88842880	0	0	0.005971792	1.37646484375
F	run4	ssm2	1	6	0.065306209	0.064456792	0.0	88842880	0	0	0.0059405	1.37646484375
F	run4	ssm2	1	7	0.0646815	0.06384725	0.0	88842880	0	0	0.005918208	1.37646484375
F	run4	ssm2	1	8	0.064562708	0.063714166	0.0	88842880	0	0	0.005953542	1.37646484375
F	run4	ssm2	1	9	0.06487275	0.064026083	0.0	88842880	0	0	0.005924125	1.37646484375
F	run4	ssm2	1	10	0.065377	0.0645275	0.0	88842880	0	0	0.005915084	1.37646484375
F	run4	ssm2	1	11	0.064968417	0.064132041	0.0	88842880	0	0	0.005920209	1.37646484375
v6	run4	ssm2	-1	0	1.4062480926513672	0	0	0	0	0	0	0
v6	run4	ssm2	0	0	8.973007417	8.97134325	0.228259999	2371107504	8	1	0.005902792	1.318359375
v6	run4	ssm2	1	1	0.077151542	0.076520708	0.0	94319312	0	0	0.006271833	1.26904296875
v6	run4	ssm2	1	2	0.076638084	0.076024708	0.0	94319312	0	0	0.006038959	1.26904296875
v6	run4	ssm2	1	3	0.076519167	0.075910917	0.0	94319312	0	0	0.005933459	1.26904296875
v6	run4	ssm2	1	4	0.077230042	0.07660775	0.0	94319312	0	0	0.005938166	1.26904296875
v6	run4	ssm2	1	5	0.076942875	0.076315375	0.0	94319312	0	0	0.005958167	1.26904296875
v6	run4	ssm2	1	6	0.076405541	0.075805125	0.0	94319312	0	0	0.006161792	1.26904296875
v6	run4	ssm2	1	7	0.076598834	0.076000625	0.0	94319312	0	0	0.005965458	1.26904296875
v6	run4	ssm2	1	8	0.076607584	0.07598975	0.0	94319312	0	0	0.005900875	1.26904296875
v6	run4	ssm2	1	9	0.076741583	0.076128708	0.0	94319312	0	0	0.005857083	1.26904296875
v6	run4	ssm2	1	10	0.076600167	0.075972542	0.0	94319312	0	0	0.005897917	1.26904296875
v6	run4	ssm2	1	11	0.076502458	0.075888291	0.0	94319312	0	0	0.006096375	1.26904296875
F	run5	ssm2	-1	0	1.2979071140289307	0	0	0	0	0	0	0
F	run5	ssm2	0	0	11.072527417	11.070382167	0.288396542	3006333024	8	1	0.005977542	1.22705078125
F	run5	ssm2	1	1	0.065079334	0.064241584	0.0	88842880	0	0	0.005918167	1.19140625
F	run5	ssm2	1	2	0.064857917	0.064038708	0.0	88842880	0	0	0.005962583	1.19140625
F	run5	ssm2	1	3	0.065489333	0.064645084	0.0	88842880	0	0	0.005947334	1.19140625
F	run5	ssm2	1	4	0.065693792	0.064839084	0.0	88842880	0	0	0.005964625	1.19140625
F	run5	ssm2	1	5	0.064982583	0.064123708	0.0	88842880	0	0	0.005898208	1.19140625
F	run5	ssm2	1	6	0.065357417	0.064515291	0.0	88842880	0	0	0.005950708	1.19140625
F	run5	ssm2	1	7	0.064998709	0.064150959	0.0	88842880	0	0	0.005974292	1.19140625
F	run5	ssm2	1	8	0.065783959	0.064923167	0.0	88842880	0	0	0.005903542	1.19140625
F	run5	ssm2	1	9	0.064879583	0.064042375	0.0	88842880	0	0	0.005921208	1.19140625
F	run5	ssm2	1	10	0.065492625	0.064666167	0.0	88842880	0	0	0.005961875	1.19140625
F	run5	ssm2	1	11	0.064722292	0.063893333	0.0	88842880	0	0	0.005968542	1.19140625
v6	run5	ssm2	-1	0	1.3960278034210205	0	0	0	0	0	0	0
v6	run5	ssm2	0	0	8.975399	8.973553083	0.229844333	2371115056	8	1	0.005974917	1.16162109375
v6	run5	ssm2	1	1	0.081888375	0.081260458	0.0	94319312	0	0	0.005907167	1.13623046875
v6	run5	ssm2	1	2	0.077280041	0.076655791	0.0	94319312	0	0	0.005951416	1.13623046875
v6	run5	ssm2	1	3	0.077575	0.076962167	0.0	94319312	0	0	0.005924	1.13623046875
v6	run5	ssm2	1	4	0.076935959	0.076334416	0.0	94319312	0	0	0.005930125	1.13623046875
v6	run5	ssm2	1	5	0.077760458	0.0771545	0.0	94319312	0	0	0.005969958	1.13623046875
v6	run5	ssm2	1	6	0.077129416	0.076520333	0.0	94319312	0	0	0.005903834	1.13623046875
v6	run5	ssm2	1	7	0.076501083	0.075881541	0.0	94319312	0	0	0.005900167	1.13623046875
v6	run5	ssm2	1	8	0.078118667	0.077510583	0.0	94319312	0	0	0.005874542	1.13623046875
v6	run5	ssm2	1	9	0.07726925	0.076665708	0.0	94319312	0	0	0.005867917	1.13623046875
v6	run5	ssm2	1	10	0.077130166	0.076519584	0.0	94319312	0	0	0.005943583	1.13623046875
v6	run5	ssm2	1	11	0.077455666	0.076852167	0.0	94319312	0	0	0.005936458	1.13623046875
FULLT	run5	ssm2	-1	0	1.2971429824829102	0	0	0	0	0	0	0
FULLT	run5	ssm2	0	0	10.969809583	10.965656541	0.278573543	2805431488	9	1	0.005972208	1.11474609375
FULLT	run5	ssm2	1	1	0.096587208	0.093648083	0.0	104833248	0	0	0.005867084	1.0966796875
FULLT	run5	ssm2	1	2	0.095880459	0.092953875	0.0	104833248	0	0	0.005888583	1.0966796875
FULLT	run5	ssm2	1	3	0.097158125	0.094230167	0.0	104833248	0	0	0.005933	1.0966796875
FULLT	run5	ssm2	1	4	0.09615	0.093212667	0.0	104833248	0	0	0.005937416	1.0966796875
FULLT	run5	ssm2	1	5	0.096318917	0.093384333	0.0	104833248	0	0	0.005956375	1.0966796875
FULLT	run5	ssm2	1	6	0.09604975	0.093104584	0.0	104833248	0	0	0.005906625	1.0966796875
FULLT	run5	ssm2	1	7	0.096237333	0.093295958	0.0	104833248	0	0	0.00591975	1.0966796875
FULLT	run5	ssm2	1	8	0.095817208	0.09286625	0.0	104833248	0	0	0.005893708	1.0966796875
FULLT	run5	ssm2	1	9	0.096318458	0.09338925	0.0	104833248	0	0	0.005956792	1.0966796875
FULLT	run5	ssm2	1	10	0.096168291	0.093266292	0.0	104833248	0	0	0.005913041	1.0966796875
FULLT	run5	ssm2	1	11	0.096043417	0.09309975	0.0	104833248	0	0	0.005915417	1.0966796875
FULLT	run1	iid	-1	0	1.290308952331543	0	0	0	0	0	0	0
FULLT	run1	iid	0	0	5.727384	5.726835542	0.148231582	1852867936	6	1	0.005950625	1.08154296875
FULLT	run1	iid	20	1	0.029162958	0.029148416	0.0	44062848	0	0	0.005976875	1.07470703125
FULLT	run1	iid	40	1	0.040429459	0.040418	0.0	62969824	0	0	0.005953291	1.07470703125
FULLT	run1	iid	20	2	0.029385209	0.029386375	0.0	44062848	0	0	0.005961375	1.07470703125
FULLT	run1	iid	40	2	0.040280125	0.040282	0.0	62969824	0	0	0.005914625	1.07470703125
FULLT	run1	iid	20	3	0.029073125	0.029074584	0.0	44062848	0	0	0.005894667	1.07470703125
FULLT	run1	iid	40	3	0.04045175	0.040453708	0.0	62969824	0	0	0.005948084	1.07470703125
FULLT	run1	iid	20	4	0.029033459	0.029024292	0.0	44062848	0	0	0.005975208	1.07470703125
FULLT	run1	iid	40	4	0.040336583	0.04032475	0.0	62969824	0	0	0.005912458	1.07470703125
FULLT	run1	iid	20	5	0.029091625	0.029092709	0.0	44062848	0	0	0.005929875	1.07470703125
FULLT	run1	iid	40	5	0.040623667	0.040625	0.0	62969824	0	0	0.005963625	1.07470703125
FULLT	run1	iid	20	6	0.02910875	0.029109875	0.0	44062848	0	0	0.005938833	1.07470703125
FULLT	run1	iid	40	6	0.040714875	0.040716084	0.0	62969824	0	0	0.005975458	1.07470703125
FULLT	run1	iid	20	7	0.029103459	0.0290915	0.0	44062848	0	0	0.005988375	1.07470703125
FULLT	run1	iid	40	7	0.040214125	0.040215625	0.0	62969824	0	0	0.005929208	1.07470703125
FULLT	run1	iid	20	8	0.028680667	0.028683167	0.0	44063136	0	0	0.005937208	1.07470703125
FULLT	run1	iid	40	8	0.040291125	0.040292917	0.0	62969824	0	0	0.005944167	1.07470703125
FULLT	run1	iid	20	9	0.029054458	0.029055416	0.0	44062848	0	0	0.005900875	1.07470703125
FULLT	run1	iid	40	9	0.040575584	0.040576541	0.0	62969824	0	0	0.005985209	1.07470703125
FULLT	run1	iid	20	10	0.029168292	0.029158917	0.0	44062848	0	0	0.005999416	1.068359375
FULLT	run1	iid	40	10	0.040370958	0.040371958	0.0	62969824	0	0	0.005941291	1.068359375
FULLT	run1	iid	20	11	0.0291855	0.029189459	0.0	44062848	0	0	0.005941	1.068359375
FULLT	run1	iid	40	11	0.040685916	0.040687292	0.0	62969824	0	0	0.005903334	1.068359375
F	run1	iid	-1	0	1.3062238693237305	0	0	0	0	0	0	0
F	run1	iid	0	0	6.007891583	6.007310834	0.19239325	2053008448	7	1	0.005908834	1.142578125
F	run1	iid	20	1	0.030497875	0.030486333	0.0	35704288	0	0	0.005916792	1.1201171875
F	run1	iid	40	1	0.030492333	0.030494041	0.0	50920736	0	0	0.005950834	1.1201171875
F	run1	iid	20	2	0.020488792	0.020489958	0.0	35218240	0	0	0.005941291	1.1201171875
F	run1	iid	40	2	0.030985583	0.030986333	0.0	50920736	0	0	0.005953708	1.1201171875
F	run1	iid	20	3	0.020637625	0.0206385	0.0	35218240	0	0	0.005950708	1.1201171875
F	run1	iid	40	3	0.030905833	0.030893541	0.0	50920736	0	0	0.005987875	1.1201171875
F	run1	iid	20	4	0.020614708	0.02061575	0.0	35218240	0	0	0.005921833	1.1201171875
F	run1	iid	40	4	0.031028833	0.031030167	0.0	50920736	0	0	0.005918458	1.1201171875
F	run1	iid	20	5	0.020499375	0.02050075	0.0	35218240	0	0	0.005864459	1.1201171875
F	run1	iid	40	5	0.030590292	0.030594292	0.0	50920736	0	0	0.005913083	1.1201171875
F	run1	iid	20	6	0.020437334	0.020433042	0.0	35218240	0	0	0.005900125	1.1201171875
F	run1	iid	40	6	0.030563375	0.030564625	0.0	50920736	0	0	0.005940042	1.1201171875
F	run1	iid	20	7	0.020392958	0.020394375	0.0	35218240	0	0	0.005902041	1.1201171875
F	run1	iid	40	7	0.030710292	0.030711542	0.0	50920736	0	0	0.005871375	1.1201171875
F	run1	iid	20	8	0.020524708	0.020526083	0.0	35218528	0	0	0.005992833	1.1201171875
F	run1	iid	40	8	0.030922084	0.030923291	0.0	50920736	0	0	0.005948	1.1201171875
F	run1	iid	20	9	0.020740958	0.020747625	0.0	35218240	0	0	0.005935792	1.1201171875
F	run1	iid	40	9	0.030349542	0.03035025	0.0	50920736	0	0	0.005892125	1.1201171875
F	run1	iid	20	10	0.020404292	0.02039475	0.0	35218240	0	0	0.005962084	1.1201171875
F	run1	iid	40	10	0.030699125	0.03070025	0.0	50920736	0	0	0.005893667	1.1201171875
F	run1	iid	20	11	0.020265875	0.020267792	0.0	35218240	0	0	0.005893875	1.1201171875
F	run1	iid	40	11	0.030362542	0.030364167	0.0	50920736	0	0	0.005896542	1.1201171875
v6	run1	iid	-1	0	1.4162399768829346	0	0	0	0	0	0	0
v6	run1	iid	0	0	4.997622209	4.997164291	0.110430749	1535093568	6	1	0.0059325	1.10107421875
v6	run1	iid	20	1	0.0228655	0.022867875	0.0	34735808	0	0	0.005915709	1.0927734375
v6	run1	iid	40	1	0.033843708	0.033845667	0.0	49180704	0	0	0.005897417	1.0927734375
v6	run1	iid	20	2	0.023003416	0.023005333	0.0	34735808	0	0	0.005895583	1.0927734375
v6	run1	iid	40	2	0.034266916	0.034268209	0.0	49180704	0	0	0.005964083	1.0927734375
v6	run1	iid	20	3	0.023015208	0.02301625	0.0	34735808	0	0	0.005989792	1.0927734375
v6	run1	iid	40	3	0.03389175	0.033892708	0.0	49180704	0	0	0.005886833	1.0927734375
v6	run1	iid	20	4	0.022885459	0.022887	0.0	34735808	0	0	0.0059505	1.0927734375
v6	run1	iid	40	4	0.033862709	0.033865042	0.0	49180704	0	0	0.005929208	1.0927734375
v6	run1	iid	20	5	0.022995208	0.022996459	0.0	34735808	0	0	0.005926458	1.0927734375
v6	run1	iid	40	5	0.033228292	0.033216417	0.0	49180704	0	0	0.005983	1.0927734375
v6	run1	iid	20	6	0.022839791	0.022843875	0.0	34735808	0	0	0.00596575	1.0927734375
v6	run1	iid	40	6	0.033971625	0.03397325	0.0	49180704	0	0	0.005927042	1.0927734375
v6	run1	iid	20	7	0.022860083	0.022860958	0.0	34735808	0	0	0.005918833	1.0927734375
v6	run1	iid	40	7	0.033054625	0.033043666	0.0	49180704	0	0	0.005922834	1.0927734375
v6	run1	iid	20	8	0.022710208	0.022711459	0.0	34735808	0	0	0.005969	1.0927734375
v6	run1	iid	40	8	0.033876959	0.033877917	0.0	49180704	0	0	0.005930917	1.0927734375
v6	run1	iid	20	9	0.022839125	0.02284025	0.0	34735808	0	0	0.005933292	1.0927734375
v6	run1	iid	40	9	0.033632458	0.033624833	0.0	49180704	0	0	0.006141	1.0927734375
v6	run1	iid	20	10	0.02309975	0.023101125	0.0	34735808	0	0	0.005984042	1.0927734375
v6	run1	iid	40	10	0.033592459	0.033593709	0.0	49180704	0	0	0.005989042	1.0927734375
v6	run1	iid	20	11	0.022708042	0.02271	0.0	34735808	0	0	0.0058965	1.0927734375
v6	run1	iid	40	11	0.033130792	0.0331325	0.0	49180704	0	0	0.005869041	1.0927734375
F	run2	iid	-1	0	1.2969880104064941	0	0	0	0	0	0	0
F	run2	iid	0	0	5.997874083	5.997297959	0.191264375	2052992928	7	1	0.005991208	1.078125
F	run2	iid	20	1	0.030389834	0.030391292	0.0	35704288	0	0	0.005965958	1.15185546875
F	run2	iid	40	1	0.030348958	0.030350041	0.0	50920736	0	0	0.00597	1.15185546875
F	run2	iid	20	2	0.020390542	0.020392209	0.0	35218240	0	0	0.00590325	1.15185546875
F	run2	iid	40	2	0.030363042	0.030364458	0.0	50920736	0	0	0.005923958	1.15185546875
F	run2	iid	20	3	0.020558583	0.020546083	0.0	35218240	0	0	0.005974083	1.15185546875
F	run2	iid	40	3	0.030530292	0.030531666	0.0	50920736	0	0	0.005918541	1.15185546875
F	run2	iid	20	4	0.020289333	0.020291083	0.0	35218240	0	0	0.00592825	1.15185546875
F	run2	iid	40	4	0.029598083	0.0295995	0.0	50920736	0	0	0.005859791	1.15185546875
F	run2	iid	20	5	0.020385458	0.020386625	0.0	35218240	0	0	0.005935084	1.15185546875
F	run2	iid	40	5	0.030467375	0.03046925	0.0	50920736	0	0	0.005867417	1.15185546875
F	run2	iid	20	6	0.020372459	0.020360416	0.0	35218240	0	0	0.005945625	1.15185546875
F	run2	iid	40	6	0.030129375	0.030131042	0.0	50920736	0	0	0.005890584	1.15185546875
F	run2	iid	20	7	0.02034375	0.020345167	0.0	35218240	0	0	0.005894042	1.15185546875
F	run2	iid	40	7	0.03007	0.030072	0.0	50920736	0	0	0.005904041	1.15185546875
F	run2	iid	20	8	0.020384417	0.020385583	0.0	35218528	0	0	0.005944167	1.1396484375
F	run2	iid	40	8	0.0302635	0.030254459	0.0	50920736	0	0	0.005969333	1.1396484375
F	run2	iid	20	9	0.020248959	0.020250125	0.0	35218240	0	0	0.005905125	1.1396484375
F	run2	iid	40	9	0.030722041	0.030723	0.0	50920736	0	0	0.005932459	1.1396484375
F	run2	iid	20	10	0.02005625	0.020057041	0.0	35218240	0	0	0.005867333	1.1396484375
F	run2	iid	40	10	0.030170125	0.030160042	0.0	50920736	0	0	0.005929416	1.1396484375
F	run2	iid	20	11	0.020429125	0.020430083	0.0	35218240	0	0	0.005994583	1.1396484375
F	run2	iid	40	11	0.030507541	0.0305085	0.0	50920736	0	0	0.005968958	1.1396484375
v6	run2	iid	-1	0	1.4007630348205566	0	0	0	0	0	0	0
v6	run2	iid	0	0	5.012199583	5.011726083	0.11137925	1535078560	6	1	0.005952542	1.12841796875
v6	run2	iid	20	1	0.02315625	0.0231605	0.0	34735808	0	0	0.005955083	1.11767578125
v6	run2	iid	40	1	0.03423575	0.03423725	0.0	49180704	0	0	0.005932125	1.11767578125
v6	run2	iid	20	2	0.023166792	0.023168167	0.0	34735808	0	0	0.005974125	1.11767578125
v6	run2	iid	40	2	0.0338405	0.033842458	0.0	49180704	0	0	0.005921042	1.10791015625
v6	run2	iid	20	3	0.02309475	0.023082375	0.0	34735808	0	0	0.00598125	1.10791015625
v6	run2	iid	40	3	0.034399792	0.03440125	0.0	49180704	0	0	0.005942	1.10791015625
v6	run2	iid	20	4	0.022932584	0.022934084	0.0	34735808	0	0	0.005922291	1.10791015625
v6	run2	iid	40	4	0.033946375	0.033948167	0.0	49180704	0	0	0.005863042	1.10791015625
v6	run2	iid	20	5	0.023195125	0.023196667	0.0	34735808	0	0	0.005966459	1.10791015625
v6	run2	iid	40	5	0.033838292	0.033826375	0.0	49180704	0	0	0.00595575	1.10791015625
v6	run2	iid	20	6	0.023143875	0.023144917	0.0	34735808	0	0	0.005951458	1.10791015625
v6	run2	iid	40	6	0.033627	0.033629792	0.0	49180704	0	0	0.005874208	1.10791015625
v6	run2	iid	20	7	0.0229085	0.022896417	0.0	34735808	0	0	0.005935334	1.10791015625
v6	run2	iid	40	7	0.033926333	0.033928708	0.0	49180704	0	0	0.00596925	1.10791015625
v6	run2	iid	20	8	0.02294425	0.022945875	0.0	34735808	0	0	0.005903459	1.10791015625
v6	run2	iid	40	8	0.03391825	0.033919417	0.0	49180704	0	0	0.005901708	1.10791015625
v6	run2	iid	20	9	0.023092125	0.023093834	0.0	34735808	0	0	0.005873709	1.10791015625
v6	run2	iid	40	9	0.0341435	0.034144666	0.0	49180704	0	0	0.005976	1.10791015625
v6	run2	iid	20	10	0.023097459	0.02309875	0.0	34735808	0	0	0.005939542	1.10791015625
v6	run2	iid	40	10	0.033575584	0.033577125	0.0	49180704	0	0	0.005838708	1.10791015625
v6	run2	iid	20	11	0.022623792	0.022614875	0.0	34735808	0	0	0.005943708	1.10791015625
v6	run2	iid	40	11	0.03399625	0.033997375	0.0	49180704	0	0	0.005970375	1.10791015625
FULLT	run2	iid	-1	0	1.305556058883667	0	0	0	0	0	0	0
FULLT	run2	iid	0	0	5.738202792	5.737682625	0.148035209	1852888208	6	1	0.005958583	1.1708984375
FULLT	run2	iid	20	1	0.028683375	0.028685375	0.0	44062848	0	0	0.00589775	1.15673828125
FULLT	run2	iid	40	1	0.039404041	0.0393935	0.0	62969824	0	0	0.005939667	1.15673828125
FULLT	run2	iid	20	2	0.028808	0.028809458	0.0	44062848	0	0	0.005978708	1.15673828125
FULLT	run2	iid	40	2	0.039845834	0.039847833	0.0	62969824	0	0	0.005927458	1.15673828125
FULLT	run2	iid	20	3	0.028617542	0.028620042	0.0	44062848	0	0	0.007164458	1.15673828125
FULLT	run2	iid	40	3	0.039421791	0.039409667	0.0	62969824	0	0	0.00596175	1.15673828125
FULLT	run2	iid	20	4	0.02872475	0.028726916	0.0	44062848	0	0	0.005957875	1.15673828125
FULLT	run2	iid	40	4	0.03923075	0.03922275	0.0	62969824	0	0	0.005963958	1.15673828125
FULLT	run2	iid	20	5	0.028516666	0.028506	0.0	44062848	0	0	0.005997375	1.15673828125
FULLT	run2	iid	40	5	0.039449	0.039450959	0.0	62969824	0	0	0.005933792	1.15673828125
FULLT	run2	iid	20	6	0.028587708	0.028588583	0.0	44062848	0	0	0.005938666	1.15673828125
FULLT	run2	iid	40	6	0.03946525	0.039455417	0.0	62969824	0	0	0.005989	1.15673828125
FULLT	run2	iid	20	7	0.028651708	0.028653041	0.0	44062848	0	0	0.005978959	1.15673828125
FULLT	run2	iid	40	7	0.039311792	0.039301625	0.0	62969824	0	0	0.005979416	1.15673828125
FULLT	run2	iid	20	8	0.028590292	0.02858175	0.0	44063136	0	0	0.005963458	1.15673828125
FULLT	run2	iid	40	8	0.039724208	0.039725458	0.0	62969824	0	0	0.00597	1.15673828125
FULLT	run2	iid	20	9	0.028325583	0.028326959	0.0	44062848	0	0	0.005870875	1.15673828125
FULLT	run2	iid	40	9	0.039191792	0.039181583	0.0	62969824	0	0	0.005929083	1.15673828125
FULLT	run2	iid	20	10	0.028742917	0.028744042	0.0	44062848	0	0	0.00599725	1.15673828125
FULLT	run2	iid	40	10	0.039327375	0.0393165	0.0	62969824	0	0	0.005976708	1.15673828125
FULLT	run2	iid	20	11	0.028496792	0.028498084	0.0	44062848	0	0	0.005956917	1.15673828125
FULLT	run2	iid	40	11	0.0394615	0.039463375	0.0	62969824	0	0	0.00594225	1.15673828125
v6	run3	iid	-1	0	1.3992362022399902	0	0	0	0	0	0	0
v6	run3	iid	0	0	4.998393125	4.997936708	0.109329625	1535061664	6	1	0.005958875	1.13232421875
v6	run3	iid	20	1	0.022548625	0.022549542	0.0	34735808	0	0	0.005956583	1.12158203125
v6	run3	iid	40	1	0.03323175	0.033233916	0.0	49180704	0	0	0.005957541	1.12158203125
v6	run3	iid	20	2	0.022558958	0.022560959	0.0	34735808	0	0	0.0059345	1.12158203125
v6	run3	iid	40	2	0.033158209	0.033159375	0.0	49180704	0	0	0.005965167	1.12158203125
v6	run3	iid	20	3	0.022662792	0.022651542	0.0	34735808	0	0	0.005981458	1.12158203125
v6	run3	iid	40	3	0.033400333	0.033401667	0.0	49180704	0	0	0.005966375	1.12158203125
v6	run3	iid	20	4	0.022371292	0.022372667	0.0	34735808	0	0	0.005869917	1.12158203125
v6	run3	iid	40	4	0.032583792	0.03258625	0.0	49180704	0	0	0.005917	1.12158203125
v6	run3	iid	20	5	0.022434125	0.022424542	0.0	34735808	0	0	0.005918125	1.12158203125
v6	run3	iid	40	5	0.033280333	0.033281458	0.0	49180704	0	0	0.005967708	1.12158203125
v6	run3	iid	20	6	0.022416208	0.022417541	0.0	34735808	0	0	0.005888083	1.12158203125
v6	run3	iid	40	6	0.03285425	0.03285575	0.0	49180704	0	0	0.005869459	1.12158203125
v6	run3	iid	20	7	0.02256	0.022561166	0.0	34735808	0	0	0.005985083	1.12158203125
v6	run3	iid	40	7	0.033351416	0.033353	0.0	49180704	0	0	0.005973041	1.12158203125
v6	run3	iid	20	8	0.022787041	0.022788958	0.0	34735808	0	0	0.005965583	1.12158203125
v6	run3	iid	40	8	0.033045375	0.033048917	0.0	49180704	0	0	0.005877209	1.12158203125
v6	run3	iid	20	9	0.022533584	0.022522625	0.0	34735808	0	0	0.005948583	1.12158203125
v6	run3	iid	40	9	0.032615458	0.032616959	0.0	49180704	0	0	0.005914334	1.12158203125
v6	run3	iid	20	10	0.022379125	0.022380458	0.0	34735808	0	0	0.005900084	1.12158203125
v6	run3	iid	40	10	0.032906625	0.032896625	0.0	49180704	0	0	0.005942083	1.12158203125
v6	run3	iid	20	11	0.022522708	0.02252425	0.0	34735808	0	0	0.005978625	1.12158203125
v6	run3	iid	40	11	0.033136291	0.033138625	0.0	49180704	0	0	0.005988708	1.12158203125
FULLT	run3	iid	-1	0	1.294306993484497	0	0	0	0	0	0	0
FULLT	run3	iid	0	0	5.737526334	5.736986334	0.147229707	1852927648	6	1	0.005867416	1.17626953125
FULLT	run3	iid	20	1	0.030178208	0.030165083	0.0	44062848	0	0	0.005961541	1.162109375
FULLT	run3	iid	40	1	0.04229725	0.0422855	0.0	62969824	0	0	0.005974042	1.162109375
FULLT	run3	iid	20	2	0.03016175	0.030165708	0.0	44062848	0	0	0.005930917	1.162109375
FULLT	run3	iid	40	2	0.042483542	0.042484875	0.0	62969824	0	0	0.0059635	1.162109375
FULLT	run3	iid	20	3	0.029949833	0.029951333	0.0	44062848	0	0	0.005858208	1.162109375
FULLT	run3	iid	40	3	0.041986541	0.041990583	0.0	62969824	0	0	0.005946041	1.14892578125
FULLT	run3	iid	20	4	0.030167375	0.030157167	0.0	44062848	0	0	0.005970583	1.14892578125
FULLT	run3	iid	40	4	0.04218625	0.042174625	0.0	62969824	0	0	0.005962917	1.14892578125
FULLT	run3	iid	20	5	0.030143	0.030144209	0.0	44062848	0	0	0.005990333	1.14892578125
FULLT	run3	iid	40	5	0.042235667	0.042237083	0.0	62969824	0	0	0.005895167	1.14892578125
FULLT	run3	iid	20	6	0.030109458	0.030110583	0.0	44062848	0	0	0.005948125	1.14892578125
FULLT	run3	iid	40	6	0.042251042	0.042252209	0.0	62969824	0	0	0.006009333	1.14892578125
FULLT	run3	iid	20	7	0.029825209	0.029827	0.0	44062848	0	0	0.005836042	1.14892578125
FULLT	run3	iid	40	7	0.041959042	0.041949834	0.0	62969824	0	0	0.005940916	1.14892578125
FULLT	run3	iid	20	8	0.029958292	0.029959083	0.0	44063136	0	0	0.005957708	1.14892578125
FULLT	run3	iid	40	8	0.042247625	0.042248375	0.0	62969824	0	0	0.005902709	1.14892578125
FULLT	run3	iid	20	9	0.0298505	0.029852083	0.0	44062848	0	0	0.005945417	1.14892578125
FULLT	run3	iid	40	9	0.04221875	0.04222025	0.0	62969824	0	0	0.005985166	1.14892578125
FULLT	run3	iid	20	10	0.030083875	0.030084667	0.0	44062848	0	0	0.005914	1.14892578125
FULLT	run3	iid	40	10	0.042230208	0.042220083	0.0	62969824	0	0	0.005968708	1.14892578125
FULLT	run3	iid	20	11	0.029645208	0.0296465	0.0	44062848	0	0	0.005944334	1.14892578125
FULLT	run3	iid	40	11	0.042198333	0.042199416	0.0	62969824	0	0	0.005953958	1.14892578125
F	run3	iid	-1	0	1.2945349216461182	0	0	0	0	0	0	0
F	run3	iid	0	0	5.983064291	5.982476834	0.181946541	2053280896	7	1	0.005987208	1.12548828125
F	run3	iid	20	1	0.030432125	0.030433583	0.0	35704288	0	0	0.00595275	1.115234375
F	run3	iid	40	1	0.030227792	0.030229166	0.0	50920736	0	0	0.005888875	1.115234375
F	run3	iid	20	2	0.020491	0.020492708	0.0	35218240	0	0	0.005897	1.115234375
F	run3	iid	40	2	0.030359625	0.030360917	0.0	50920736	0	0	0.005944959	1.115234375
F	run3	iid	20	3	0.020415166	0.020405333	0.0	35218240	0	0	0.005972375	1.115234375
F	run3	iid	40	3	0.030734042	0.030734917	0.0	50920736	0	0	0.005923291	1.115234375
F	run3	iid	20	4	0.020287666	0.020289625	0.0	35218240	0	0	0.0059365	1.115234375
F	run3	iid	40	4	0.0304975	0.030486	0.0	50920736	0	0	0.0059615	1.115234375
F	run3	iid	20	5	0.020498792	0.020499792	0.0	35218240	0	0	0.005989958	1.115234375
F	run3	iid	40	5	0.030103208	0.030104167	0.0	50920736	0	0	0.005897	1.115234375
F	run3	iid	20	6	0.020164875	0.020166042	0.0	35218240	0	0	0.005924666	1.115234375
F	run3	iid	40	6	0.030285667	0.03028675	0.0	50920736	0	0	0.005866791	1.115234375
F	run3	iid	20	7	0.020318708	0.020319542	0.0	35218240	0	0	0.005947	1.115234375
F	run3	iid	40	7	0.030301041	0.030302875	0.0	50920736	0	0	0.005926083	1.115234375
F	run3	iid	20	8	0.020245666	0.020247208	0.0	35218528	0	0	0.005916833	1.115234375
F	run3	iid	40	8	0.030315333	0.030306666	0.0	50920736	0	0	0.005939875	1.115234375
F	run3	iid	20	9	0.020556041	0.020557291	0.0	35218240	0	0	0.005967875	1.115234375
F	run3	iid	40	9	0.031155458	0.031157042	0.0	50920736	0	0	0.005996583	1.115234375
F	run3	iid	20	10	0.020101417	0.020102167	0.0	35218240	0	0	0.005890041	1.115234375
F	run3	iid	40	10	0.030436417	0.030437333	0.0	50920736	0	0	0.005868042	1.115234375
F	run3	iid	20	11	0.020403375	0.020404583	0.0	35218240	0	0	0.005955417	1.115234375
F	run3	iid	40	11	0.030111167	0.030112875	0.0	50920736	0	0	0.005933667	1.115234375
FULLT	run4	iid	-1	0	1.2989509105682373	0	0	0	0	0	0	0
FULLT	run4	iid	0	0	5.724895917	5.724348709	0.1476805	1853166000	6	1	0.006141625	1.33740234375
FULLT	run4	iid	20	1	0.030257125	0.030258833	0.0	44062848	0	0	0.005932459	1.31005859375
FULLT	run4	iid	40	1	0.042686542	0.042688458	0.0	62969824	0	0	0.005980959	1.31005859375
FULLT	run4	iid	20	2	0.03009575	0.030097917	0.0	44062848	0	0	0.005937917	1.31005859375
FULLT	run4	iid	40	2	0.042658334	0.042661542	0.0	62969824	0	0	0.00586075	1.31005859375
FULLT	run4	iid	20	3	0.030078417	0.030069	0.0	44062848	0	0	0.005939834	1.31005859375
FULLT	run4	iid	40	3	0.042364583	0.042356208	0.0	62969824	0	0	0.005953667	1.31005859375
FULLT	run4	iid	20	4	0.030116917	0.030118833	0.0	44062848	0	0	0.005926	1.31005859375
FULLT	run4	iid	40	4	0.042096792	0.042088708	0.0	62969824	0	0	0.0059575	1.31005859375
FULLT	run4	iid	20	5	0.030118167	0.030120542	0.0	44062848	0	0	0.005967042	1.31005859375
FULLT	run4	iid	40	5	0.041919375	0.04192075	0.0	62969824	0	0	0.005945416	1.31005859375
FULLT	run4	iid	20	6	0.030153	0.030154166	0.0	44062848	0	0	0.00590175	1.31005859375
FULLT	run4	iid	40	6	0.042384917	0.042374875	0.0	62969824	0	0	0.005997542	1.28515625
FULLT	run4	iid	20	7	0.02992375	0.029924875	0.0	44062848	0	0	0.005901292	1.28515625
FULLT	run4	iid	40	7	0.042161208	0.042150458	0.0	62969824	0	0	0.005933584	1.28515625
FULLT	run4	iid	20	8	0.02980725	0.029808208	0.0	44063136	0	0	0.005937292	1.28515625
FULLT	run4	iid	40	8	0.042117042	0.042118209	0.0	62969824	0	0	0.005969084	1.28515625
FULLT	run4	iid	20	9	0.029815291	0.029816667	0.0	44062848	0	0	0.005897125	1.28515625
FULLT	run4	iid	40	9	0.0421845	0.042174375	0.0	62969824	0	0	0.005975875	1.28515625
FULLT	run4	iid	20	10	0.030141875	0.030143083	0.0	44062848	0	0	0.0059875	1.28515625
FULLT	run4	iid	40	10	0.042594958	0.042585125	0.0	62969824	0	0	0.006006	1.28515625
FULLT	run4	iid	20	11	0.0300075	0.030008834	0.0	44062848	0	0	0.005950708	1.28515625
FULLT	run4	iid	40	11	0.04170875	0.041709708	0.0	62969824	0	0	0.005898708	1.28515625
F	run4	iid	-1	0	1.29746413230896	0	0	0	0	0	0	0
F	run4	iid	0	0	5.992807584	5.992211375	0.190518084	2053010480	7	1	0.00597075	1.314453125
F	run4	iid	20	1	0.029815792	0.029816958	0.0	35704288	0	0	0.005867292	1.2890625
F	run4	iid	40	1	0.029591584	0.029593375	0.0	50920736	0	0	0.005833708	1.2890625
F	run4	iid	20	2	0.02017825	0.020165166	0.0	35218240	0	0	0.005971959	1.2890625
F	run4	iid	40	2	0.030062583	0.0300645	0.0	50920736	0	0	0.005926208	1.2890625
F	run4	iid	20	3	0.020139875	0.020141834	0.0	35218240	0	0	0.005940708	1.2890625
F	run4	iid	40	3	0.030037333	0.030039625	0.0	50920736	0	0	0.005963334	1.2890625
F	run4	iid	20	4	0.019954667	0.019944333	0.0	35218240	0	0	0.005968792	1.2890625
F	run4	iid	40	4	0.0295495	0.029551208	0.0	50920736	0	0	0.005883208	1.2890625
F	run4	iid	20	5	0.019988416	0.019990208	0.0	35218240	0	0	0.005882791	1.2890625
F	run4	iid	40	5	0.029979541	0.029981125	0.0	50920736	0	0	0.005916167	1.2890625
F	run4	iid	20	6	0.020011292	0.020000417	0.0	35218240	0	0	0.005977292	1.2890625
F	run4	iid	40	6	0.03006275	0.030064333	0.0	50920736	0	0	0.0059625	1.2890625
F	run4	iid	20	7	0.020186041	0.020186875	0.0	35218240	0	0	0.005950334	1.2890625
F	run4	iid	40	7	0.02986375	0.02986525	0.0	50920736	0	0	0.006298416	1.2890625
F	run4	iid	20	8	0.019995541	0.019996209	0.0	35218528	0	0	0.006109791	1.2890625
F	run4	iid	40	8	0.029894125	0.029896125	0.0	50920736	0	0	0.005961625	1.2890625
F	run4	iid	20	9	0.0197835	0.019784875	0.0	35218240	0	0	0.0059015	1.2890625
F	run4	iid	40	9	0.029967542	0.029969375	0.0	50920736	0	0	0.005873333	1.2890625
F	run4	iid	20	10	0.020185625	0.020186583	0.0	35218240	0	0	0.005989125	1.2890625
F	run4	iid	40	10	0.029823208	0.029811958	0.0	50920736	0	0	0.005982834	1.2890625
F	run4	iid	20	11	0.020218541	0.020219667	0.0	35218240	0	0	0.005934	1.2890625
F	run4	iid	40	11	0.029904625	0.029906125	0.0	50920736	0	0	0.006192042	1.2890625
v6	run4	iid	-1	0	1.4133961200714111	0	0	0	0	0	0	0
v6	run4	iid	0	0	4.994354917	4.993888083	0.11083379	1535084208	6	1	0.005909416	1.32421875
v6	run4	iid	20	1	0.023066583	0.023068042	0.0	34735808	0	0	0.006029125	1.2978515625
v6	run4	iid	40	1	0.034622542	0.034623625	0.0	49180704	0	0	0.005931916	1.2978515625
v6	run4	iid	20	2	0.023194792	0.023195792	0.0	34735808	0	0	0.005958208	1.2978515625
v6	run4	iid	40	2	0.034795083	0.034797584	0.0	49180704	0	0	0.005957959	1.2978515625
v6	run4	iid	20	3	0.023315792	0.023316833	0.0	34735808	0	0	0.005885875	1.2978515625
v6	run4	iid	40	3	0.035005125	0.035007042	0.0	49180704	0	0	0.005868542	1.2978515625
v6	run4	iid	20	4	0.023276375	0.023267917	0.0	34735808	0	0	0.005980875	1.2978515625
v6	run4	iid	40	4	0.034845042	0.034846459	0.0	49180704	0	0	0.005949041	1.2978515625
v6	run4	iid	20	5	0.023400334	0.023402	0.0	34735808	0	0	0.005968792	1.2978515625
v6	run4	iid	40	5	0.034355959	0.034358375	0.0	49180704	0	0	0.005891125	1.2978515625
v6	run4	iid	20	6	0.023277292	0.023278375	0.0	34735808	0	0	0.005964917	1.2978515625
v6	run4	iid	40	6	0.034702917	0.034692958	0.0	49180704	0	0	0.005966625	1.2978515625
v6	run4	iid	20	7	0.023301584	0.02330275	0.0	34735808	0	0	0.005947208	1.2978515625
v6	run4	iid	40	7	0.034483083	0.03448425	0.0	49180704	0	0	0.005926917	1.2978515625
v6	run4	iid	20	8	0.023209666	0.023210708	0.0	34735808	0	0	0.005942667	1.2978515625
v6	run4	iid	40	8	0.034219833	0.034208125	0.0	49180704	0	0	0.005946333	1.2978515625
v6	run4	iid	20	9	0.02342275	0.023424333	0.0	34735808	0	0	0.005961083	1.2978515625
v6	run4	iid	40	9	0.034609458	0.034610417	0.0	49180704	0	0	0.006026417	1.2978515625
v6	run4	iid	20	10	0.023087333	0.023088667	0.0	34735808	0	0	0.005864042	1.2978515625
v6	run4	iid	40	10	0.034301625	0.034292958	0.0	49180704	0	0	0.005956334	1.2978515625
v6	run4	iid	20	11	0.023298083	0.023298792	0.0	34735808	0	0	0.005947	1.2978515625
v6	run4	iid	40	11	0.034678958	0.034680041	0.0	49180704	0	0	0.005988125	1.2978515625
F	run5	iid	-1	0	1.3131098747253418	0	0	0	0	0	0	0
F	run5	iid	0	0	5.973342042	5.972794292	0.182283916	2053062720	7	1	0.005924125	1.3251953125
F	run5	iid	20	1	0.030722375	0.030710084	0.0	35704288	0	0	0.005923875	1.298828125
F	run5	iid	40	1	0.0302335	0.030220583	0.0	50920736	0	0	0.005926	1.298828125
F	run5	iid	20	2	0.020504875	0.020506875	0.0	35218240	0	0	0.005920917	1.298828125
F	run5	iid	40	2	0.030627917	0.030629709	0.0	50920736	0	0	0.005927583	1.298828125
F	run5	iid	20	3	0.020649375	0.020650084	0.0	35218240	0	0	0.005984833	1.298828125
F	run5	iid	40	3	0.03088825	0.030890334	0.0	50920736	0	0	0.006053208	1.298828125
F	run5	iid	20	4	0.020518875	0.020520083	0.0	35218240	0	0	0.005978	1.298828125
F	run5	iid	40	4	0.030573958	0.030575333	0.0	50920736	0	0	0.005879958	1.2744140625
F	run5	iid	20	5	0.02022175	0.020222833	0.0	35218240	0	0	0.005900459	1.2744140625
F	run5	iid	40	5	0.030758875	0.030759792	0.0	50920736	0	0	0.005886917	1.2744140625
F	run5	iid	20	6	0.020538125	0.020539625	0.0	35218240	0	0	0.005973917	1.2744140625
F	run5	iid	40	6	0.030725375	0.030726542	0.0	50920736	0	0	0.005948708	1.2744140625
F	run5	iid	20	7	0.020426416	0.020427583	0.0	35218240	0	0	0.005894292	1.2744140625
F	run5	iid	40	7	0.030188875	0.030190125	0.0	50920736	0	0	0.005864958	1.2744140625
F	run5	iid	20	8	0.020133625	0.020122834	0.0	35218528	0	0	0.005929375	1.2744140625
F	run5	iid	40	8	0.030680667	0.030682291	0.0	50920736	0	0	0.005937833	1.2744140625
F	run5	iid	20	9	0.020424084	0.020425167	0.0	35218240	0	0	0.00593675	1.2744140625
F	run5	iid	40	9	0.030616083	0.030617958	0.0	50920736	0	0	0.00595325	1.2744140625
F	run5	iid	20	10	0.02040175	0.020389292	0.0	35218240	0	0	0.005963042	1.2744140625
F	run5	iid	40	10	0.031228959	0.031229708	0.0	50920736	0	0	0.005937834	1.2744140625
F	run5	iid	20	11	0.020827	0.020828292	0.0	35218240	0	0	0.005889125	1.2744140625
F	run5	iid	40	11	0.030683291	0.030685208	0.0	50920736	0	0	0.005859166	1.2744140625
v6	run5	iid	-1	0	1.4094269275665283	0	0	0	0	0	0	0
v6	run5	iid	0	0	5.020463083	5.019967833	0.112623918	1535088400	6	1	0.005980416	1.3115234375
v6	run5	iid	20	1	0.022447125	0.02244925	0.0	34735808	0	0	0.005916334	1.3662109375
v6	run5	iid	40	1	0.03293775	0.032925125	0.0	49180704	0	0	0.005956375	1.3662109375
v6	run5	iid	20	2	0.022570042	0.022572083	0.0	34735808	0	0	0.005946458	1.3662109375
v6	run5	iid	40	2	0.033388541	0.033389916	0.0	49180704	0	0	0.005985708	1.3662109375
v6	run5	iid	20	3	0.02265	0.022651042	0.0	34735808	0	0	0.005977666	1.3662109375
v6	run5	iid	40	3	0.03293075	0.032931959	0.0	49180704	0	0	0.005838542	1.3662109375
v6	run5	iid	20	4	0.022489167	0.022479917	0.0	34735808	0	0	0.005922167	1.3662109375
v6	run5	iid	40	4	0.033565042	0.033566333	0.0	49180704	0	0	0.005926625	1.3662109375
v6	run5	iid	20	5	0.022643125	0.02264425	0.0	34735808	0	0	0.005957042	1.3662109375
v6	run5	iid	40	5	0.033126958	0.033128375	0.0	49180704	0	0	0.005866375	1.3662109375
v6	run5	iid	20	6	0.022517542	0.022518792	0.0	34735808	0	0	0.005960292	1.3662109375
v6	run5	iid	40	6	0.033274042	0.033275708	0.0	49180704	0	0	0.005983667	1.3662109375
v6	run5	iid	20	7	0.022084834	0.022086333	0.0	34735808	0	0	0.005936375	1.3662109375
v6	run5	iid	40	7	0.033425583	0.033426667	0.0	49180704	0	0	0.005935459	1.3662109375
v6	run5	iid	20	8	0.022512833	0.02249975	0.0	34735808	0	0	0.005967792	1.3662109375
v6	run5	iid	40	8	0.033130542	0.033132209	0.0	49180704	0	0	0.005961833	1.3662109375
v6	run5	iid	20	9	0.02271675	0.022718125	0.0	34735808	0	0	0.0059445	1.3662109375
v6	run5	iid	40	9	0.033158416	0.033159833	0.0	49180704	0	0	0.005915458	1.3662109375
v6	run5	iid	20	10	0.022487458	0.022481375	0.0	34735808	0	0	0.005984417	1.3662109375
v6	run5	iid	40	10	0.032807667	0.032809125	0.0	49180704	0	0	0.0059325	1.3662109375
v6	run5	iid	20	11	0.022171833	0.022173042	0.0	34735808	0	0	0.005953458	1.3662109375
v6	run5	iid	40	11	0.032998167	0.03299975	0.0	49180704	0	0	0.0058895	1.3662109375
FULLT	run5	iid	-1	0	1.2978692054748535	0	0	0	0	0	0	0
FULLT	run5	iid	0	0	5.727867125	5.727342541	0.151659875	1853181056	6	1	0.005901667	1.38916015625
FULLT	run5	iid	20	1	0.030347125	0.030337417	0.0	44062848	0	0	0.005948	1.35791015625
FULLT	run5	iid	40	1	0.042603458	0.042590917	0.0	62969824	0	0	0.005931042	1.35791015625
FULLT	run5	iid	20	2	0.030504667	0.030508542	0.0	44062848	0	0	0.005913917	1.35791015625
FULLT	run5	iid	40	2	0.042911666	0.042913	0.0	62969824	0	0	0.005893417	1.35791015625
FULLT	run5	iid	20	3	0.030434833	0.030436417	0.0	44062848	0	0	0.005978292	1.35791015625
FULLT	run5	iid	40	3	0.0429505	0.042951458	0.0	62969824	0	0	0.005903375	1.35791015625
FULLT	run5	iid	20	4	0.030526625	0.030528666	0.0	44062848	0	0	0.006062417	1.35791015625
FULLT	run5	iid	40	4	0.0424845	0.042473458	0.0	62969824	0	0	0.0060115	1.35791015625
FULLT	run5	iid	20	5	0.030207083	0.03020875	0.0	44062848	0	0	0.005953833	1.35791015625
FULLT	run5	iid	40	5	0.042387	0.042388291	0.0	62969824	0	0	0.005931083	1.35791015625
FULLT	run5	iid	20	6	0.03024275	0.030243625	0.0	44062848	0	0	0.005895459	1.35791015625
FULLT	run5	iid	40	6	0.042822959	0.042823708	0.0	62969824	0	0	0.005935	1.35791015625
FULLT	run5	iid	20	7	0.030198875	0.030187625	0.0	44062848	0	0	0.005982084	1.35791015625
FULLT	run5	iid	40	7	0.042777875	0.0427695	0.0	62969824	0	0	0.005953709	1.35791015625
FULLT	run5	iid	20	8	0.030276542	0.030278333	0.0	44063136	0	0	0.005960583	1.35791015625
FULLT	run5	iid	40	8	0.042472708	0.042474167	0.0	62969824	0	0	0.005953208	1.35791015625
FULLT	run5	iid	20	9	0.030187416	0.030189125	0.0	44062848	0	0	0.005840292	1.35791015625
FULLT	run5	iid	40	9	0.042350875	0.042352208	0.0	62969824	0	0	0.005926709	1.35791015625
FULLT	run5	iid	20	10	0.030159625	0.030161791	0.0	44062848	0	0	0.005892916	1.35791015625
FULLT	run5	iid	40	10	0.042152708	0.042154959	0.0	62969824	0	0	0.005837375	1.35791015625
FULLT	run5	iid	20	11	0.030430333	0.030418417	0.0	44062848	0	0	0.005975459	1.35791015625
FULLT	run5	iid	40	11	0.042457208	0.042447125	0.0	62969824	0	0	0.005923	1.35791015625
FULLT	run1	betabern	-1	0	1.291490077972412	0	0	0	0	0	0	0
FULLT	run1	betabern	0	0	5.009338167	5.008875125	0.173348542	1627776528	6	1	0.005927417	1.302734375
FULLT	run1	betabern	1	1	0.071519041	0.071507208	0.0	87502448	0	0	0.005939292	1.4384765625
FULLT	run1	betabern	1	2	0.0726875	0.072677792	0.0	87502448	0	0	0.005987542	1.4384765625
FULLT	run1	betabern	1	3	0.0730275	0.073018583	0.0	87502448	0	0	0.0059215	1.4384765625
FULLT	run1	betabern	1	4	0.072180166	0.07217225	0.0	87502448	0	0	0.00596375	1.4384765625
FULLT	run1	betabern	1	5	0.072515917	0.0725175	0.0	87502448	0	0	0.005952542	1.4384765625
FULLT	run1	betabern	1	6	0.071386167	0.071387291	0.0	87502448	0	0	0.005927334	1.4384765625
FULLT	run1	betabern	1	7	0.072438625	0.072440542	0.0	87502448	0	0	0.0059535	1.4384765625
FULLT	run1	betabern	1	8	0.0721305	0.072122042	0.0	87502448	0	0	0.005890375	1.4384765625
FULLT	run1	betabern	1	9	0.07215625	0.072157667	0.0	87502448	0	0	0.005974416	1.4384765625
FULLT	run1	betabern	1	10	0.071780834	0.071770667	0.0	87502448	0	0	0.005943708	1.4384765625
FULLT	run1	betabern	1	11	0.071581166	0.071570417	0.0	87502448	0	0	0.005965917	1.4384765625
F	run1	betabern	-1	0	1.2996699810028076	0	0	0	0	0	0	0
F	run1	betabern	0	0	5.465898083	5.465398	0.182289584	1818942224	6	1	0.005834084	1.6044921875
F	run1	betabern	1	1	0.058733958	0.058735292	0.0	69277616	0	0	0.005901917	1.5556640625
F	run1	betabern	1	2	0.040802042	0.040803458	0.0	67658288	0	0	0.005923333	1.5556640625
F	run1	betabern	1	3	0.040714959	0.040717084	0.0	67658288	0	0	0.005901625	1.5556640625
F	run1	betabern	1	4	0.041039334	0.041030583	0.0	67658288	0	0	0.005981458	1.5556640625
F	run1	betabern	1	5	0.040436542	0.040438292	0.0	67658288	0	0	0.005923708	1.5556640625
F	run1	betabern	1	6	0.040446417	0.040438833	0.0	67658288	0	0	0.0059325	1.5556640625
F	run1	betabern	1	7	0.04089275	0.04089525	0.0	67658288	0	0	0.005974542	1.5556640625
F	run1	betabern	1	8	0.040540667	0.040541792	0.0	67658288	0	0	0.00591975	1.5107421875
F	run1	betabern	1	9	0.040799792	0.040801625	0.0	67658288	0	0	0.005939083	1.5107421875
F	run1	betabern	1	10	0.042660458	0.042661917	0.0	67658288	0	0	0.006397666	1.5107421875
F	run1	betabern	1	11	0.040379708	0.040381167	0.0	67658288	0	0	0.005989208	1.5107421875
v6	run1	betabern	-1	0	1.4048328399658203	0	0	0	0	0	0	0
v6	run1	betabern	0	0	4.421671417	4.42126125	0.159907458	1376302640	6	1	0.005947792	1.4697265625
v6	run1	betabern	1	1	0.050940417	0.050932167	0.0	71649232	0	0	0.005931583	1.591796875
v6	run1	betabern	1	2	0.051262125	0.051264458	0.0	71649232	0	0	0.005963584	1.591796875
v6	run1	betabern	1	3	0.051217542	0.051221959	0.0	71649232	0	0	0.005963458	1.591796875
v6	run1	betabern	1	4	0.050881417	0.0508835	0.0	71649232	0	0	0.005988375	1.591796875
v6	run1	betabern	1	5	0.050872125	0.050876458	0.0	71649232	0	0	0.005928708	1.591796875
v6	run1	betabern	1	6	0.050715167	0.050717833	0.0	71649232	0	0	0.005887875	1.591796875
v6	run1	betabern	1	7	0.050420125	0.050422541	0.0	71649232	0	0	0.005867125	1.591796875
v6	run1	betabern	1	8	0.050674959	0.050676666	0.0	71649232	0	0	0.005902833	1.591796875
v6	run1	betabern	1	9	0.050895667	0.050899209	0.0	71649232	0	0	0.005989667	1.591796875
v6	run1	betabern	1	10	0.050940958	0.050942708	0.0	71649232	0	0	0.005900958	1.591796875
v6	run1	betabern	1	11	0.050384791	0.050385959	0.0	71649232	0	0	0.006002334	1.591796875
F	run2	betabern	-1	0	1.295008897781372	0	0	0	0	0	0	0
F	run2	betabern	0	0	5.456037625	5.455524167	0.18354821	1818908720	6	1	0.005989417	1.580078125
F	run2	betabern	1	1	0.058885042	0.058889333	0.0	69277616	0	0	0.006119667	1.533203125
F	run2	betabern	1	2	0.040788834	0.04079075	0.0	67658288	0	0	0.00596425	1.533203125
F	run2	betabern	1	3	0.040743667	0.040745166	0.0	67658288	0	0	0.005963084	1.533203125
F	run2	betabern	1	4	0.040097667	0.040100459	0.0	67658288	0	0	0.005903709	1.533203125
F	run2	betabern	1	5	0.040722834	0.040724625	0.0	67658288	0	0	0.005837875	1.533203125
F	run2	betabern	1	6	0.040775833	0.040764584	0.0	67658288	0	0	0.005936292	1.533203125
F	run2	betabern	1	7	0.040418541	0.040420417	0.0	67658288	0	0	0.005905542	1.533203125
F	run2	betabern	1	8	0.040469334	0.040455334	0.0	67658288	0	0	0.005928542	1.533203125
F	run2	betabern	1	9	0.04053125	0.040532666	0.0	67658288	0	0	0.005948333	1.533203125
F	run2	betabern	1	10	0.040436083	0.040437959	0.0	67658288	0	0	0.00596975	1.533203125
F	run2	betabern	1	11	0.040301875	0.040303292	0.0	67658288	0	0	0.005983083	1.533203125
v6	run2	betabern	-1	0	1.4071259498596191	0	0	0	0	0	0	0
v6	run2	betabern	0	0	4.4116465	4.411231333	0.154824249	1376376496	6	1	0.005932583	1.45068359375
v6	run2	betabern	1	1	0.050081084	0.050082875	0.0	71649232	0	0	0.005900417	1.41455078125
v6	run2	betabern	1	2	0.049801167	0.049803208	0.0	71649232	0	0	0.005849959	1.41455078125
v6	run2	betabern	1	3	0.050211708	0.050199208	0.0	71649232	0	0	0.005929709	1.41455078125
v6	run2	betabern	1	4	0.049962875	0.049954834	0.0	71649232	0	0	0.00599475	1.41455078125
v6	run2	betabern	1	5	0.050042333	0.050044083	0.0	71649232	0	0	0.005953625	1.41455078125
v6	run2	betabern	1	6	0.049678958	0.049670667	0.0	71649232	0	0	0.005962917	1.41455078125
v6	run2	betabern	1	7	0.0499215	0.049910792	0.0	71649232	0	0	0.005961083	1.41455078125
v6	run2	betabern	1	8	0.049840667	0.049842208	0.0	71649232	0	0	0.005893625	1.41455078125
v6	run2	betabern	1	9	0.04953725	0.049539	0.0	71649232	0	0	0.005897375	1.41455078125
v6	run2	betabern	1	10	0.049926625	0.04992825	0.0	71649232	0	0	0.005941333	1.41455078125
v6	run2	betabern	1	11	0.04973375	0.049735208	0.0	71649232	0	0	0.0059685	1.41455078125
FULLT	run2	betabern	-1	0	1.302980899810791	0	0	0	0	0	0	0
FULLT	run2	betabern	0	0	4.99916375	4.998671042	0.167777917	1627807424	6	1	0.005919042	1.3505859375
FULLT	run2	betabern	1	1	0.07237975	0.072371	0.0	87502448	0	0	0.005993167	1.322265625
FULLT	run2	betabern	1	2	0.072485417	0.072486875	0.0	87502448	0	0	0.00597675	1.322265625
FULLT	run2	betabern	1	3	0.072904959	0.0729075	0.0	87502448	0	0	0.005867166	1.322265625
FULLT	run2	betabern	1	4	0.071421625	0.071423625	0.0	87502448	0	0	0.005891208	1.322265625
FULLT	run2	betabern	1	5	0.071745334	0.071747417	0.0	87502448	0	0	0.005923541	1.322265625
FULLT	run2	betabern	1	6	0.072323083	0.072326083	0.0	87502448	0	0	0.005938125	1.322265625
FULLT	run2	betabern	1	7	0.072030292	0.072018166	0.0	87502448	0	0	0.005989959	1.322265625
FULLT	run2	betabern	1	8	0.071505334	0.071493375	0.0	87502448	0	0	0.00598625	1.322265625
FULLT	run2	betabern	1	9	0.071823834	0.071812833	0.0	87502448	0	0	0.005925458	1.322265625
FULLT	run2	betabern	1	10	0.071538584	0.071540833	0.0	87502448	0	0	0.005952417	1.322265625
FULLT	run2	betabern	1	11	0.071567167	0.071568209	0.0	87502448	0	0	0.005986541	1.322265625
v6	run3	betabern	-1	0	1.4026179313659668	0	0	0	0	0	0	0
v6	run3	betabern	0	0	4.426505041	4.426088708	0.154682542	1376369328	6	1	0.00593775	1.34619140625
v6	run3	betabern	1	1	0.050997708	0.051000417	0.0	71649232	0	0	0.005976792	1.318359375
v6	run3	betabern	1	2	0.050995791	0.050998167	0.0	71649232	0	0	0.006042208	1.318359375
v6	run3	betabern	1	3	0.051078042	0.05106925	0.0	71649232	0	0	0.00597275	1.318359375
v6	run3	betabern	1	4	0.051045125	0.051032709	0.0	71649232	0	0	0.005938667	1.318359375
v6	run3	betabern	1	5	0.050494417	0.050481958	0.0	71649232	0	0	0.005892667	1.318359375
v6	run3	betabern	1	6	0.050640959	0.050642042	0.0	71649232	0	0	0.005941958	1.318359375
v6	run3	betabern	1	7	0.051042584	0.051033666	0.0	71649232	0	0	0.005961209	1.318359375
v6	run3	betabern	1	8	0.050564083	0.050565459	0.0	71649232	0	0	0.005843375	1.318359375
v6	run3	betabern	1	9	0.050428875	0.050416833	0.0	71649232	0	0	0.0059685	1.318359375
v6	run3	betabern	1	10	0.049854542	0.049844125	0.0	71649232	0	0	0.005889917	1.318359375
v6	run3	betabern	1	11	0.050406083	0.050407584	0.0	71649232	0	0	0.005938875	1.318359375
FULLT	run3	betabern	-1	0	1.2949271202087402	0	0	0	0	0	0	0
FULLT	run3	betabern	0	0	5.020018	5.019540667	0.17600646	1627766768	6	1	0.005928792	1.26904296875
FULLT	run3	betabern	1	1	0.071257375	0.071251125	0.0	87502448	0	0	0.005935125	1.2470703125
FULLT	run3	betabern	1	2	0.071126375	0.07111325	0.0	87502448	0	0	0.005931084	1.2470703125
FULLT	run3	betabern	1	3	0.071846416	0.071847792	0.0	87502448	0	0	0.005941334	1.2470703125
FULLT	run3	betabern	1	4	0.071649	0.071638167	0.0	87502448	0	0	0.005953167	1.2470703125
FULLT	run3	betabern	1	5	0.071256042	0.07125775	0.0	87502448	0	0	0.00589225	1.2470703125
FULLT	run3	betabern	1	6	0.070988166	0.070989459	0.0	87502448	0	0	0.005866625	1.2470703125
FULLT	run3	betabern	1	7	0.071609666	0.071610625	0.0	87502448	0	0	0.005888917	1.2470703125
FULLT	run3	betabern	1	8	0.071315583	0.071308	0.0	87502448	0	0	0.00594175	1.2470703125
FULLT	run3	betabern	1	9	0.071181917	0.07117	0.0	87502448	0	0	0.0059305	1.2470703125
FULLT	run3	betabern	1	10	0.071495375	0.071482792	0.0	87502448	0	0	0.005950042	1.2470703125
FULLT	run3	betabern	1	11	0.070979084	0.070969875	0.0	87502448	0	0	0.00592525	1.2470703125
F	run3	betabern	-1	0	1.2969560623168945	0	0	0	0	0	0	0
F	run3	betabern	0	0	5.455833625	5.455327125	0.186436999	1818924880	6	1	0.0059685	1.35595703125
F	run3	betabern	1	1	0.059026667	0.059028667	0.0	69277616	0	0	0.005919333	1.3271484375
F	run3	betabern	1	2	0.040541542	0.040543041	0.0	67658288	0	0	0.0059465	1.3271484375
F	run3	betabern	1	3	0.040318875	0.040320125	0.0	67658288	0	0	0.006146667	1.3271484375
F	run3	betabern	1	4	0.040481667	0.040483209	0.0	67658288	0	0	0.005890583	1.3271484375
F	run3	betabern	1	5	0.040461292	0.040463833	0.0	67658288	0	0	0.005859459	1.3271484375
F	run3	betabern	1	6	0.040311417	0.040303583	0.0	67658288	0	0	0.005987166	1.3271484375
F	run3	betabern	1	7	0.040443292	0.040430167	0.0	67658288	0	0	0.005984792	1.3271484375
F	run3	betabern	1	8	0.04064825	0.040649625	0.0	67658288	0	0	0.005984209	1.3271484375
F	run3	betabern	1	9	0.040308958	0.0402985	0.0	67658288	0	0	0.005977	1.3271484375
F	run3	betabern	1	10	0.040350958	0.040352416	0.0	67658288	0	0	0.005964125	1.3271484375
F	run3	betabern	1	11	0.040239417	0.04024075	0.0	67658288	0	0	0.00589725	1.3271484375
FULLT	run4	betabern	-1	0	1.2945010662078857	0	0	0	0	0	0	0
FULLT	run4	betabern	0	0	5.004387917	5.003935292	0.168045709	1627516352	6	1	0.00588625	1.2763671875
FULLT	run4	betabern	1	1	0.072227792	0.072213916	0.0	87502448	0	0	0.005917417	1.25390625
FULLT	run4	betabern	1	2	0.072114625	0.072116792	0.0	87502448	0	0	0.006186708	1.25390625
FULLT	run4	betabern	1	3	0.072895417	0.072896417	0.0	87502448	0	0	0.005866125	1.25390625
FULLT	run4	betabern	1	4	0.072815125	0.072807708	0.0	87502448	0	0	0.005978416	1.25390625
FULLT	run4	betabern	1	5	0.072681292	0.072671208	0.0	87502448	0	0	0.00599175	1.25390625
FULLT	run4	betabern	1	6	0.071930792	0.071922	0.0	87502448	0	0	0.005923334	1.25390625
FULLT	run4	betabern	1	7	0.072146167	0.072137166	0.0	87502448	0	0	0.005947166	1.25390625
FULLT	run4	betabern	1	8	0.072054333	0.072055542	0.0	87502448	0	0	0.005947417	1.25390625
FULLT	run4	betabern	1	9	0.072177416	0.072179042	0.0	87502448	0	0	0.005876083	1.25390625
FULLT	run4	betabern	1	10	0.072004959	0.07200675	0.0	87502448	0	0	0.00585675	1.25390625
FULLT	run4	betabern	1	11	0.07143	0.071432208	0.0	87502448	0	0	0.005863584	1.25390625
F	run4	betabern	-1	0	1.2990951538085938	0	0	0	0	0	0	0
F	run4	betabern	0	0	5.461449708	5.460937709	0.185290999	1818906928	6	1	0.005898125	1.21435546875
F	run4	betabern	1	1	0.059375209	0.059377667	0.0	69277616	0	0	0.005940708	1.19677734375
F	run4	betabern	1	2	0.040786667	0.040789125	0.0	67658288	0	0	0.005932542	1.19677734375
F	run4	betabern	1	3	0.04089375	0.040894917	0.0	67658288	0	0	0.005982792	1.19677734375
F	run4	betabern	1	4	0.040432625	0.040435333	0.0	67658288	0	0	0.005868375	1.19677734375
F	run4	betabern	1	5	0.040487166	0.040477042	0.0	67658288	0	0	0.005920708	1.19677734375
F	run4	betabern	1	6	0.040416875	0.040405042	0.0	67658288	0	0	0.005922708	1.19677734375
F	run4	betabern	1	7	0.041105291	0.041093458	0.0	67658288	0	0	0.005928166	1.19677734375
F	run4	betabern	1	8	0.040838417	0.04084025	0.0	67658288	0	0	0.005926333	1.19677734375
F	run4	betabern	1	9	0.040839333	0.040841417	0.0	67658288	0	0	0.005928458	1.19677734375
F	run4	betabern	1	10	0.040171833	0.040174083	0.0	67658288	0	0	0.005895667	1.19677734375
F	run4	betabern	1	11	0.040660208	0.040662208	0.0	67658288	0	0	0.00593575	1.19677734375
v6	run4	betabern	-1	0	1.4022228717803955	0	0	0	0	0	0	0
v6	run4	betabern	0	0	4.418628083	4.418216792	0.158021542	1376365152	6	1	0.005985833	1.166015625
v6	run4	betabern	1	1	0.051249167	0.051250875	0.0	71649232	0	0	0.005963792	1.15234375
v6	run4	betabern	1	2	0.05135475	0.051346042	0.0	71649232	0	0	0.006001334	1.15234375
v6	run4	betabern	1	3	0.050645792	0.050637458	0.0	71649232	0	0	0.005899625	1.15234375
v6	run4	betabern	1	4	0.050416458	0.050417667	0.0	71649232	0	0	0.005948583	1.15234375
v6	run4	betabern	1	5	0.051136667	0.051139083	0.0	71649232	0	0	0.005931	1.15234375
v6	run4	betabern	1	6	0.051738042	0.051741292	0.0	71649232	0	0	0.00602775	1.15234375
v6	run4	betabern	1	7	0.05090125	0.050902417	0.0	71649232	0	0	0.005975459	1.15234375
v6	run4	betabern	1	8	0.050394666	0.05039625	0.0	71649232	0	0	0.005867292	1.15234375
v6	run4	betabern	1	9	0.0503195	0.050305708	0.0	71649232	0	0	0.0059825	1.15234375
v6	run4	betabern	1	10	0.05018125	0.050170833	0.0	71649232	0	0	0.005941125	1.15234375
v6	run4	betabern	1	11	0.050863542	0.050854375	0.0	71649232	0	0	0.0059625	1.15234375
F	run5	betabern	-1	0	1.2933499813079834	0	0	0	0	0	0	0
F	run5	betabern	0	0	5.47003025	5.469499417	0.188480375	1818917648	6	1	0.005958291	1.208984375
F	run5	betabern	1	1	0.058720167	0.058722541	0.0	69277616	0	0	0.0061545	1.19189453125
F	run5	betabern	1	2	0.040861375	0.040862834	0.0	67658288	0	0	0.005927167	1.19189453125
F	run5	betabern	1	3	0.040679416	0.040667459	0.0	67658288	0	0	0.005976	1.19189453125
F	run5	betabern	1	4	0.040800416	0.04080125	0.0	67658288	0	0	0.005949875	1.19189453125
F	run5	betabern	1	5	0.040706708	0.040696125	0.0	67658288	0	0	0.006330583	1.19189453125
F	run5	betabern	1	6	0.040517208	0.040506958	0.0	67658288	0	0	0.005927958	1.19189453125
F	run5	betabern	1	7	0.040788041	0.040789417	0.0	67658288	0	0	0.00595925	1.19189453125
F	run5	betabern	1	8	0.040432209	0.040433833	0.0	67658288	0	0	0.005915166	1.19189453125
F	run5	betabern	1	9	0.040648917	0.040650125	0.0	67658288	0	0	0.005895583	1.19189453125
F	run5	betabern	1	10	0.040824625	0.040825875	0.0	67658288	0	0	0.005983792	1.19189453125
F	run5	betabern	1	11	0.040300167	0.040301458	0.0	67658288	0	0	0.005832791	1.19189453125
v6	run5	betabern	-1	0	1.4028708934783936	0	0	0	0	0	0	0
v6	run5	betabern	0	0	4.426879917	4.426471791	0.155978917	1376364096	6	1	0.005926292	1.162109375
v6	run5	betabern	1	1	0.051030584	0.051032083	0.0	71649232	0	0	0.0058955	1.14892578125
v6	run5	betabern	1	2	0.050623625	0.050611584	0.0	71649232	0	0	0.005972458	1.14892578125
v6	run5	betabern	1	3	0.050813125	0.050815042	0.0	71649232	0	0	0.005953333	1.14892578125
v6	run5	betabern	1	4	0.0505785	0.050580583	0.0	71649232	0	0	0.005892583	1.14892578125
v6	run5	betabern	1	5	0.05043475	0.0504235	0.0	71649232	0	0	0.005937542	1.14892578125
v6	run5	betabern	1	6	0.050339416	0.050326334	0.0	71649232	0	0	0.005931916	1.14892578125
v6	run5	betabern	1	7	0.050075375	0.050066458	0.0	71649232	0	0	0.00591525	1.14892578125
v6	run5	betabern	1	8	0.05023625	0.050227292	0.0	71649232	0	0	0.005940875	1.14892578125
v6	run5	betabern	1	9	0.050452958	0.0504545	0.0	71649232	0	0	0.005958542	1.14892578125
v6	run5	betabern	1	10	0.050569667	0.050557083	0.0	71649232	0	0	0.005970583	1.14892578125
v6	run5	betabern	1	11	0.050414541	0.050416	0.0	71649232	0	0	0.005928417	1.14892578125
FULLT	run5	betabern	-1	0	1.295389175415039	0	0	0	0	0	0	0
FULLT	run5	betabern	0	0	4.992504042	4.992020625	0.16724875	1627784688	6	1	0.006000834	1.12548828125
FULLT	run5	betabern	1	1	0.07167475	0.071668167	0.0	87502448	0	0	0.005959333	1.115234375
FULLT	run5	betabern	1	2	0.071604875	0.071596042	0.0	87502448	0	0	0.0059635	1.115234375
FULLT	run5	betabern	1	3	0.071460792	0.071452542	0.0	87502448	0	0	0.005943	1.115234375
FULLT	run5	betabern	1	4	0.071398583	0.07139975	0.0	87502448	0	0	0.005922916	1.115234375
FULLT	run5	betabern	1	5	0.071364209	0.071366042	0.0	87502448	0	0	0.005898208	1.115234375
FULLT	run5	betabern	1	6	0.07131075	0.07131475	0.0	87502448	0	0	0.005895083	1.115234375
FULLT	run5	betabern	1	7	0.071802917	0.071805166	0.0	87502448	0	0	0.005936833	1.115234375
FULLT	run5	betabern	1	8	0.071572584	0.071573833	0.0	87502448	0	0	0.005920583	1.115234375
FULLT	run5	betabern	1	9	0.070904	0.070896	0.0	87502448	0	0	0.005945042	1.115234375
FULLT	run5	betabern	1	10	0.070881959	0.070871458	0.0	87502448	0	0	0.005937167	1.115234375
FULLT	run5	betabern	1	11	0.0705405	0.070529125	0.0	87502448	0	0	0.005901042	1.115234375
FULLT	run1	nl	-1	0	1.2982847690582275	0	0	0	0	0	0	0
FULLT	run1	nl	0	0	11.715342166	11.713236709	0.249300249	3295447232	11	1	0.005954125	1.17724609375
FULLT	run1	nl	10	1	0.043226708	0.04245025	0.0	47053712	0	0	0.005935125	1.1494140625
FULLT	run1	nl	20	1	0.061038916	0.0602685	0.0	65308288	0	0	0.005972167	1.1494140625
FULLT	run1	nl	10	2	0.043433833	0.042688375	0.0	47053712	0	0	0.005887292	1.1494140625
FULLT	run1	nl	20	2	0.061366667	0.060577666	0.0	65308288	0	0	0.005931083	1.1494140625
FULLT	run1	nl	10	3	0.043052375	0.04228625	0.0	47053712	0	0	0.006210292	1.1494140625
FULLT	run1	nl	20	3	0.060838459	0.060054459	0.0	65308288	0	0	0.005911458	1.1494140625
FULLT	run1	nl	10	4	0.043071208	0.042293458	0.0	47053712	0	0	0.005920791	1.1494140625
FULLT	run1	nl	20	4	0.060982417	0.060226667	0.0	65308288	0	0	0.005952209	1.1494140625
FULLT	run1	nl	10	5	0.043091125	0.042309541	0.0	47053712	0	0	0.005930791	1.1494140625
FULLT	run1	nl	20	5	0.060908417	0.060148292	0.0	65308288	0	0	0.005889667	1.1494140625
FULLT	run1	nl	10	6	0.043007334	0.042224625	0.0	47053712	0	0	0.005959875	1.1494140625
FULLT	run1	nl	20	6	0.060700125	0.0599165	0.0	65308288	0	0	0.005919417	1.1494140625
FULLT	run1	nl	10	7	0.043291458	0.042508208	0.0	47053712	0	0	0.00597625	1.1494140625
FULLT	run1	nl	20	7	0.061393625	0.060620125	0.0	65308288	0	0	0.005960584	1.1494140625
FULLT	run1	nl	10	8	0.043173416	0.042400541	0.0	47053712	0	0	0.005946292	1.1494140625
FULLT	run1	nl	20	8	0.060604417	0.059829458	0.0	65308288	0	0	0.005893375	1.1494140625
FULLT	run1	nl	10	9	0.04337375	0.042603791	0.0	47053712	0	0	0.005874083	1.1494140625
FULLT	run1	nl	20	9	0.060693	0.059928042	0.0	65308288	0	0	0.005908417	1.1494140625
FULLT	run1	nl	10	10	0.043170625	0.042404125	0.0	47053712	0	0	0.005938959	1.1494140625
FULLT	run1	nl	20	10	0.060629625	0.059853125	0.0	65308288	0	0	0.0059785	1.13720703125
FULLT	run1	nl	10	11	0.043167958	0.042372041	0.0	47053712	0	0	0.005946292	1.13720703125
FULLT	run1	nl	20	11	0.060532667	0.059755916	0.0	65308288	0	0	0.005919875	1.13720703125
F	run1	nl	-1	0	1.2985730171203613	0	0	0	0	0	0	0
F	run1	nl	0	0	11.553899292	11.55251625	0.277553876	3490143088	12	2	0.005918041	1.1259765625
F	run1	nl	10	1	0.197909083	0.197722667	0.0	57134384	0	0	0.005955583	1.09765625
F	run1	nl	20	1	0.076278708	0.076108375	0.0	57132816	0	0	0.005867125	1.09765625
F	run1	nl	10	2	0.032877584	0.032747459	0.0	40478032	0	0	0.005935833	1.09765625
F	run1	nl	20	2	0.047555	0.047434333	0.0	56046048	0	0	0.005899208	1.09765625
F	run1	nl	10	3	0.032386958	0.032259416	0.0	40478032	0	0	0.005929708	1.09765625
F	run1	nl	20	3	0.047408125	0.047288709	0.0	56046048	0	0	0.005939042	1.09765625
F	run1	nl	10	4	0.032576125	0.032447583	0.0	40478032	0	0	0.005942583	1.09765625
F	run1	nl	20	4	0.047807292	0.04767975	0.0	56046048	0	0	0.005854833	1.09765625
F	run1	nl	10	5	0.032985959	0.032857458	0.0	40478032	0	0	0.005884875	1.09765625
F	run1	nl	20	5	0.047788875	0.047671541	0.0	56046048	0	0	0.0059335	1.09765625
F	run1	nl	10	6	0.03244125	0.032313916	0.0	40478032	0	0	0.005987625	1.09765625
F	run1	nl	20	6	0.047086958	0.046959167	0.0	56046048	0	0	0.005914875	1.09765625
F	run1	nl	10	7	0.032217667	0.032092209	0.0	40478032	0	0	0.005928625	1.09765625
F	run1	nl	20	7	0.047609125	0.047466	0.0	56046048	0	0	0.005946541	1.09765625
F	run1	nl	10	8	0.032399625	0.03227	0.0	40478032	0	0	0.005896	1.09765625
F	run1	nl	20	8	0.047736708	0.047605792	0.0	56046048	0	0	0.005904083	1.09765625
F	run1	nl	10	9	0.032385542	0.032257958	0.0	40478032	0	0	0.005873375	1.09765625
F	run1	nl	20	9	0.047527625	0.047385958	0.0	56046048	0	0	0.0059625	1.09765625
F	run1	nl	10	10	0.032440958	0.0323025	0.0	40478032	0	0	0.005941583	1.09765625
F	run1	nl	20	10	0.047534167	0.047408416	0.0	56046048	0	0	0.005953792	1.09765625
F	run1	nl	10	11	0.032647625	0.032517791	0.0	40478032	0	0	0.005928666	1.09765625
F	run1	nl	20	11	0.047443792	0.047302583	0.0	56046048	0	0	0.005911042	1.09765625
v6	run1	nl	-1	0	1.4020519256591797	0	0	0	0	0	0	0
v6	run1	nl	0	0	8.84300475	8.841887042	0.212352458	2414535952	9	1	0.005983334	1.08203125
v6	run1	nl	10	1	0.240547541	0.240331958	0.0	68488400	0	0	0.005983417	1.06884765625
v6	run1	nl	20	1	0.074482458	0.07435575	0.0	75846352	0	0	0.005943375	1.06884765625
v6	run1	nl	10	2	0.044809291	0.044682167	0.0	50586336	0	0	0.005865667	1.06884765625
v6	run1	nl	20	2	0.07459825	0.074464959	0.0	75846352	0	0	0.00594225	1.06884765625
v6	run1	nl	10	3	0.044782167	0.044656292	0.0	50586336	0	0	0.005846042	1.06884765625
v6	run1	nl	20	3	0.074894041	0.074773208	0.0	75846352	0	0	0.005869416	1.06884765625
v6	run1	nl	10	4	0.044699	0.044569167	0.0	50586336	0	0	0.005868958	1.06884765625
v6	run1	nl	20	4	0.074731	0.074590208	0.0	75846352	0	0	0.005962875	1.06884765625
v6	run1	nl	10	5	0.044956708	0.044823834	0.0	50586336	0	0	0.005962834	1.06884765625
v6	run1	nl	20	5	0.074601375	0.074463416	0.0	75846352	0	0	0.00591225	1.06884765625
v6	run1	nl	10	6	0.0447445	0.044600833	0.0	50586336	0	0	0.005854958	1.06884765625
v6	run1	nl	20	6	0.07447675	0.074353834	0.0	75846352	0	0	0.005934083	1.06884765625
v6	run1	nl	10	7	0.044540667	0.044416084	0.0	50586336	0	0	0.005904458	1.06884765625
v6	run1	nl	20	7	0.074352458	0.074209416	0.0	75846352	0	0	0.005945292	1.06884765625
v6	run1	nl	10	8	0.044802292	0.044672208	0.0	50586336	0	0	0.005907125	1.06884765625
v6	run1	nl	20	8	0.0740455	0.073917708	0.0	75846352	0	0	0.005864208	1.06884765625
v6	run1	nl	10	9	0.044514291	0.044384166	0.0	50586336	0	0	0.005984042	1.06884765625
v6	run1	nl	20	9	0.073811958	0.073682333	0.0	75846352	0	0	0.005932167	1.06884765625
v6	run1	nl	10	10	0.044488208	0.044357458	0.0	50586336	0	0	0.005949667	1.06884765625
v6	run1	nl	20	10	0.074068333	0.073935208	0.0	75846352	0	0	0.005892625	1.06884765625
v6	run1	nl	10	11	0.044768083	0.044640416	0.0	50586336	0	0	0.005933833	1.06884765625
v6	run1	nl	20	11	0.074092125	0.073949666	0.0	75846352	0	0	0.005953667	1.06884765625
F	run2	nl	-1	0	1.299372911453247	0	0	0	0	0	0	0
F	run2	nl	0	0	11.519983167	11.518625875	0.278897333	3490245776	11	1	0.006008042	1.21142578125
F	run2	nl	10	1	0.223536416	0.223323167	0.0	58220096	0	0	0.006011	1.2587890625
F	run2	nl	20	1	0.048179791	0.048054917	0.0	56046048	0	0	0.005912958	1.2587890625
F	run2	nl	10	2	0.032702875	0.032574208	0.0	40478032	0	0	0.006086667	1.2587890625
F	run2	nl	20	2	0.048507458	0.048366	0.0	56046048	0	0	0.005926666	1.2587890625
F	run2	nl	10	3	0.032635875	0.032513791	0.0	40478032	0	0	0.006029458	1.2587890625
F	run2	nl	20	3	0.048535458	0.048384667	0.0	56046048	0	0	0.005953209	1.2587890625
F	run2	nl	10	4	0.032710666	0.032583458	0.0	40478032	0	0	0.005938291	1.2587890625
F	run2	nl	20	4	0.048231792	0.0481025	0.0	56046048	0	0	0.005851416	1.2587890625
F	run2	nl	10	5	0.032878833	0.03276175	0.0	40478032	0	0	0.005911375	1.2587890625
F	run2	nl	20	5	0.048605959	0.048482625	0.0	56046048	0	0	0.005832709	1.2587890625
F	run2	nl	10	6	0.032954875	0.032825084	0.0	40478032	0	0	0.005877292	1.23779296875
F	run2	nl	20	6	0.048393667	0.048261416	0.0	56046048	0	0	0.005895625	1.23779296875
F	run2	nl	10	7	0.03271225	0.032589333	0.0	40478032	0	0	0.00587075	1.23779296875
F	run2	nl	20	7	0.048026584	0.047894667	0.0	56046048	0	0	0.005831666	1.23779296875
F	run2	nl	10	8	0.03282625	0.032697708	0.0	40478032	0	0	0.005874917	1.23779296875
F	run2	nl	20	8	0.048122417	0.047994458	0.0	56046048	0	0	0.005837584	1.23779296875
F	run2	nl	10	9	0.032691792	0.032569208	0.0	40478032	0	0	0.006104833	1.23779296875
F	run2	nl	20	9	0.047949375	0.04781775	0.0	56046048	0	0	0.005902791	1.23779296875
F	run2	nl	10	10	0.032592125	0.032459584	0.0	40478032	0	0	0.005839792	1.23779296875
F	run2	nl	20	10	0.048103375	0.047973666	0.0	56046048	0	0	0.005835417	1.23779296875
F	run2	nl	10	11	0.032867166	0.032737791	0.0	40478032	0	0	0.005913125	1.23779296875
F	run2	nl	20	11	0.048354833	0.0482265	0.0	56046048	0	0	0.00596125	1.23779296875
v6	run2	nl	-1	0	1.4017839431762695	0	0	0	0	0	0	0
v6	run2	nl	0	0	8.877054459	8.875924625	0.214034124	2414515568	9	1	0.005931458	1.298828125
v6	run2	nl	10	1	0.241203541	0.240954792	0.0	68490288	0	0	0.005870917	1.40576171875
v6	run2	nl	20	1	0.074979334	0.074844	0.0	75846352	0	0	0.005937583	1.40576171875
v6	run2	nl	10	2	0.044737041	0.044610125	0.0	50586336	0	0	0.005970625	1.40576171875
v6	run2	nl	20	2	0.074361292	0.074229125	0.0	75846352	0	0	0.0059005	1.40576171875
v6	run2	nl	10	3	0.044725375	0.044601834	0.0	50586336	0	0	0.005942459	1.40576171875
v6	run2	nl	20	3	0.074384125	0.074258125	0.0	75846352	0	0	0.005894917	1.40576171875
v6	run2	nl	10	4	0.044565833	0.04443475	0.0	50586336	0	0	0.005931833	1.40576171875
v6	run2	nl	20	4	0.073939875	0.073802209	0.0	75846352	0	0	0.005996333	1.40576171875
v6	run2	nl	10	5	0.044727625	0.044588875	0.0	50586336	0	0	0.00596975	1.40576171875
v6	run2	nl	20	5	0.074180958	0.074052333	0.0	75846352	0	0	0.005937666	1.40576171875
v6	run2	nl	10	6	0.04472825	0.044593667	0.0	50586336	0	0	0.005990125	1.373046875
v6	run2	nl	20	6	0.074308875	0.074179	0.0	75846352	0	0	0.005906208	1.373046875
v6	run2	nl	10	7	0.044452375	0.044327417	0.0	50586336	0	0	0.005866959	1.373046875
v6	run2	nl	20	7	0.073872959	0.073736042	0.0	75846352	0	0	0.005936084	1.373046875
v6	run2	nl	10	8	0.044316583	0.044196625	0.0	50586336	0	0	0.0059575	1.373046875
v6	run2	nl	20	8	0.0739995	0.073877166	0.0	75846352	0	0	0.005866291	1.373046875
v6	run2	nl	10	9	0.044679792	0.044556875	0.0	50586336	0	0	0.005990084	1.373046875
v6	run2	nl	20	9	0.073839958	0.073701542	0.0	75846352	0	0	0.005911916	1.373046875
v6	run2	nl	10	10	0.044627042	0.044500583	0.0	50586336	0	0	0.0059375	1.373046875
v6	run2	nl	20	10	0.073979	0.073840667	0.0	75846352	0	0	0.005954209	1.373046875
v6	run2	nl	10	11	0.044245125	0.044115042	0.0	50586336	0	0	0.005986875	1.373046875
v6	run2	nl	20	11	0.073985791	0.073846709	0.0	75846352	0	0	0.005990125	1.373046875
FULLT	run2	nl	-1	0	1.2989270687103271	0	0	0	0	0	0	0
FULLT	run2	nl	0	0	11.76035925	11.7582165	0.274447457	3295440144	12	2	0.005991125	1.5029296875
FULLT	run2	nl	10	1	0.043348083	0.042583458	0.0	47053712	0	0	0.00601025	1.625
FULLT	run2	nl	20	1	0.061599583	0.060821584	0.0	65308288	0	0	0.005974125	1.625
FULLT	run2	nl	10	2	0.043426833	0.042634209	0.0	47053712	0	0	0.005922333	1.625
FULLT	run2	nl	20	2	0.061270458	0.06048875	0.0	65308288	0	0	0.005906833	1.625
FULLT	run2	nl	10	3	0.043360125	0.042586875	0.0	47053712	0	0	0.005930417	1.625
FULLT	run2	nl	20	3	0.061176083	0.0604245	0.0	65308288	0	0	0.005966625	1.625
FULLT	run2	nl	10	4	0.043072708	0.04229475	0.0	47053712	0	0	0.005889625	1.625
FULLT	run2	nl	20	4	0.061713625	0.060937334	0.0	65308288	0	0	0.00592625	1.625
FULLT	run2	nl	10	5	0.0431435	0.042376583	0.0	47053712	0	0	0.005934083	1.625
FULLT	run2	nl	20	5	0.061319167	0.060550834	0.0	65308288	0	0	0.005918167	1.625
FULLT	run2	nl	10	6	0.0430425	0.042270125	0.0	47053712	0	0	0.005934708	1.625
FULLT	run2	nl	20	6	0.061245167	0.06050375	0.0	65308288	0	0	0.00593775	1.625
FULLT	run2	nl	10	7	0.043355	0.04259075	0.0	47053712	0	0	0.005939541	1.625
FULLT	run2	nl	20	7	0.061620959	0.060842417	0.0	65308288	0	0	0.005943458	1.625
FULLT	run2	nl	10	8	0.043082292	0.042305583	0.0	47053712	0	0	0.005964792	1.625
FULLT	run2	nl	20	8	0.061431958	0.060640709	0.0	65308288	0	0	0.0059745	1.625
FULLT	run2	nl	10	9	0.043364583	0.042586667	0.0	47053712	0	0	0.005961125	1.625
FULLT	run2	nl	20	9	0.061481708	0.060705375	0.0	65308288	0	0	0.005925167	1.625
FULLT	run2	nl	10	10	0.042955333	0.042189041	0.0	47053712	0	0	0.005964125	1.625
FULLT	run2	nl	20	10	0.061474	0.060702	0.0	65308288	0	0	0.005896959	1.625
FULLT	run2	nl	10	11	0.0432665	0.042469667	0.0	47053712	0	0	0.005928584	1.625
FULLT	run2	nl	20	11	0.061789875	0.061007084	0.0	65308288	0	0	0.005949416	1.625
v6	run3	nl	-1	0	1.4036660194396973	0	0	0	0	0	0	0
v6	run3	nl	0	0	8.74454575	8.743554708	0.213171209	2401652432	9	1	0.005977958	1.60205078125
v6	run3	nl	10	1	0.365102417	0.364767459	0.0	81368144	0	0	0.005906125	1.50927734375
v6	run3	nl	20	1	0.077706541	0.077580459	0.0	75846352	0	0	0.005928334	1.50927734375
v6	run3	nl	10	2	0.046778542	0.046648792	0.0	50586336	0	0	0.005866834	1.50927734375
v6	run3	nl	20	2	0.077428584	0.077303459	0.0	75846352	0	0	0.005870458	1.50927734375
v6	run3	nl	10	3	0.046800958	0.046674584	0.0	50586336	0	0	0.005936958	1.50927734375
v6	run3	nl	20	3	0.07726225	0.077133167	0.0	75846352	0	0	0.005862	1.50927734375
v6	run3	nl	10	4	0.046373208	0.04623125	0.0	50586336	0	0	0.005966375	1.50927734375
v6	run3	nl	20	4	0.077704667	0.077564459	0.0	75846352	0	0	0.0059	1.50927734375
v6	run3	nl	10	5	0.046512583	0.046385416	0.0	50586336	0	0	0.00592925	1.50927734375
v6	run3	nl	20	5	0.078022125	0.077895375	0.0	75846352	0	0	0.005883084	1.50927734375
v6	run3	nl	10	6	0.046550417	0.046421125	0.0	50586336	0	0	0.00593	1.50927734375
v6	run3	nl	20	6	0.077388625	0.077253167	0.0	75846352	0	0	0.005949	1.50927734375
v6	run3	nl	10	7	0.046319875	0.046180042	0.0	50586336	0	0	0.005962333	1.50927734375
v6	run3	nl	20	7	0.077575834	0.077444666	0.0	75846352	0	0	0.005948208	1.50927734375
v6	run3	nl	10	8	0.04618375	0.04605325	0.0	50586336	0	0	0.005925958	1.50927734375
v6	run3	nl	20	8	0.078316833	0.078187291	0.0	75846352	0	0	0.005904083	1.50927734375
v6	run3	nl	10	9	0.046302625	0.046174291	0.0	50586336	0	0	0.00593	1.50927734375
v6	run3	nl	20	9	0.077333959	0.077191958	0.0	75846352	0	0	0.005935417	1.50927734375
v6	run3	nl	10	10	0.046557833	0.046432917	0.0	50586336	0	0	0.005960208	1.50927734375
v6	run3	nl	20	10	0.077149209	0.077008833	0.0	75846352	0	0	0.005966125	1.50927734375
v6	run3	nl	10	11	0.0462595	0.0461335	0.0	50586336	0	0	0.005840167	1.50927734375
v6	run3	nl	20	11	0.076995667	0.076864625	0.0	75846352	0	0	0.005895166	1.50927734375
FULLT	run3	nl	-1	0	1.2917330265045166	0	0	0	0	0	0	0
FULLT	run3	nl	0	0	11.786455833	11.78438275	0.274054666	3295417712	12	1	0.005980958	1.58447265625
FULLT	run3	nl	10	1	0.04322575	0.042462541	0.0	47053712	0	0	0.00593525	1.4541015625
FULLT	run3	nl	20	1	0.061336	0.060571125	0.0	65308288	0	0	0.005895792	1.4541015625
FULLT	run3	nl	10	2	0.043304208	0.042534959	0.0	47053712	0	0	0.005923667	1.4541015625
FULLT	run3	nl	20	2	0.060986375	0.060222625	0.0	65308288	0	0	0.00592325	1.4541015625
FULLT	run3	nl	10	3	0.043178958	0.04239375	0.0	47053712	0	0	0.005955167	1.4541015625
FULLT	run3	nl	20	3	0.061246084	0.06045825	0.0	65308288	0	0	0.005914875	1.4541015625
FULLT	run3	nl	10	4	0.043181416	0.042432417	0.0	47053712	0	0	0.005852542	1.4541015625
FULLT	run3	nl	20	4	0.060994833	0.060219834	0.0	65308288	0	0	0.005905875	1.4541015625
FULLT	run3	nl	10	5	0.0429435	0.042198291	0.0	47053712	0	0	0.005977375	1.4541015625
FULLT	run3	nl	20	5	0.0609575	0.060181375	0.0	65308288	0	0	0.0059085	1.4541015625
FULLT	run3	nl	10	6	0.042875792	0.042099459	0.0	47053712	0	0	0.005892167	1.4541015625
FULLT	run3	nl	20	6	0.060793292	0.060021708	0.0	65308288	0	0	0.005936875	1.4541015625
FULLT	run3	nl	10	7	0.042967875	0.0422015	0.0	47053712	0	0	0.005967583	1.4541015625
FULLT	run3	nl	20	7	0.061354459	0.060580125	0.0	65308288	0	0	0.005956	1.4541015625
FULLT	run3	nl	10	8	0.042752125	0.041977792	0.0	47053712	0	0	0.005905375	1.4541015625
FULLT	run3	nl	20	8	0.060822041	0.060052625	0.0	65308288	0	0	0.0058405	1.4541015625
FULLT	run3	nl	10	9	0.0430075	0.042229041	0.0	47053712	0	0	0.005859833	1.4541015625
FULLT	run3	nl	20	9	0.060815	0.060034542	0.0	65308288	0	0	0.005937125	1.4541015625
FULLT	run3	nl	10	10	0.043014459	0.0422555	0.0	47053712	0	0	0.005944583	1.4541015625
FULLT	run3	nl	20	10	0.061204875	0.060435459	0.0	65308288	0	0	0.005943916	1.4541015625
FULLT	run3	nl	10	11	0.042777708	0.042001291	0.0	47053712	0	0	0.005930625	1.4541015625
FULLT	run3	nl	20	11	0.060908959	0.060146833	0.0	65308288	0	0	0.005954542	1.4541015625
F	run3	nl	-1	0	1.2983181476593018	0	0	0	0	0	0	0
F	run3	nl	0	0	11.5035305	11.502146791	0.272208958	3490124208	12	1	0.005981084	1.69775390625
F	run3	nl	10	1	0.223794167	0.223563	0.0	58223344	0	0	0.005934042	1.58984375
F	run3	nl	20	1	0.050056125	0.049930416	0.0	56046048	0	0	0.005958125	1.58984375
F	run3	nl	10	2	0.032745875	0.032615333	0.0	40478032	0	0	0.005949708	1.58984375
F	run3	nl	20	2	0.049591084	0.0494655	0.0	56046048	0	0	0.005976083	1.58984375
F	run3	nl	10	3	0.033198333	0.033066875	0.0	40478032	0	0	0.005934875	1.58984375
F	run3	nl	20	3	0.049806791	0.04967675	0.0	56046048	0	0	0.00589825	1.58984375
F	run3	nl	10	4	0.033434834	0.033307167	0.0	40478032	0	0	0.005971209	1.58984375
F	run3	nl	20	4	0.049694459	0.049572458	0.0	56046048	0	0	0.005914167	1.58984375
F	run3	nl	10	5	0.033030458	0.032903709	0.0	40478032	0	0	0.005945625	1.58984375
F	run3	nl	20	5	0.049736792	0.049613208	0.0	56046048	0	0	0.005921917	1.58984375
F	run3	nl	10	6	0.033324458	0.033196208	0.0	40478032	0	0	0.0059205	1.58984375
F	run3	nl	20	6	0.049387083	0.04926125	0.0	56046048	0	0	0.005899	1.58984375
F	run3	nl	10	7	0.03346325	0.033333958	0.0	40478032	0	0	0.005931375	1.54248046875
F	run3	nl	20	7	0.04970725	0.04958075	0.0	56046048	0	0	0.005975417	1.54248046875
F	run3	nl	10	8	0.033148459	0.033018458	0.0	40478032	0	0	0.005900667	1.54248046875
F	run3	nl	20	8	0.049133	0.048990625	0.0	56046048	0	0	0.005949625	1.54248046875
F	run3	nl	10	9	0.033110916	0.032981583	0.0	40478032	0	0	0.005862792	1.54248046875
F	run3	nl	20	9	0.049593417	0.049452584	0.0	56046048	0	0	0.005921709	1.54248046875
F	run3	nl	10	10	0.032988167	0.032860417	0.0	40478032	0	0	0.005979167	1.54248046875
F	run3	nl	20	10	0.049752333	0.049610541	0.0	56046048	0	0	0.00596725	1.54248046875
F	run3	nl	10	11	0.033347291	0.033218917	0.0	40478032	0	0	0.005873083	1.54248046875
F	run3	nl	20	11	0.049332416	0.0491975	0.0	56046048	0	0	0.005924666	1.54248046875
FULLT	run4	nl	-1	0	1.296170949935913	0	0	0	0	0	0	0
FULLT	run4	nl	0	0	11.793222833	11.791075875	0.321204748	3295342544	12	2	0.00597775	1.7392578125
FULLT	run4	nl	10	1	0.043179125	0.042402666	0.0	47053712	0	0	0.0059205	1.57470703125
FULLT	run4	nl	20	1	0.061333458	0.060569625	0.0	65308288	0	0	0.005946416	1.57470703125
FULLT	run4	nl	10	2	0.043400625	0.042654833	0.0	47053712	0	0	0.00586675	1.57470703125
FULLT	run4	nl	20	2	0.061207042	0.06042275	0.0	65308288	0	0	0.00589525	1.57470703125
FULLT	run4	nl	10	3	0.043504125	0.042748166	0.0	47053712	0	0	0.00593725	1.57470703125
FULLT	run4	nl	20	3	0.061755542	0.06097475	0.0	65308288	0	0	0.005967958	1.57470703125
FULLT	run4	nl	10	4	0.043593042	0.042812333	0.0	47053712	0	0	0.00593375	1.57470703125
FULLT	run4	nl	20	4	0.061460541	0.060658708	0.0	65308288	0	0	0.005954416	1.57470703125
FULLT	run4	nl	10	5	0.043298041	0.042554625	0.0	47053712	0	0	0.005925875	1.57470703125
FULLT	run4	nl	20	5	0.060888792	0.0601285	0.0	65308288	0	0	0.005926959	1.57470703125
FULLT	run4	nl	10	6	0.043312125	0.042571708	0.0	47053712	0	0	0.005845667	1.57470703125
FULLT	run4	nl	20	6	0.061405958	0.060658125	0.0	65308288	0	0	0.005950084	1.57470703125
FULLT	run4	nl	10	7	0.04314	0.042374	0.0	47053712	0	0	0.005897959	1.57470703125
FULLT	run4	nl	20	7	0.060958417	0.060213083	0.0	65308288	0	0	0.005979084	1.57470703125
FULLT	run4	nl	10	8	0.043202	0.042428167	0.0	47053712	0	0	0.005900916	1.57470703125
FULLT	run4	nl	20	8	0.060891084	0.060116417	0.0	65308288	0	0	0.005930667	1.57470703125
FULLT	run4	nl	10	9	0.043016125	0.04225325	0.0	47053712	0	0	0.005952333	1.57470703125
FULLT	run4	nl	20	9	0.061302	0.060537875	0.0	65308288	0	0	0.005938292	1.57470703125
FULLT	run4	nl	10	10	0.043129166	0.042355042	0.0	47053712	0	0	0.005975833	1.57470703125
FULLT	run4	nl	20	10	0.061271291	0.060479334	0.0	65308288	0	0	0.005940791	1.57470703125
FULLT	run4	nl	10	11	0.043177834	0.042409375	0.0	47053712	0	0	0.005952	1.57470703125
FULLT	run4	nl	20	11	0.061058917	0.060283375	0.0	65308288	0	0	0.005970125	1.57470703125
F	run4	nl	-1	0	1.2959930896759033	0	0	0	0	0	0	0
F	run4	nl	0	0	11.400928833	11.399589875	0.272890791	3478742352	12	2	0.005929	1.48583984375
F	run4	nl	10	1	0.331028375	0.330722292	0.0	69610160	0	0	0.005968125	1.41064453125
F	run4	nl	20	1	0.048147667	0.048009792	0.0	56046048	0	0	0.005904458	1.41064453125
F	run4	nl	10	2	0.032673042	0.032544041	0.0	40478032	0	0	0.005862917	1.41064453125
F	run4	nl	20	2	0.047887459	0.047753792	0.0	56046048	0	0	0.00594775	1.37744140625
F	run4	nl	10	3	0.03303875	0.032911209	0.0	40478032	0	0	0.005894625	1.37744140625
F	run4	nl	20	3	0.048045125	0.047903792	0.0	56046048	0	0	0.00589625	1.37744140625
F	run4	nl	10	4	0.032596916	0.032469833	0.0	40478032	0	0	0.005966292	1.37744140625
F	run4	nl	20	4	0.048491375	0.048363792	0.0	56046048	0	0	0.005950459	1.37744140625
F	run4	nl	10	5	0.032820916	0.032693583	0.0	40478032	0	0	0.00597	1.37744140625
F	run4	nl	20	5	0.047740084	0.047622667	0.0	56046048	0	0	0.005921833	1.37744140625
F	run4	nl	10	6	0.032334833	0.032212625	0.0	40478032	0	0	0.005943708	1.37744140625
F	run4	nl	20	6	0.04780475	0.047675417	0.0	56046048	0	0	0.005875209	1.37744140625
F	run4	nl	10	7	0.032747917	0.03262675	0.0	40478032	0	0	0.005939333	1.37744140625
F	run4	nl	20	7	0.04773325	0.047608625	0.0	56046048	0	0	0.005984916	1.37744140625
F	run4	nl	10	8	0.032742	0.032616167	0.0	40478032	0	0	0.00598075	1.37744140625
F	run4	nl	20	8	0.04790625	0.047782042	0.0	56046048	0	0	0.005897083	1.37744140625
F	run4	nl	10	9	0.032524541	0.032402208	0.0	40478032	0	0	0.005842458	1.37744140625
F	run4	nl	20	9	0.047843334	0.047702458	0.0	56046048	0	0	0.005967208	1.37744140625
F	run4	nl	10	10	0.032823875	0.032693	0.0	40478032	0	0	0.005953958	1.37744140625
F	run4	nl	20	10	0.047567166	0.047438459	0.0	56046048	0	0	0.005901958	1.37744140625
F	run4	nl	10	11	0.032338458	0.03221075	0.0	40478032	0	0	0.005958625	1.37744140625
F	run4	nl	20	11	0.047868917	0.047730208	0.0	56046048	0	0	0.005970583	1.37744140625
v6	run4	nl	-1	0	1.4022488594055176	0	0	0	0	0	0	0
v6	run4	nl	0	0	8.884519708	8.883419875	0.230823416	2414509616	10	1	0.00592725	1.34716796875
v6	run4	nl	10	1	0.239537375	0.239329375	0.0	68489584	0	0	0.005901041	1.29345703125
v6	run4	nl	20	1	0.076484125	0.07634225	0.0	75846352	0	0	0.005990542	1.29345703125
v6	run4	nl	10	2	0.045645292	0.045503667	0.0	50586336	0	0	0.005996917	1.29345703125
v6	run4	nl	20	2	0.076431792	0.076293125	0.0	75846352	0	0	0.005968625	1.29345703125
v6	run4	nl	10	3	0.045586542	0.045459042	0.0	50586336	0	0	0.005913791	1.26953125
v6	run4	nl	20	3	0.075514666	0.075391458	0.0	75846352	0	0	0.005920667	1.26953125
v6	run4	nl	10	4	0.045749667	0.045624709	0.0	50586336	0	0	0.005893958	1.26953125
v6	run4	nl	20	4	0.075467166	0.075340042	0.0	75846352	0	0	0.00583625	1.26953125
v6	run4	nl	10	5	0.045238791	0.045116666	0.0	50586336	0	0	0.005931083	1.26953125
v6	run4	nl	20	5	0.075652625	0.075518458	0.0	75846352	0	0	0.005983834	1.26953125
v6	run4	nl	10	6	0.04538175	0.045250292	0.0	50586336	0	0	0.005975417	1.26953125
v6	run4	nl	20	6	0.076003584	0.075861833	0.0	75846352	0	0	0.005903125	1.26953125
v6	run4	nl	10	7	0.04555825	0.045416458	0.0	50586336	0	0	0.005966542	1.26953125
v6	run4	nl	20	7	0.0757785	0.075649209	0.0	75846352	0	0	0.0059465	1.26953125
v6	run4	nl	10	8	0.04539825	0.045254875	0.0	50586336	0	0	0.005950292	1.26953125
v6	run4	nl	20	8	0.075696292	0.075554	0.0	75846352	0	0	0.005957583	1.26953125
v6	run4	nl	10	9	0.046380875	0.046245666	0.0	50586336	0	0	0.005996333	1.26953125
v6	run4	nl	20	9	0.076500583	0.076368292	0.0	75846352	0	0	0.005910834	1.26953125
v6	run4	nl	10	10	0.0455755	0.04545	0.0	50586336	0	0	0.005962292	1.26953125
v6	run4	nl	20	10	0.075488583	0.07536375	0.0	75846352	0	0	0.005890291	1.26953125
v6	run4	nl	10	11	0.0453745	0.045246333	0.0	50586336	0	0	0.005936583	1.26953125
v6	run4	nl	20	11	0.075913334	0.075792167	0.0	75846352	0	0	0.005942291	1.26953125
F	run5	nl	-1	0	1.2933340072631836	0	0	0	0	0	0	0
F	run5	nl	0	0	11.521262958	11.519890416	0.2776375	3490095824	12	2	0.005992334	1.2275390625
F	run5	nl	10	1	0.22447975	0.224252709	0.0	58222416	0	0	0.005938625	1.19189453125
F	run5	nl	20	1	0.049392833	0.049265375	0.0	56046048	0	0	0.005945584	1.19189453125
F	run5	nl	10	2	0.033399	0.033267833	0.0	40478032	0	0	0.005929666	1.19189453125
F	run5	nl	20	2	0.049109458	0.048984333	0.0	56046048	0	0	0.006076083	1.19189453125
F	run5	nl	10	3	0.03329475	0.033172833	0.0	40478032	0	0	0.005939625	1.19189453125
F	run5	nl	20	3	0.049093708	0.04896425	0.0	56046048	0	0	0.005928459	1.19189453125
F	run5	nl	10	4	0.033449125	0.0333185	0.0	40478032	0	0	0.005927709	1.19189453125
F	run5	nl	20	4	0.048784042	0.048659083	0.0	56046048	0	0	0.005892083	1.19189453125
F	run5	nl	10	5	0.033110375	0.032983416	0.0	40478032	0	0	0.00590075	1.19189453125
F	run5	nl	20	5	0.0492235	0.049102416	0.0	56046048	0	0	0.005887584	1.19189453125
F	run5	nl	10	6	0.033133917	0.033005834	0.0	40478032	0	0	0.005970458	1.19189453125
F	run5	nl	20	6	0.049212583	0.049082958	0.0	56046048	0	0	0.005919791	1.19189453125
F	run5	nl	10	7	0.033163375	0.033034458	0.0	40478032	0	0	0.006123209	1.19189453125
F	run5	nl	20	7	0.049032542	0.048901917	0.0	56046048	0	0	0.005968958	1.19189453125
F	run5	nl	10	8	0.033062458	0.032937709	0.0	40478032	0	0	0.005928	1.19189453125
F	run5	nl	20	8	0.048928291	0.048798833	0.0	56046048	0	0	0.005866041	1.19189453125
F	run5	nl	10	9	0.033071083	0.032941	0.0	40478032	0	0	0.005952584	1.19189453125
F	run5	nl	20	9	0.049175708	0.04904575	0.0	56046048	0	0	0.005892292	1.19189453125
F	run5	nl	10	10	0.033323375	0.033192791	0.0	40478032	0	0	0.005953791	1.19189453125
F	run5	nl	20	10	0.049120208	0.048993084	0.0	56046048	0	0	0.005891167	1.19189453125
F	run5	nl	10	11	0.033047791	0.032916417	0.0	40478032	0	0	0.005960334	1.19189453125
F	run5	nl	20	11	0.049347875	0.049218291	0.0	56046048	0	0	0.005839583	1.17626953125
v6	run5	nl	-1	0	1.4060730934143066	0	0	0	0	0	0	0
v6	run5	nl	0	0	8.877664875	8.876488791	0.211236168	2414511872	9	1	0.005921542	1.162109375
v6	run5	nl	10	1	0.241004584	0.2407945	0.0	68491392	0	0	0.005894292	1.13671875
v6	run5	nl	20	1	0.075652542	0.075521958	0.0	75846352	0	0	0.005926792	1.13671875
v6	run5	nl	10	2	0.045461792	0.045330792	0.0	50586336	0	0	0.005928917	1.13671875
v6	run5	nl	20	2	0.075119458	0.074995	0.0	75846352	0	0	0.005989292	1.13671875
v6	run5	nl	10	3	0.045769333	0.045609584	0.0	50586336	0	0	0.005988459	1.13671875
v6	run5	nl	20	3	0.075052959	0.074927291	0.0	75846352	0	0	0.005945958	1.13671875
v6	run5	nl	10	4	0.045126084	0.045002583	0.0	50586336	0	0	0.005909167	1.13671875
v6	run5	nl	20	4	0.074829209	0.074705625	0.0	75846352	0	0	0.005896958	1.13671875
v6	run5	nl	10	5	0.045228458	0.045096792	0.0	50586336	0	0	0.005899833	1.13671875
v6	run5	nl	20	5	0.074883167	0.074754792	0.0	75846352	0	0	0.005931875	1.13671875
v6	run5	nl	10	6	0.045088417	0.044946	0.0	50586336	0	0	0.005967833	1.13671875
v6	run5	nl	20	6	0.074913042	0.074776583	0.0	75846352	0	0	0.005982084	1.13671875
v6	run5	nl	10	7	0.045080583	0.044946292	0.0	50586336	0	0	0.005900208	1.13671875
v6	run5	nl	20	7	0.07508575	0.074946792	0.0	75846352	0	0	0.005939792	1.13671875
v6	run5	nl	10	8	0.04511525	0.044983167	0.0	50586336	0	0	0.005972667	1.13671875
v6	run5	nl	20	8	0.07492875	0.074799958	0.0	75846352	0	0	0.005897375	1.13671875
v6	run5	nl	10	9	0.044876792	0.044758459	0.0	50586336	0	0	0.005965875	1.13671875
v6	run5	nl	20	9	0.074888542	0.074761084	0.0	75846352	0	0	0.005846	1.13671875
v6	run5	nl	10	10	0.045182667	0.045061291	0.0	50586336	0	0	0.005901167	1.13671875
v6	run5	nl	20	10	0.074980667	0.074844458	0.0	75846352	0	0	0.005934208	1.12548828125
v6	run5	nl	10	11	0.045145584	0.045016583	0.0	50586336	0	0	0.005981084	1.12548828125
v6	run5	nl	20	11	0.074613666	0.074474167	0.0	75846352	0	0	0.005923167	1.12548828125
FULLT	run5	nl	-1	0	1.293045997619629	0	0	0	0	0	0	0
FULLT	run5	nl	0	0	11.787577125	11.785401042	0.277173833	3295436320	12	2	0.005932625	1.115234375
FULLT	run5	nl	10	1	0.043656791	0.042868584	0.0	47053712	0	0	0.005897708	1.08935546875
FULLT	run5	nl	20	1	0.061795583	0.061004	0.0	65308288	0	0	0.005937625	1.08935546875
FULLT	run5	nl	10	2	0.043297042	0.042505625	0.0	47053712	0	0	0.00594575	1.08935546875
FULLT	run5	nl	20	2	0.061350167	0.060575167	0.0	65308288	0	0	0.005922875	1.08935546875
FULLT	run5	nl	10	3	0.043449542	0.042678083	0.0	47053712	0	0	0.006162459	1.08935546875
FULLT	run5	nl	20	3	0.061018416	0.060260083	0.0	65308288	0	0	0.00590475	1.08935546875
FULLT	run5	nl	10	4	0.043222	0.042457375	0.0	47053712	0	0	0.005868042	1.08935546875
FULLT	run5	nl	20	4	0.061617917	0.060860041	0.0	65308288	0	0	0.005926833	1.08935546875
FULLT	run5	nl	10	5	0.043569625	0.042805083	0.0	47053712	0	0	0.005946291	1.08935546875
FULLT	run5	nl	20	5	0.061021959	0.060264709	0.0	65308288	0	0	0.005889417	1.08935546875
FULLT	run5	nl	10	6	0.043026583	0.042260583	0.0	47053712	0	0	0.005936709	1.08935546875
FULLT	run5	nl	20	6	0.061215167	0.060440708	0.0	65308288	0	0	0.005964084	1.08935546875
FULLT	run5	nl	10	7	0.04311075	0.042352375	0.0	47053712	0	0	0.005893416	1.08935546875
FULLT	run5	nl	20	7	0.061281625	0.060516333	0.0	65308288	0	0	0.005929042	1.08935546875
FULLT	run5	nl	10	8	0.043342875	0.042542792	0.0	47053712	0	0	0.005959958	1.08935546875
FULLT	run5	nl	20	8	0.061257292	0.060500417	0.0	65308288	0	0	0.005921416	1.08935546875
FULLT	run5	nl	10	9	0.043656583	0.042900167	0.0	47053712	0	0	0.005944625	1.08935546875
FULLT	run5	nl	20	9	0.061439167	0.060700458	0.0	65308288	0	0	0.005933	1.08935546875
FULLT	run5	nl	10	10	0.04325575	0.042501875	0.0	47053712	0	0	0.005959708	1.08935546875
FULLT	run5	nl	20	10	0.061260708	0.060466458	0.0	65308288	0	0	0.005905917	1.08935546875
FULLT	run5	nl	10	11	0.043638709	0.04283925	0.0	47053712	0	0	0.005927625	1.08935546875
FULLT	run5	nl	20	11	0.061583042	0.060829667	0.0	65308288	0	0	0.005928709	1.08935546875
FULLT	run1	hmm	-1	0	1.2945349216461182	0	0	0	0	0	0	0
FULLT	run1	hmm	0	0	12.122517291	12.120605792	0.337740248	3621216544	14	2	0.006004208	1.0751953125
FULLT	run1	hmm	20	1	0.059357458	0.058827791	0.0	88273456	0	0	0.005933666	1.0576171875
FULLT	run1	hmm	40	1	0.105248125	0.104295416	0.0	155554128	0	0	0.005930334	1.0576171875
FULLT	run1	hmm	20	2	0.059209875	0.058671333	0.0	88273456	0	0	0.005930083	1.0576171875
FULLT	run1	hmm	40	2	0.103982	0.102999208	0.0	155554128	0	0	0.005945	1.0576171875
FULLT	run1	hmm	20	3	0.059702541	0.059138667	0.0	88273456	0	0	0.00594525	1.0576171875
FULLT	run1	hmm	40	3	0.104120875	0.103154084	0.0	155554128	0	0	0.005894708	1.0576171875
FULLT	run1	hmm	20	4	0.059562709	0.059024458	0.0	88273456	0	0	0.005946708	1.0576171875
FULLT	run1	hmm	40	4	0.104197167	0.103259625	0.0	155554128	0	0	0.005961667	1.0576171875
FULLT	run1	hmm	20	5	0.0598555	0.059323375	0.0	88273456	0	0	0.006014667	1.0576171875
FULLT	run1	hmm	40	5	0.103722292	0.102750875	0.0	155554128	0	0	0.005982958	1.0576171875
FULLT	run1	hmm	20	6	0.059074833	0.05854375	0.0	88273456	0	0	0.005903417	1.0576171875
FULLT	run1	hmm	40	6	0.103793334	0.102849791	0.0	155554128	0	0	0.005898292	1.0576171875
FULLT	run1	hmm	20	7	0.059292292	0.058776416	0.0	88273456	0	0	0.005968875	1.0576171875
FULLT	run1	hmm	40	7	0.104055458	0.103096333	0.0	155554128	0	0	0.00587075	1.0576171875
FULLT	run1	hmm	20	8	0.059379667	0.058838833	0.0	88273744	0	0	0.00594325	1.0576171875
FULLT	run1	hmm	40	8	0.103559	0.102594958	0.0	155554128	0	0	0.005902166	1.0576171875
FULLT	run1	hmm	20	9	0.058972417	0.0584115	0.0	88273456	0	0	0.005931375	1.0576171875
FULLT	run1	hmm	40	9	0.104122	0.103163792	0.0	155554128	0	0	0.005946	1.0576171875
FULLT	run1	hmm	20	10	0.059422167	0.058885875	0.0	88273456	0	0	0.005952291	1.0576171875
FULLT	run1	hmm	40	10	0.104164042	0.103193542	0.0	155554128	0	0	0.005943208	1.0576171875
FULLT	run1	hmm	20	11	0.05912175	0.05858225	0.0	88273456	0	0	0.005891833	1.0576171875
FULLT	run1	hmm	40	11	0.10357925	0.102683875	0.0	155554128	0	0	0.005918125	1.0576171875
F	run1	hmm	-1	0	1.293065071105957	0	0	0	0	0	0	0
F	run1	hmm	0	0	12.402632458	12.400705667	0.346534791	3844243104	14	2	0.005894333	1.04833984375
F	run1	hmm	20	1	0.055225083	0.054779042	0.0	80550192	0	0	0.005969459	1.037109375
F	run1	hmm	40	1	0.092768584	0.091916334	0.0	143681600	0	0	0.005876459	1.037109375
F	run1	hmm	20	2	0.050562	0.050104375	0.0	80341088	0	0	0.005917084	1.037109375
F	run1	hmm	40	2	0.0925155	0.091657667	0.0	143681600	0	0	0.005929291	1.037109375
F	run1	hmm	20	3	0.050905041	0.050463917	0.0	80341088	0	0	0.005945541	1.037109375
F	run1	hmm	40	3	0.092155458	0.091280042	0.0	143681600	0	0	0.005902833	1.037109375
F	run1	hmm	20	4	0.0506415	0.050219333	0.0	80341088	0	0	0.005949042	1.037109375
F	run1	hmm	40	4	0.092851583	0.091989333	0.0	143681600	0	0	0.005979584	1.037109375
F	run1	hmm	20	5	0.050709334	0.050263042	0.0	80341088	0	0	0.005934959	1.037109375
F	run1	hmm	40	5	0.092843417	0.092016	0.0	143681600	0	0	0.005976375	1.037109375
F	run1	hmm	20	6	0.050702958	0.050256166	0.0	80341088	0	0	0.005928083	1.037109375
F	run1	hmm	40	6	0.092120459	0.091304792	0.0	143681600	0	0	0.005951042	1.037109375
F	run1	hmm	20	7	0.0507625	0.050331583	0.0	80341088	0	0	0.006011458	1.037109375
F	run1	hmm	40	7	0.091419708	0.090546292	0.0	143681600	0	0	0.005909541	1.037109375
F	run1	hmm	20	8	0.051214	0.050793791	0.0	80341376	0	0	0.005979125	1.037109375
F	run1	hmm	40	8	0.092371083	0.091551	0.0	143681600	0	0	0.005967125	1.037109375
F	run1	hmm	20	9	0.0506775	0.050224167	0.0	80341088	0	0	0.005950792	1.037109375
F	run1	hmm	40	9	0.091789375	0.09091375	0.0	143681600	0	0	0.005925166	1.037109375
F	run1	hmm	20	10	0.050556292	0.050132917	0.0	80341088	0	0	0.005911875	1.037109375
F	run1	hmm	40	10	0.092300875	0.091487667	0.0	143681600	0	0	0.00595875	1.037109375
F	run1	hmm	20	11	0.05074075	0.050329	0.0	80341088	0	0	0.005940375	1.037109375
F	run1	hmm	40	11	0.091675334	0.090850959	0.0	143681600	0	0	0.005839375	1.037109375
v6	run1	hmm	-1	0	1.4073591232299805	0	0	0	0	0	0	0
v6	run1	hmm	0	0	9.887528875	9.885894	0.240376252	2742820080	11	1	0.005895333	1.1845703125
v6	run1	hmm	20	1	0.056551709	0.056122958	0.0	71811232	0	0	0.005971166	1.8701171875
v6	run1	hmm	40	1	0.10312825	0.102265209	0.0	125968384	0	0	0.005911792	1.8701171875
v6	run1	hmm	20	2	0.056538667	0.056118458	0.0	71811232	0	0	0.005963875	1.8701171875
v6	run1	hmm	40	2	0.102858375	0.102013792	0.0	125968384	0	0	0.005938	1.80029296875
v6	run1	hmm	20	3	0.05639575	0.055978166	0.0	71811232	0	0	0.005959667	1.80029296875
v6	run1	hmm	40	3	0.103105542	0.102283	0.0	125968384	0	0	0.005958625	1.80029296875
v6	run1	hmm	20	4	0.05597275	0.055550875	0.0	71811232	0	0	0.005849333	1.80029296875
v6	run1	hmm	40	4	0.103016583	0.1021645	0.0	125968384	0	0	0.005942417	1.80029296875
v6	run1	hmm	20	5	0.056259708	0.055830166	0.0	71811232	0	0	0.005898917	1.80029296875
v6	run1	hmm	40	5	0.102768292	0.101925542	0.0	125968384	0	0	0.005944042	1.80029296875
v6	run1	hmm	20	6	0.056415375	0.05596025	0.0	71811232	0	0	0.005962833	1.80029296875
v6	run1	hmm	40	6	0.102549625	0.101775125	0.0	125968384	0	0	0.005924167	1.80029296875
v6	run1	hmm	20	7	0.056187375	0.055761625	0.0	71811232	0	0	0.005940708	1.80029296875
v6	run1	hmm	40	7	0.103259875	0.102422792	0.0	125968384	0	0	0.005970709	1.80029296875
v6	run1	hmm	20	8	0.055930083	0.055502083	0.0	71811232	0	0	0.005923709	1.80029296875
v6	run1	hmm	40	8	0.102702375	0.101864875	0.0	125968384	0	0	0.005929333	1.80029296875
v6	run1	hmm	20	9	0.056108958	0.055691458	0.0	71811232	0	0	0.00597	1.80029296875
v6	run1	hmm	40	9	0.102846291	0.102035458	0.0	125968384	0	0	0.005982584	1.80029296875
v6	run1	hmm	20	10	0.055806667	0.055378917	0.0	71811232	0	0	0.005892417	1.80029296875
v6	run1	hmm	40	10	0.102679167	0.101829	0.0	125968384	0	0	0.0059325	1.80029296875
v6	run1	hmm	20	11	0.056224375	0.055808875	0.0	71811232	0	0	0.005976458	1.80029296875
v6	run1	hmm	40	11	0.103099333	0.102301333	0.0	125968384	0	0	0.005945667	1.80029296875
F	run2	hmm	-1	0	1.3016409873962402	0	0	0	0	0	0	0
F	run2	hmm	0	0	12.410251583	12.408383583	0.366873624	3843186304	14	2	0.005976875	1.82421875
F	run2	hmm	20	1	0.081906625	0.081416417	0.0	81666368	0	0	0.00596125	1.8564453125
F	run2	hmm	40	1	0.090576209	0.089758083	0.0	143681600	0	0	0.005933	1.8564453125
F	run2	hmm	20	2	0.049728583	0.04930525	0.0	80341088	0	0	0.005975375	1.8564453125
F	run2	hmm	40	2	0.089371375	0.088570333	0.0	143681600	0	0	0.005924042	1.8564453125
F	run2	hmm	20	3	0.049827458	0.049415042	0.0	80341088	0	0	0.005979333	1.8564453125
F	run2	hmm	40	3	0.090213125	0.08939875	0.0	143681600	0	0	0.005959167	1.8564453125
F	run2	hmm	20	4	0.049910667	0.049481833	0.0	80341088	0	0	0.00597025	1.8564453125
F	run2	hmm	40	4	0.090230458	0.089386333	0.0	143681600	0	0	0.0059175	1.8564453125
F	run2	hmm	20	5	0.049332375	0.048892458	0.0	80341088	0	0	0.0059025	1.8564453125
F	run2	hmm	40	5	0.090227292	0.089357125	0.0	143681600	0	0	0.005969334	1.8564453125
F	run2	hmm	20	6	0.049728917	0.049271875	0.0	80341088	0	0	0.005940583	1.8564453125
F	run2	hmm	40	6	0.090590333	0.08972575	0.0	143681600	0	0	0.00593675	1.8564453125
F	run2	hmm	20	7	0.049451583	0.049031042	0.0	80341088	0	0	0.00593575	1.8564453125
F	run2	hmm	40	7	0.08919525	0.088337583	0.0	143681600	0	0	0.005909958	1.8564453125
F	run2	hmm	20	8	0.04987325	0.04944575	0.0	80341376	0	0	0.00594475	1.8564453125
F	run2	hmm	40	8	0.089739958	0.088897958	0.0	143681600	0	0	0.006000375	1.8564453125
F	run2	hmm	20	9	0.049862875	0.049437292	0.0	80341088	0	0	0.005975208	1.8564453125
F	run2	hmm	40	9	0.089750333	0.088942875	0.0	143681600	0	0	0.005928459	1.8564453125
F	run2	hmm	20	10	0.049391541	0.048961125	0.0	80341088	0	0	0.005901375	1.8564453125
F	run2	hmm	40	10	0.090056208	0.089233167	0.0	143681600	0	0	0.005942541	1.8564453125
F	run2	hmm	20	11	0.049543416	0.049123292	0.0	80341088	0	0	0.005959125	1.8564453125
F	run2	hmm	40	11	0.09035275	0.089526209	0.0	143681600	0	0	0.005941625	1.8564453125
v6	run2	hmm	-1	0	1.4110729694366455	0	0	0	0	0	0	0
v6	run2	hmm	0	0	9.862839375	9.861234292	0.242936208	2742804848	11	1	0.005978167	1.80419921875
v6	run2	hmm	20	1	0.056330916	0.055915458	0.0	71811232	0	0	0.005924083	1.68017578125
v6	run2	hmm	40	1	0.102491667	0.101682458	0.0	125968384	0	0	0.00590625	1.68017578125
v6	run2	hmm	20	2	0.056878625	0.056460292	0.0	71811232	0	0	0.005993459	1.68017578125
v6	run2	hmm	40	2	0.102900625	0.102026125	0.0	125968384	0	0	0.005936708	1.68017578125
v6	run2	hmm	20	3	0.056388792	0.055936417	0.0	71811232	0	0	0.005973125	1.68017578125
v6	run2	hmm	40	3	0.102454083	0.101648833	0.0	125968384	0	0	0.005982708	1.68017578125
v6	run2	hmm	20	4	0.056250125	0.055849834	0.0	71811232	0	0	0.005834209	1.68017578125
v6	run2	hmm	40	4	0.103354125	0.102504083	0.0	125968384	0	0	0.0059685	1.68017578125
v6	run2	hmm	20	5	0.05617125	0.055748	0.0	71811232	0	0	0.005952625	1.68017578125
v6	run2	hmm	40	5	0.102968208	0.10216275	0.0	125968384	0	0	0.005935333	1.68017578125
v6	run2	hmm	20	6	0.056422167	0.056004042	0.0	71811232	0	0	0.005977959	1.68017578125
v6	run2	hmm	40	6	0.102309042	0.101507083	0.0	125968384	0	0	0.005925166	1.68017578125
v6	run2	hmm	20	7	0.05604825	0.05562475	0.0	71811232	0	0	0.005896416	1.78564453125
v6	run2	hmm	40	7	0.102696333	0.101854	0.0	125968384	0	0	0.005836125	1.78564453125
v6	run2	hmm	20	8	0.056283292	0.055878166	0.0	71811232	0	0	0.005974375	1.78564453125
v6	run2	hmm	40	8	0.103241167	0.102401708	0.0	125968384	0	0	0.005932792	1.78564453125
v6	run2	hmm	20	9	0.05634075	0.0559145	0.0	71811232	0	0	0.005914291	1.78564453125
v6	run2	hmm	40	9	0.102109041	0.101238666	0.0	125968384	0	0	0.005844875	1.78564453125
v6	run2	hmm	20	10	0.05626625	0.05581425	0.0	71811232	0	0	0.005934708	1.78564453125
v6	run2	hmm	40	10	0.102981	0.102159667	0.0	125968384	0	0	0.005959541	1.78564453125
v6	run2	hmm	20	11	0.056270459	0.055842792	0.0	71811232	0	0	0.0059605	1.78564453125
v6	run2	hmm	40	11	0.10252825	0.101744292	0.0	125968384	0	0	0.005866833	1.78564453125
FULLT	run2	hmm	-1	0	1.2940378189086914	0	0	0	0	0	0	0
FULLT	run2	hmm	0	0	12.107773458	12.105772125	0.335160209	3621195712	14	2	0.005961875	1.66455078125
FULLT	run2	hmm	20	1	0.059038333	0.058513041	0.0	88273456	0	0	0.005980042	1.56201171875
FULLT	run2	hmm	40	1	0.103685083	0.102770375	0.0	155554128	0	0	0.005973625	1.56201171875
FULLT	run2	hmm	20	2	0.058379584	0.057852333	0.0	88273456	0	0	0.005908	1.56201171875
FULLT	run2	hmm	40	2	0.102847333	0.1019515	0.0	155554128	0	0	0.0059225	1.56201171875
FULLT	run2	hmm	20	3	0.059093875	0.058551708	0.0	88273456	0	0	0.005969875	1.56201171875
FULLT	run2	hmm	40	3	0.102848792	0.10191075	0.0	155554128	0	0	0.005924625	1.56201171875
FULLT	run2	hmm	20	4	0.058846834	0.058313209	0.0	88273456	0	0	0.005968958	1.56201171875
FULLT	run2	hmm	40	4	0.101914833	0.100923375	0.0	155554128	0	0	0.005867208	1.56201171875
FULLT	run2	hmm	20	5	0.058867875	0.058302625	0.0	88273456	0	0	0.005938541	1.8369140625
FULLT	run2	hmm	40	5	0.102144583	0.101158541	0.0	155554128	0	0	0.005959041	1.8369140625
FULLT	run2	hmm	20	6	0.058366792	0.057842708	0.0	88273456	0	0	0.005939625	1.8369140625
FULLT	run2	hmm	40	6	0.102642666	0.101736375	0.0	155554128	0	0	0.005951084	1.8369140625
FULLT	run2	hmm	20	7	0.058794417	0.058274	0.0	88273456	0	0	0.005971041	1.8369140625
FULLT	run2	hmm	40	7	0.102394	0.101445084	0.0	155554128	0	0	0.005932709	1.8369140625
FULLT	run2	hmm	20	8	0.058322208	0.057773375	0.0	88273744	0	0	0.0058945	1.8369140625
FULLT	run2	hmm	40	8	0.10249	0.101529917	0.0	155554128	0	0	0.0059525	1.8369140625
FULLT	run2	hmm	20	9	0.05807775	0.057538417	0.0	88273456	0	0	0.005939916	1.8369140625
FULLT	run2	hmm	40	9	0.102455	0.101494666	0.0	155554128	0	0	0.005886958	1.8369140625
FULLT	run2	hmm	20	10	0.05869075	0.058152834	0.0	88273456	0	0	0.005981709	1.8369140625
FULLT	run2	hmm	40	10	0.101709458	0.100772375	0.0	155554128	0	0	0.005920459	1.8369140625
FULLT	run2	hmm	20	11	0.05785775	0.057302292	0.0	88273456	0	0	0.005895125	1.8369140625
FULLT	run2	hmm	40	11	0.102039292	0.101112416	0.0	155554128	0	0	0.005984417	1.8369140625
v6	run3	hmm	-1	0	1.4053738117218018	0	0	0	0	0	0	0
v6	run3	hmm	0	0	9.895870708	9.894238333	0.24191496	2742836480	11	1	0.005859792	1.70751953125
v6	run3	hmm	20	1	0.055759208	0.055346	0.0	71811232	0	0	0.005953625	1.59814453125
v6	run3	hmm	40	1	0.101542625	0.100718416	0.0	125968384	0	0	0.005922542	1.59814453125
v6	run3	hmm	20	2	0.056000917	0.055571125	0.0	71811232	0	0	0.005930208	1.59814453125
v6	run3	hmm	40	2	0.101716375	0.100872917	0.0	125968384	0	0	0.005927208	1.59814453125
v6	run3	hmm	20	3	0.055498291	0.0550935	0.0	71811232	0	0	0.005895333	1.59814453125
v6	run3	hmm	40	3	0.101771334	0.100974042	0.0	125968384	0	0	0.005948667	1.59814453125
v6	run3	hmm	20	4	0.055801625	0.055399792	0.0	71811232	0	0	0.006010042	1.59814453125
v6	run3	hmm	40	4	0.100906166	0.100128333	0.0	125968384	0	0	0.00589025	1.59814453125
v6	run3	hmm	20	5	0.055101625	0.054689167	0.0	71811232	0	0	0.0059935	1.59814453125
v6	run3	hmm	40	5	0.101494125	0.100633791	0.0	125968384	0	0	0.005912291	1.59814453125
v6	run3	hmm	20	6	0.055583625	0.055165125	0.0	71811232	0	0	0.005908625	1.59814453125
v6	run3	hmm	40	6	0.101851167	0.10103325	0.0	125968384	0	0	0.005956584	1.59814453125
v6	run3	hmm	20	7	0.055611625	0.055163167	0.0	71811232	0	0	0.005974625	1.59814453125
v6	run3	hmm	40	7	0.102	0.101155708	0.0	125968384	0	0	0.005931333	1.59814453125
v6	run3	hmm	20	8	0.055479416	0.055050792	0.0	71811232	0	0	0.005916708	1.59814453125
v6	run3	hmm	40	8	0.101194208	0.100327834	0.0	125968384	0	0	0.0059	1.59814453125
v6	run3	hmm	20	9	0.055228125	0.054804541	0.0	71811232	0	0	0.005919333	1.59814453125
v6	run3	hmm	40	9	0.101240792	0.100379	0.0	125968384	0	0	0.005964458	1.59814453125
v6	run3	hmm	20	10	0.055470042	0.055039084	0.0	71811232	0	0	0.005838209	1.59814453125
v6	run3	hmm	40	10	0.101953041	0.101076875	0.0	125968384	0	0	0.005958334	1.59814453125
v6	run3	hmm	20	11	0.055574209	0.055157958	0.0	71811232	0	0	0.005933125	1.59814453125
v6	run3	hmm	40	11	0.101032333	0.100223917	0.0	125968384	0	0	0.005901875	1.59814453125
FULLT	run3	hmm	-1	0	1.2889189720153809	0	0	0	0	0	0	0
FULLT	run3	hmm	0	0	12.131911167	12.129980541	0.337511961	3621161216	14	2	0.005985333	1.5791015625
FULLT	run3	hmm	20	1	0.059217291	0.058673167	0.0	88273456	0	0	0.0058655	1.51806640625
FULLT	run3	hmm	40	1	0.104747666	0.103755916	0.0	155554128	0	0	0.005940417	1.51806640625
FULLT	run3	hmm	20	2	0.059544792	0.058980416	0.0	88273456	0	0	0.005925959	1.51806640625
FULLT	run3	hmm	40	2	0.104587459	0.1036325	0.0	155554128	0	0	0.005932458	1.51806640625
FULLT	run3	hmm	20	3	0.059121041	0.0586135	0.0	88273456	0	0	0.005940083	1.51806640625
FULLT	run3	hmm	40	3	0.103282916	0.102382167	0.0	155554128	0	0	0.005895125	1.51806640625
FULLT	run3	hmm	20	4	0.0591055	0.058557917	0.0	88273456	0	0	0.005910875	1.51806640625
FULLT	run3	hmm	40	4	0.103655167	0.102747583	0.0	155554128	0	0	0.005920083	1.51806640625
FULLT	run3	hmm	20	5	0.059319375	0.058813916	0.0	88273456	0	0	0.005977083	1.51806640625
FULLT	run3	hmm	40	5	0.104122125	0.103154083	0.0	155554128	0	0	0.005931	1.51806640625
FULLT	run3	hmm	20	6	0.058965542	0.058466625	0.0	88273456	0	0	0.005895541	1.51806640625
FULLT	run3	hmm	40	6	0.10319975	0.102233084	0.0	155554128	0	0	0.005885917	1.51806640625
FULLT	run3	hmm	20	7	0.059223458	0.058688	0.0	88273456	0	0	0.005937917	1.51806640625
FULLT	run3	hmm	40	7	0.10379175	0.102872084	0.0	155554128	0	0	0.005954042	1.51806640625
FULLT	run3	hmm	20	8	0.059129583	0.058602792	0.0	88273744	0	0	0.005925042	1.51806640625
FULLT	run3	hmm	40	8	0.103641291	0.10264575	0.0	155554128	0	0	0.005922625	1.51806640625
FULLT	run3	hmm	20	9	0.059142417	0.058621958	0.0	88273456	0	0	0.005975625	1.51806640625
FULLT	run3	hmm	40	9	0.1027765	0.101843875	0.0	155554128	0	0	0.005907333	1.51806640625
FULLT	run3	hmm	20	10	0.05915525	0.058615417	0.0	88273456	0	0	0.005942125	1.4765625
FULLT	run3	hmm	40	10	0.103601125	0.102633834	0.0	155554128	0	0	0.005937792	1.4765625
FULLT	run3	hmm	20	11	0.059004291	0.058460375	0.0	88273456	0	0	0.005955208	1.4765625
FULLT	run3	hmm	40	11	0.103651708	0.102703292	0.0	155554128	0	0	0.005933125	1.4765625
F	run3	hmm	-1	0	1.2982490062713623	0	0	0	0	0	0	0
F	run3	hmm	0	0	12.435205625	12.433355584	0.36223021	3844189408	14	2	0.005976375	1.43798828125
F	run3	hmm	20	1	0.055097458	0.054643583	0.0	80550192	0	0	0.005933959	1.34033203125
F	run3	hmm	40	1	0.093027125	0.092165333	0.0	143681600	0	0	0.005926417	1.34033203125
F	run3	hmm	20	2	0.050847958	0.050427041	0.0	80341088	0	0	0.006208167	1.34033203125
F	run3	hmm	40	2	0.091818875	0.090956583	0.0	143681600	0	0	0.006006333	1.34033203125
F	run3	hmm	20	3	0.050751125	0.050308542	0.0	80341088	0	0	0.005958125	1.34033203125
F	run3	hmm	40	3	0.092812125	0.091938125	0.0	143681600	0	0	0.005961	1.34033203125
F	run3	hmm	20	4	0.050663291	0.050249	0.0	80341088	0	0	0.005919541	1.34033203125
F	run3	hmm	40	4	0.092571541	0.09172425	0.0	143681600	0	0	0.005937458	1.34033203125
F	run3	hmm	20	5	0.050783958	0.05035475	0.0	80341088	0	0	0.005899209	1.34033203125
F	run3	hmm	40	5	0.091921875	0.091094792	0.0	143681600	0	0	0.005898708	1.34033203125
F	run3	hmm	20	6	0.050442167	0.050023333	0.0	80341088	0	0	0.005937	1.34033203125
F	run3	hmm	40	6	0.0915175	0.090671541	0.0	143681600	0	0	0.0059295	1.31298828125
F	run3	hmm	20	7	0.050929708	0.050516875	0.0	80341088	0	0	0.005905458	1.31298828125
F	run3	hmm	40	7	0.092289292	0.091471625	0.0	143681600	0	0	0.005893167	1.31298828125
F	run3	hmm	20	8	0.050728875	0.050272958	0.0	80341376	0	0	0.005907125	1.31298828125
F	run3	hmm	40	8	0.092212333	0.091337708	0.0	143681600	0	0	0.005900125	1.31298828125
F	run3	hmm	20	9	0.05091925	0.0505	0.0	80341088	0	0	0.005951125	1.31298828125
F	run3	hmm	40	9	0.092694125	0.091847542	0.0	143681600	0	0	0.005985083	1.31298828125
F	run3	hmm	20	10	0.05072325	0.050294792	0.0	80341088	0	0	0.005974916	1.31298828125
F	run3	hmm	40	10	0.091946125	0.091122375	0.0	143681600	0	0	0.005908708	1.31298828125
F	run3	hmm	20	11	0.051034458	0.05060975	0.0	80341088	0	0	0.005978417	1.31298828125
F	run3	hmm	40	11	0.091411041	0.090569333	0.0	143681600	0	0	0.005894375	1.31298828125
FULLT	run4	hmm	-1	0	1.2968380451202393	0	0	0	0	0	0	0
FULLT	run4	hmm	0	0	12.129919583	12.12800775	0.335531418	3621223680	14	2	0.005904208	1.26416015625
FULLT	run4	hmm	20	1	0.059240084	0.058706666	0.0	88273456	0	0	0.00585225	1.30322265625
FULLT	run4	hmm	40	1	0.104720709	0.103796209	0.0	155554128	0	0	0.005903959	1.30322265625
FULLT	run4	hmm	20	2	0.059516583	0.059002541	0.0	88273456	0	0	0.005960542	1.30322265625
FULLT	run4	hmm	40	2	0.104417292	0.103409208	0.0	155554128	0	0	0.005983625	1.30322265625
FULLT	run4	hmm	20	3	0.059990917	0.05946625	0.0	88273456	0	0	0.005992458	1.30322265625
FULLT	run4	hmm	40	3	0.10403175	0.103060667	0.0	155554128	0	0	0.005925292	1.30322265625
FULLT	run4	hmm	20	4	0.059623417	0.059088333	0.0	88273456	0	0	0.005940125	1.30322265625
FULLT	run4	hmm	40	4	0.10347725	0.102530625	0.0	155554128	0	0	0.005938375	1.35888671875
FULLT	run4	hmm	20	5	0.059743333	0.059211542	0.0	88273456	0	0	0.005946208	1.35888671875
FULLT	run4	hmm	40	5	0.103945208	0.102996	0.0	155554128	0	0	0.005873583	1.35888671875
FULLT	run4	hmm	20	6	0.059250958	0.058707667	0.0	88273456	0	0	0.005899875	1.35888671875
FULLT	run4	hmm	40	6	0.104208208	0.103283125	0.0	155554128	0	0	0.005959542	1.35888671875
FULLT	run4	hmm	20	7	0.059562166	0.059042792	0.0	88273456	0	0	0.0059365	1.35888671875
FULLT	run4	hmm	40	7	0.104010834	0.10303325	0.0	155554128	0	0	0.005938209	1.35888671875
FULLT	run4	hmm	20	8	0.059328	0.058788458	0.0	88273744	0	0	0.005911916	1.35888671875
FULLT	run4	hmm	40	8	0.104074375	0.103145583	0.0	155554128	0	0	0.005941417	1.35888671875
FULLT	run4	hmm	20	9	0.059559125	0.059004167	0.0	88273456	0	0	0.005980208	1.35888671875
FULLT	run4	hmm	40	9	0.103691417	0.10276325	0.0	155554128	0	0	0.005919208	1.35888671875
FULLT	run4	hmm	20	10	0.059455416	0.058930709	0.0	88273456	0	0	0.005966334	1.35888671875
FULLT	run4	hmm	40	10	0.103535458	0.102563583	0.0	155554128	0	0	0.005933917	1.35888671875
FULLT	run4	hmm	20	11	0.059378792	0.058852083	0.0	88273456	0	0	0.005941417	1.35888671875
FULLT	run4	hmm	40	11	0.104513792	0.103567209	0.0	155554128	0	0	0.005989292	1.35888671875
F	run4	hmm	-1	0	1.2968518733978271	0	0	0	0	0	0	0
F	run4	hmm	0	0	12.44076	12.438835333	0.346949835	3844267728	14	2	0.005991959	1.38330078125
F	run4	hmm	20	1	0.055895542	0.055487041	0.0	80550192	0	0	0.005907125	1.2978515625
F	run4	hmm	40	1	0.094326667	0.093523333	0.0	143681600	0	0	0.005972375	1.2978515625
F	run4	hmm	20	2	0.050986291	0.050541958	0.0	80341088	0	0	0.005932542	1.2978515625
F	run4	hmm	40	2	0.09329875	0.092416375	0.0	143681600	0	0	0.005966	1.2978515625
F	run4	hmm	20	3	0.051163333	0.050722834	0.0	80341088	0	0	0.005897708	1.2978515625
F	run4	hmm	40	3	0.093308209	0.092509375	0.0	143681600	0	0	0.0059785	1.2978515625
F	run4	hmm	20	4	0.050987459	0.050574917	0.0	80341088	0	0	0.005913291	1.2978515625
F	run4	hmm	40	4	0.092627458	0.091819667	0.0	143681600	0	0	0.005839166	1.2978515625
F	run4	hmm	20	5	0.051259625	0.050850458	0.0	80341088	0	0	0.005945292	1.2978515625
F	run4	hmm	40	5	0.093010833	0.092202125	0.0	143681600	0	0	0.005987875	1.2978515625
F	run4	hmm	20	6	0.050966667	0.050525417	0.0	80341088	0	0	0.005934791	1.2978515625
F	run4	hmm	40	6	0.092971958	0.092167167	0.0	143681600	0	0	0.005949875	1.2978515625
F	run4	hmm	20	7	0.050893083	0.050481959	0.0	80341088	0	0	0.00592625	1.2978515625
F	run4	hmm	40	7	0.092288625	0.091483583	0.0	143681600	0	0	0.005851334	1.2978515625
F	run4	hmm	20	8	0.051302916	0.050890084	0.0	80341376	0	0	0.005956291	1.2978515625
F	run4	hmm	40	8	0.092612041	0.091770292	0.0	143681600	0	0	0.005898459	1.2978515625
F	run4	hmm	20	9	0.051256	0.050812417	0.0	80341088	0	0	0.0059695	1.2978515625
F	run4	hmm	40	9	0.092381334	0.091500583	0.0	143681600	0	0	0.005903791	1.2978515625
F	run4	hmm	20	10	0.050858458	0.050416167	0.0	80341088	0	0	0.00587625	1.2978515625
F	run4	hmm	40	10	0.092774083	0.091954459	0.0	143681600	0	0	0.005937125	1.2978515625
F	run4	hmm	20	11	0.051074166	0.050664083	0.0	80341088	0	0	0.005936375	1.2978515625
F	run4	hmm	40	11	0.092788375	0.091959	0.0	143681600	0	0	0.005927167	1.2978515625
v6	run4	hmm	-1	0	1.4001588821411133	0	0	0	0	0	0	0
v6	run4	hmm	0	0	9.87757775	9.875966291	0.256470291	2742833328	11	1	0.005925709	1.251953125
v6	run4	hmm	20	1	0.05703475	0.056634833	0.0	71811232	0	0	0.00596975	1.212890625
v6	run4	hmm	40	1	0.103155416	0.102367667	0.0	125968384	0	0	0.00590375	1.212890625
v6	run4	hmm	20	2	0.05669475	0.056262917	0.0	71811232	0	0	0.005917417	1.212890625
v6	run4	hmm	40	2	0.104404666	0.103581416	0.0	125968384	0	0	0.005940291	1.212890625
v6	run4	hmm	20	3	0.05697725	0.056533667	0.0	71811232	0	0	0.005955292	1.212890625
v6	run4	hmm	40	3	0.103907375	0.103070792	0.0	125968384	0	0	0.005935042	1.212890625
v6	run4	hmm	20	4	0.05678175	0.056351125	0.0	71811232	0	0	0.005930417	1.212890625
v6	run4	hmm	40	4	0.103261458	0.102487	0.0	125968384	0	0	0.005840083	1.212890625
v6	run4	hmm	20	5	0.056801417	0.056389667	0.0	71811232	0	0	0.005965083	1.212890625
v6	run4	hmm	40	5	0.103865834	0.103022459	0.0	125968384	0	0	0.005946292	1.212890625
v6	run4	hmm	20	6	0.057042583	0.056597208	0.0	71811232	0	0	0.005939	1.212890625
v6	run4	hmm	40	6	0.103432541	0.102618917	0.0	125968384	0	0	0.005931	1.212890625
v6	run4	hmm	20	7	0.056602167	0.056173666	0.0	71811232	0	0	0.005898541	1.212890625
v6	run4	hmm	40	7	0.103464042	0.102626333	0.0	125968384	0	0	0.005966292	1.212890625
v6	run4	hmm	20	8	0.0566955	0.056282166	0.0	71811232	0	0	0.006119542	1.19580078125
v6	run4	hmm	40	8	0.103259625	0.102410583	0.0	125968384	0	0	0.005892917	1.19580078125
v6	run4	hmm	20	9	0.056955083	0.05652775	0.0	71811232	0	0	0.005941	1.19580078125
v6	run4	hmm	40	9	0.103750291	0.102930292	0.0	125968384	0	0	0.005897375	1.19580078125
v6	run4	hmm	20	10	0.056993666	0.056577542	0.0	71811232	0	0	0.005927875	1.19580078125
v6	run4	hmm	40	10	0.103950959	0.103134166	0.0	125968384	0	0	0.005980667	1.19580078125
v6	run4	hmm	20	11	0.057041208	0.056600625	0.0	71811232	0	0	0.005949375	1.19580078125
v6	run4	hmm	40	11	0.103994917	0.103153209	0.0	125968384	0	0	0.005942958	1.19580078125
F	run5	hmm	-1	0	1.294740915298462	0	0	0	0	0	0	0
F	run5	hmm	0	0	12.414356459	12.412441166	0.34884125	3844303824	14	2	0.005971666	1.1796875
F	run5	hmm	20	1	0.054923167	0.054484708	0.0	80550192	0	0	0.005930667	1.3603515625
F	run5	hmm	40	1	0.092650333	0.0918355	0.0	143681600	0	0	0.005940292	1.3603515625
F	run5	hmm	20	2	0.050352083	0.049938916	0.0	80341088	0	0	0.005951875	1.3603515625
F	run5	hmm	40	2	0.091563917	0.090746708	0.0	143681600	0	0	0.005959666	1.3603515625
F	run5	hmm	20	3	0.050316625	0.049888625	0.0	80341088	0	0	0.005897	1.3603515625
F	run5	hmm	40	3	0.090799667	0.08998475	0.0	143681600	0	0	0.005920084	1.3603515625
F	run5	hmm	20	4	0.050365208	0.049931333	0.0	80341088	0	0	0.005936833	1.3603515625
F	run5	hmm	40	4	0.091680792	0.090816875	0.0	143681600	0	0	0.005963875	1.3603515625
F	run5	hmm	20	5	0.050347	0.049922	0.0	80341088	0	0	0.006033917	1.3310546875
F	run5	hmm	40	5	0.090485584	0.089644541	0.0	143681600	0	0	0.005903542	1.3310546875
F	run5	hmm	20	6	0.049985834	0.049532375	0.0	80341088	0	0	0.005895	1.3310546875
F	run5	hmm	40	6	0.091366458	0.090540416	0.0	143681600	0	0	0.005951541	1.3310546875
F	run5	hmm	20	7	0.050304208	0.04989525	0.0	80341088	0	0	0.005939125	1.3310546875
F	run5	hmm	40	7	0.091257791	0.090404792	0.0	143681600	0	0	0.005935666	1.3310546875
F	run5	hmm	20	8	0.04992225	0.049491417	0.0	80341376	0	0	0.005908834	1.3310546875
F	run5	hmm	40	8	0.090510625	0.089658458	0.0	143681600	0	0	0.005900583	1.3310546875
F	run5	hmm	20	9	0.050274584	0.049839708	0.0	80341088	0	0	0.005968	1.3310546875
F	run5	hmm	40	9	0.091120625	0.090271125	0.0	143681600	0	0	0.0059185	1.3310546875
F	run5	hmm	20	10	0.049859333	0.049425708	0.0	80341088	0	0	0.0059	1.3310546875
F	run5	hmm	40	10	0.091290208	0.090486292	0.0	143681600	0	0	0.005944042	1.3310546875
F	run5	hmm	20	11	0.049799583	0.049387583	0.0	80341088	0	0	0.00590725	1.3310546875
F	run5	hmm	40	11	0.091094834	0.090295458	0.0	143681600	0	0	0.005922416	1.3310546875
v6	run5	hmm	-1	0	1.4144699573516846	0	0	0	0	0	0	0
v6	run5	hmm	0	0	9.852266292	9.850644833	0.239012124	2741845600	11	1	0.005892334	1.27978515625
v6	run5	hmm	20	1	0.073988625	0.073543	0.0	72806800	0	0	0.00598725	1.236328125
v6	run5	hmm	40	1	0.102184917	0.101350291	0.0	125968384	0	0	0.00593725	1.236328125
v6	run5	hmm	20	2	0.0554815	0.055056416	0.0	71811232	0	0	0.005885542	1.236328125
v6	run5	hmm	40	2	0.101489875	0.100607584	0.0	125968384	0	0	0.005927875	1.236328125
v6	run5	hmm	20	3	0.055945583	0.055535542	0.0	71811232	0	0	0.005958833	1.236328125
v6	run5	hmm	40	3	0.102576875	0.101746417	0.0	125968384	0	0	0.005939833	1.236328125
v6	run5	hmm	20	4	0.055322583	0.054905084	0.0	71811232	0	0	0.005889666	1.236328125
v6	run5	hmm	40	4	0.101736625	0.100918125	0.0	125968384	0	0	0.005931333	1.236328125
v6	run5	hmm	20	5	0.055848709	0.055433291	0.0	71811232	0	0	0.005926416	1.236328125
v6	run5	hmm	40	5	0.1015225	0.100719	0.0	125968384	0	0	0.005942792	1.236328125
v6	run5	hmm	20	6	0.055306417	0.054892625	0.0	71811232	0	0	0.005907666	1.236328125
v6	run5	hmm	40	6	0.101878292	0.101065959	0.0	125968384	0	0	0.005960667	1.236328125
v6	run5	hmm	20	7	0.055885542	0.055474083	0.0	71811232	0	0	0.0059445	1.236328125
v6	run5	hmm	40	7	0.101839208	0.101021875	0.0	125968384	0	0	0.005937166	1.236328125
v6	run5	hmm	20	8	0.055252375	0.05484	0.0	71811232	0	0	0.005995459	1.236328125
v6	run5	hmm	40	8	0.10151625	0.100672917	0.0	125968384	0	0	0.005903834	1.236328125
v6	run5	hmm	20	9	0.055863084	0.055433041	0.0	71811232	0	0	0.005946125	1.236328125
v6	run5	hmm	40	9	0.100892	0.100001875	0.0	125968384	0	0	0.005897125	1.236328125
v6	run5	hmm	20	10	0.055502458	0.055082709	0.0	71811232	0	0	0.005944834	1.236328125
v6	run5	hmm	40	10	0.100853417	0.1000025	0.0	125968384	0	0	0.005868333	1.236328125
v6	run5	hmm	20	11	0.055627625	0.055177584	0.0	71811232	0	0	0.005981125	1.236328125
v6	run5	hmm	40	11	0.101668083	0.100797458	0.0	125968384	0	0	0.005935541	1.236328125
FULLT	run5	hmm	-1	0	1.2981579303741455	0	0	0	0	0	0	0
FULLT	run5	hmm	0	0	12.095655666	12.093704083	0.33495354	3621178448	14	2	0.005900292	1.19970703125
FULLT	run5	hmm	20	1	0.059180709	0.058664417	0.0	88273456	0	0	0.005925166	1.15478515625
FULLT	run5	hmm	40	1	0.104845209	0.103902208	0.0	155554128	0	0	0.00593525	1.15478515625
FULLT	run5	hmm	20	2	0.059344833	0.058801959	0.0	88273456	0	0	0.005910125	1.15478515625
FULLT	run5	hmm	40	2	0.103665875	0.102720625	0.0	155554128	0	0	0.005913375	1.15478515625
FULLT	run5	hmm	20	3	0.059526958	0.059020208	0.0	88273456	0	0	0.005958708	1.15478515625
FULLT	run5	hmm	40	3	0.10408475	0.103155875	0.0	155554128	0	0	0.005944291	1.15478515625
FULLT	run5	hmm	20	4	0.059167708	0.058614958	0.0	88273456	0	0	0.005914042	1.15478515625
FULLT	run5	hmm	40	4	0.107508417	0.106533167	0.0	155554128	0	0	0.005942459	1.15478515625
FULLT	run5	hmm	20	5	0.059225291	0.0586765	0.0	88273456	0	0	0.005976625	1.15478515625
FULLT	run5	hmm	40	5	0.103104667	0.102186375	0.0	155554128	0	0	0.005884875	1.15478515625
FULLT	run5	hmm	20	6	0.059494583	0.058949584	0.0	88273456	0	0	0.00593625	1.15478515625
FULLT	run5	hmm	40	6	0.103502167	0.102551041	0.0	155554128	0	0	0.005925375	1.15478515625
FULLT	run5	hmm	20	7	0.059594709	0.059054667	0.0	88273456	0	0	0.005948417	1.15478515625
FULLT	run5	hmm	40	7	0.104087875	0.103166291	0.0	155554128	0	0	0.005986917	1.15478515625
FULLT	run5	hmm	20	8	0.059442875	0.058919584	0.0	88273744	0	0	0.00594525	1.15478515625
FULLT	run5	hmm	40	8	0.104245875	0.103314625	0.0	155554128	0	0	0.005946542	1.15478515625
FULLT	run5	hmm	20	9	0.058979333	0.0584345	0.0	88273456	0	0	0.005899	1.15478515625
FULLT	run5	hmm	40	9	0.103116958	0.102154625	0.0	155554128	0	0	0.005911458	1.15478515625
FULLT	run5	hmm	20	10	0.059195875	0.058677791	0.0	88273456	0	0	0.006101792	1.15478515625
FULLT	run5	hmm	40	10	0.103228875	0.102263375	0.0	155554128	0	0	0.00584675	1.15478515625
FULLT	run5	hmm	20	11	0.059494125	0.058933666	0.0	88273456	0	0	0.005973	1.14208984375
FULLT	run5	hmm	40	11	0.103603	0.102672542	0.0	155554128	0	0	0.005931459	1.14208984375
FULLT	run1	gmm	-1	0	1.3058600425720215	0	0	0	0	0	0	0
FULLT	run1	gmm	0	0	9.222257833	9.221396542	0.210051834	2808179376	8	1	0.00594	1.13037109375
FULLT	run1	gmm	20	1	0.073362416	0.073350375	0.0	83805504	0	0	0.005932166	1.328125
FULLT	run1	gmm	40	1	0.114492917	0.114481209	0.0	122831520	0	0	0.0059265	1.328125
FULLT	run1	gmm	20	2	0.073166791	0.07316875	0.0	83805504	0	0	0.005931375	1.328125
FULLT	run1	gmm	40	2	0.11336425	0.1133535	0.0	122831520	0	0	0.005924417	1.328125
FULLT	run1	gmm	20	3	0.07329825	0.07329	0.0	83805504	0	0	0.005977458	1.328125
FULLT	run1	gmm	40	3	0.114209583	0.114198709	0.0	122831520	0	0	0.005947083	1.328125
FULLT	run1	gmm	20	4	0.073449708	0.073439291	0.0	83805504	0	0	0.005956042	1.328125
FULLT	run1	gmm	40	4	0.113092125	0.113084625	0.0	122831520	0	0	0.005925958	1.328125
FULLT	run1	gmm	20	5	0.072899917	0.072891875	0.0	83805504	0	0	0.005969208	1.328125
FULLT	run1	gmm	40	5	0.113122125	0.113123416	0.0	122831520	0	0	0.005980583	1.328125
FULLT	run1	gmm	20	6	0.0732245	0.073226834	0.0	83805504	0	0	0.005933292	1.328125
FULLT	run1	gmm	40	6	0.112986083	0.112973708	0.0	122831520	0	0	0.005932459	1.328125
FULLT	run1	gmm	20	7	0.07302475	0.073026916	0.0	83805504	0	0	0.005891958	1.328125
FULLT	run1	gmm	40	7	0.112707083	0.112710084	0.0	122831520	0	0	0.005927167	1.328125
FULLT	run1	gmm	20	8	0.073447958	0.073434	0.0	83805792	0	0	0.005965708	1.328125
FULLT	run1	gmm	40	8	0.113652208	0.113640125	0.0	122831520	0	0	0.005904625	1.328125
FULLT	run1	gmm	20	9	0.073042583	0.073045209	0.0	83805504	0	0	0.0059405	1.328125
FULLT	run1	gmm	40	9	0.1132355	0.113225291	0.0	122831520	0	0	0.005994292	1.328125
FULLT	run1	gmm	20	10	0.073450917	0.073442958	0.0	83805504	0	0	0.005949541	1.328125
FULLT	run1	gmm	40	10	0.112969333	0.112960333	0.0	122831520	0	0	0.006029792	1.328125
FULLT	run1	gmm	20	11	0.072918375	0.072909666	0.0	83805504	0	0	0.005950792	1.328125
FULLT	run1	gmm	40	11	0.113468458	0.113455459	0.0	122831520	0	0	0.005973708	1.328125
F	run1	gmm	-1	0	1.3009319305419922	0	0	0	0	0	0	0
F	run1	gmm	0	0	9.571773708	9.570853167	0.23512629	3056587712	9	1	0.005930833	1.35107421875
F	run1	gmm	20	1	0.0565555	0.056556958	0.0	61353040	0	0	0.005945959	1.42041015625
F	run1	gmm	40	1	0.083514666	0.083502917	0.0	91324880	0	0	0.005969833	1.42041015625
F	run1	gmm	20	2	0.050440875	0.050442375	0.0	61110064	0	0	0.005947042	1.42041015625
F	run1	gmm	40	2	0.084368792	0.084370709	0.0	91324880	0	0	0.005867667	1.42041015625
F	run1	gmm	20	3	0.050276208	0.050277416	0.0	61110064	0	0	0.005930334	1.42041015625
F	run1	gmm	40	3	0.084350709	0.08434175	0.0	91324880	0	0	0.005947417	1.42041015625
F	run1	gmm	20	4	0.050439291	0.050440584	0.0	61110064	0	0	0.005865	1.42041015625
F	run1	gmm	40	4	0.084443125	0.084444459	0.0	91324880	0	0	0.005862166	1.42041015625
F	run1	gmm	20	5	0.050502959	0.050504417	0.0	61110064	0	0	0.005930417	1.42041015625
F	run1	gmm	40	5	0.084143792	0.08413275	0.0	91324880	0	0	0.005981	1.42041015625
F	run1	gmm	20	6	0.050330917	0.050319916	0.0	61110064	0	0	0.005927917	1.42041015625
F	run1	gmm	40	6	0.084180291	0.084169459	0.0	91324880	0	0	0.005976	1.42041015625
F	run1	gmm	20	7	0.050090542	0.050092	0.0	61110064	0	0	0.005893666	1.42041015625
F	run1	gmm	40	7	0.083807417	0.083795875	0.0	91324880	0	0	0.005904541	1.42041015625
F	run1	gmm	20	8	0.050239959	0.050229667	0.0	61110352	0	0	0.005945833	1.42041015625
F	run1	gmm	40	8	0.08389875	0.083889375	0.0	91324880	0	0	0.005964583	1.42041015625
F	run1	gmm	20	9	0.050404584	0.05040625	0.0	61110064	0	0	0.005975083	1.42041015625
F	run1	gmm	40	9	0.084339459	0.084341125	0.0	91324880	0	0	0.005988375	1.42041015625
F	run1	gmm	20	10	0.049990042	0.049991166	0.0	61110064	0	0	0.005906333	1.42041015625
F	run1	gmm	40	10	0.084113042	0.084102875	0.0	91324880	0	0	0.005954334	1.42041015625
F	run1	gmm	20	11	0.050090292	0.050079458	0.0	61110064	0	0	0.005982584	1.42041015625
F	run1	gmm	40	11	0.083650791	0.083652125	0.0	91324880	0	0	0.005938	1.42041015625
v6	run1	gmm	-1	0	1.3989150524139404	0	0	0	0	0	0	0
v6	run1	gmm	0	0	7.255239792	7.254548	0.187984168	2129306544	8	1	0.0059545	1.42919921875
v6	run1	gmm	20	1	0.060936125	0.060925084	0.0	71025344	0	0	0.005945458	1.4365234375
v6	run1	gmm	40	1	0.106593541	0.106585666	0.0	109133280	0	0	0.006002875	1.4365234375
v6	run1	gmm	20	2	0.061478166	0.061470792	0.0	71025344	0	0	0.005954042	1.4365234375
v6	run1	gmm	40	2	0.106105084	0.106094875	0.0	109133280	0	0	0.005945291	1.4365234375
v6	run1	gmm	20	3	0.061096833	0.0610875	0.0	71025344	0	0	0.005938417	1.4365234375
v6	run1	gmm	40	3	0.105965416	0.105953958	0.0	109133280	0	0	0.005969042	1.4365234375
v6	run1	gmm	20	4	0.060719666	0.06072125	0.0	71025344	0	0	0.005897958	1.4365234375
v6	run1	gmm	40	4	0.105839959	0.105830208	0.0	109133280	0	0	0.005943375	1.4365234375
v6	run1	gmm	20	5	0.060734333	0.060723	0.0	71025344	0	0	0.005964541	1.4365234375
v6	run1	gmm	40	5	0.106812708	0.10680075	0.0	109133280	0	0	0.005945834	1.4365234375
v6	run1	gmm	20	6	0.060768792	0.060770625	0.0	71025344	0	0	0.005978584	1.4814453125
v6	run1	gmm	40	6	0.106235375	0.106225792	0.0	109133280	0	0	0.005986875	1.4814453125
v6	run1	gmm	20	7	0.06064975	0.060640625	0.0	71025344	0	0	0.005979084	1.4814453125
v6	run1	gmm	40	7	0.106062958	0.106064958	0.0	109133280	0	0	0.005933958	1.4814453125
v6	run1	gmm	20	8	0.060487292	0.0604895	0.0	71025344	0	0	0.005933417	1.4814453125
v6	run1	gmm	40	8	0.106356042	0.106349833	0.0	109133280	0	0	0.005940292	1.4814453125
v6	run1	gmm	20	9	0.060821416	0.060823291	0.0	71025344	0	0	0.005866	1.4814453125
v6	run1	gmm	40	9	0.105613916	0.105615875	0.0	109133280	0	0	0.005867833	1.4814453125
v6	run1	gmm	20	10	0.060757958	0.06075925	0.0	71025344	0	0	0.005942125	1.4814453125
v6	run1	gmm	40	10	0.10606725	0.106057	0.0	109133280	0	0	0.005952792	1.4814453125
v6	run1	gmm	20	11	0.060977125	0.0609785	0.0	71025344	0	0	0.005940958	1.4814453125
v6	run1	gmm	40	11	0.106120584	0.106108	0.0	109133280	0	0	0.005944041	1.4814453125
F	run2	gmm	-1	0	1.300825834274292	0	0	0	0	0	0	0
F	run2	gmm	0	0	9.531693917	9.530828333	0.243054083	3056590448	10	1	0.005901792	1.5673828125
F	run2	gmm	20	1	0.056745875	0.056747458	0.0	61353040	0	0	0.00596675	1.70703125
F	run2	gmm	40	1	0.083825791	0.083827333	0.0	91324880	0	0	0.005988833	1.70703125
F	run2	gmm	20	2	0.050639542	0.050630584	0.0	61110064	0	0	0.005977667	1.70703125
F	run2	gmm	40	2	0.084757625	0.084747583	0.0	91324880	0	0	0.005949208	1.70703125
F	run2	gmm	20	3	0.050289708	0.050292792	0.0	61110064	0	0	0.0058935	1.70703125
F	run2	gmm	40	3	0.08389075	0.083892583	0.0	91324880	0	0	0.005926959	1.70703125
F	run2	gmm	20	4	0.050612625	0.050601667	0.0	61110064	0	0	0.005995625	1.70703125
F	run2	gmm	40	4	0.084548625	0.084538583	0.0	91324880	0	0	0.00595025	1.70703125
F	run2	gmm	20	5	0.05064225	0.050643458	0.0	61110064	0	0	0.005866792	1.70703125
F	run2	gmm	40	5	0.084645834	0.08464775	0.0	91324880	0	0	0.005844833	1.70703125
F	run2	gmm	20	6	0.050593792	0.05058325	0.0	61110064	0	0	0.005940333	1.70703125
F	run2	gmm	40	6	0.083917583	0.083905375	0.0	91324880	0	0	0.00596	1.70703125
F	run2	gmm	20	7	0.050737666	0.0507285	0.0	61110064	0	0	0.005989958	1.650390625
F	run2	gmm	40	7	0.083926542	0.083914959	0.0	91324880	0	0	0.005969459	1.650390625
F	run2	gmm	20	8	0.050425667	0.050426833	0.0	61110352	0	0	0.005957958	1.650390625
F	run2	gmm	40	8	0.084220958	0.084211083	0.0	91324880	0	0	0.005877458	1.650390625
F	run2	gmm	20	9	0.050438291	0.050427042	0.0	61110064	0	0	0.005954125	1.650390625
F	run2	gmm	40	9	0.084087958	0.084076333	0.0	91324880	0	0	0.005952542	1.650390625
F	run2	gmm	20	10	0.050698125	0.050700375	0.0	61110064	0	0	0.0059805	1.650390625
F	run2	gmm	40	10	0.084313833	0.084315417	0.0	91324880	0	0	0.005886334	1.650390625
F	run2	gmm	20	11	0.050511875	0.05051375	0.0	61110064	0	0	0.005948333	1.650390625
F	run2	gmm	40	11	0.084214625	0.084205	0.0	91324880	0	0	0.00590075	1.650390625
v6	run2	gmm	-1	0	1.4059619903564453	0	0	0	0	0	0	0
v6	run2	gmm	0	0	7.24011225	7.239422542	0.179992165	2129321808	8	1	0.00595025	1.62353515625
v6	run2	gmm	20	1	0.060163959	0.060166375	0.0	71025344	0	0	0.005920042	1.60693359375
v6	run2	gmm	40	1	0.104409166	0.104398666	0.0	109133280	0	0	0.005926833	1.60693359375
v6	run2	gmm	20	2	0.059773709	0.059762292	0.0	71025344	0	0	0.005962625	1.60693359375
v6	run2	gmm	40	2	0.104148583	0.104138625	0.0	109133280	0	0	0.00599725	1.60693359375
v6	run2	gmm	20	3	0.059978583	0.059981042	0.0	71025344	0	0	0.005957875	1.60693359375
v6	run2	gmm	40	3	0.104274416	0.104262042	0.0	109133280	0	0	0.005932417	1.60693359375
v6	run2	gmm	20	4	0.060507542	0.060500291	0.0	71025344	0	0	0.005899833	1.60693359375
v6	run2	gmm	40	4	0.104662292	0.104664666	0.0	109133280	0	0	0.005839	1.60693359375
v6	run2	gmm	20	5	0.060162584	0.06015025	0.0	71025344	0	0	0.00598725	1.60693359375
v6	run2	gmm	40	5	0.10437025	0.10436175	0.0	109133280	0	0	0.005942583	1.60693359375
v6	run2	gmm	20	6	0.06020425	0.060205709	0.0	71025344	0	0	0.005914875	1.60693359375
v6	run2	gmm	40	6	0.104707916	0.104709625	0.0	109133280	0	0	0.005868625	1.60693359375
v6	run2	gmm	20	7	0.060035583	0.060026042	0.0	71025344	0	0	0.00598375	1.60693359375
v6	run2	gmm	40	7	0.104494542	0.104491583	0.0	109133280	0	0	0.005936834	1.60693359375
v6	run2	gmm	20	8	0.059801291	0.059802708	0.0	71025344	0	0	0.005869709	1.60693359375
v6	run2	gmm	40	8	0.104655041	0.104657584	0.0	109133280	0	0	0.00593875	1.60693359375
v6	run2	gmm	20	9	0.061911292	0.06190725	0.0	71025344	0	0	0.006085417	1.60693359375
v6	run2	gmm	40	9	0.104908542	0.104898458	0.0	109133280	0	0	0.005972958	1.60693359375
v6	run2	gmm	20	10	0.059743625	0.059745416	0.0	71025344	0	0	0.005902458	1.60693359375
v6	run2	gmm	40	10	0.104998917	0.105001208	0.0	109133280	0	0	0.005938792	1.60693359375
v6	run2	gmm	20	11	0.06004825	0.060049875	0.0	71025344	0	0	0.005937375	1.60693359375
v6	run2	gmm	40	11	0.104072666	0.104062667	0.0	109133280	0	0	0.005975958	1.60693359375
FULLT	run2	gmm	-1	0	1.2921419143676758	0	0	0	0	0	0	0
FULLT	run2	gmm	0	0	9.243043042	9.242168459	0.22238775	2808106016	9	1	0.005919083	1.51318359375
FULLT	run2	gmm	20	1	0.073641584	0.073628083	0.0	83805504	0	0	0.005967625	1.3984375
FULLT	run2	gmm	40	1	0.114474333	0.1144635	0.0	122831520	0	0	0.005937708	1.3984375
FULLT	run2	gmm	20	2	0.074213166	0.07420225	0.0	83805504	0	0	0.005965667	1.3984375
FULLT	run2	gmm	40	2	0.11503975	0.1150295	0.0	122831520	0	0	0.00586675	1.3984375
FULLT	run2	gmm	20	3	0.073822875	0.073825708	0.0	83805504	0	0	0.005927541	1.3984375
FULLT	run2	gmm	40	3	0.113910667	0.113900625	0.0	122831520	0	0	0.005933125	1.3984375
FULLT	run2	gmm	20	4	0.073777916	0.073766	0.0	83805504	0	0	0.005902791	1.3984375
FULLT	run2	gmm	40	4	0.114216791	0.114207833	0.0	122831520	0	0	0.005994208	1.3984375
FULLT	run2	gmm	20	5	0.073757542	0.073746125	0.0	83805504	0	0	0.005964708	1.3984375
FULLT	run2	gmm	40	5	0.11424725	0.114237333	0.0	122831520	0	0	0.005939708	1.3984375
FULLT	run2	gmm	20	6	0.0744685	0.074470125	0.0	83805504	0	0	0.005937541	1.3984375
FULLT	run2	gmm	40	6	0.114659625	0.114660833	0.0	122831520	0	0	0.005920458	1.3984375
FULLT	run2	gmm	20	7	0.07395125	0.073953	0.0	83805504	0	0	0.00585925	1.3984375
FULLT	run2	gmm	40	7	0.114617667	0.114608333	0.0	122831520	0	0	0.005998917	1.3984375
FULLT	run2	gmm	20	8	0.073837791	0.073826958	0.0	83805792	0	0	0.00596	1.3984375
FULLT	run2	gmm	40	8	0.114358166	0.114348708	0.0	122831520	0	0	0.005973583	1.3984375
FULLT	run2	gmm	20	9	0.073490333	0.073478625	0.0	83805504	0	0	0.005933833	1.3984375
FULLT	run2	gmm	40	9	0.113949334	0.113938125	0.0	122831520	0	0	0.005929084	1.3984375
FULLT	run2	gmm	20	10	0.073909875	0.073911334	0.0	83805504	0	0	0.005971875	1.3984375
FULLT	run2	gmm	40	10	0.114376625	0.11436375	0.0	122831520	0	0	0.005977833	1.3984375
FULLT	run2	gmm	20	11	0.073546459	0.0735355	0.0	83805504	0	0	0.0059585	1.3984375
FULLT	run2	gmm	40	11	0.114523167	0.114512917	0.0	122831520	0	0	0.005902625	1.3984375
v6	run3	gmm	-1	0	1.4019300937652588	0	0	0	0	0	0	0
v6	run3	gmm	0	0	7.270385667	7.269713708	0.181222958	2129333184	8	1	0.005947959	1.41015625
v6	run3	gmm	20	1	0.059557209	0.059559333	0.0	71025344	0	0	0.005961958	1.4267578125
v6	run3	gmm	40	1	0.103493	0.103495708	0.0	109133280	0	0	0.005931	1.4267578125
v6	run3	gmm	20	2	0.059863292	0.0598525	0.0	71025344	0	0	0.005947875	1.4267578125
v6	run3	gmm	40	2	0.10446175	0.1044635	0.0	109133280	0	0	0.005938875	1.4267578125
v6	run3	gmm	20	3	0.059356333	0.059358959	0.0	71025344	0	0	0.005892917	1.4267578125
v6	run3	gmm	40	3	0.104054875	0.104058458	0.0	109133280	0	0	0.005970875	1.4267578125
v6	run3	gmm	20	4	0.059253333	0.059256167	0.0	71025344	0	0	0.00588875	1.4267578125
v6	run3	gmm	40	4	0.10347	0.103459333	0.0	109133280	0	0	0.005898916	1.4267578125
v6	run3	gmm	20	5	0.059609167	0.059598	0.0	71025344	0	0	0.005990959	1.4267578125
v6	run3	gmm	40	5	0.103388875	0.1033905	0.0	109133280	0	0	0.005910417	1.4267578125
v6	run3	gmm	20	6	0.05968825	0.059690292	0.0	71025344	0	0	0.006108083	1.4267578125
v6	run3	gmm	40	6	0.103055875	0.103046833	0.0	109133280	0	0	0.005900542	1.4267578125
v6	run3	gmm	20	7	0.059454083	0.059444125	0.0	71025344	0	0	0.00597875	1.4267578125
v6	run3	gmm	40	7	0.104116333	0.104118208	0.0	109133280	0	0	0.005982542	1.4267578125
v6	run3	gmm	20	8	0.059506208	0.059507917	0.0	71025344	0	0	0.005912542	1.392578125
v6	run3	gmm	40	8	0.104028125	0.104018	0.0	109133280	0	0	0.005955792	1.392578125
v6	run3	gmm	20	9	0.059307208	0.059295458	0.0	71025344	0	0	0.005938417	1.392578125
v6	run3	gmm	40	9	0.103535333	0.103536875	0.0	109133280	0	0	0.005959375	1.392578125
v6	run3	gmm	20	10	0.05951175	0.059513916	0.0	71025344	0	0	0.005968416	1.392578125
v6	run3	gmm	40	10	0.103335416	0.10332475	0.0	109133280	0	0	0.005903208	1.392578125
v6	run3	gmm	20	11	0.059352792	0.059343667	0.0	71025344	0	0	0.005982291	1.392578125
v6	run3	gmm	40	11	0.103520917	0.10352225	0.0	109133280	0	0	0.005937291	1.392578125
FULLT	run3	gmm	-1	0	1.299767017364502	0	0	0	0	0	0	0
FULLT	run3	gmm	0	0	9.297999958	9.297117291	0.218889959	2808108288	9	1	0.00593925	1.33154296875
FULLT	run3	gmm	20	1	0.073877333	0.073865791	0.0	83805504	0	0	0.005942916	1.2802734375
FULLT	run3	gmm	40	1	0.114194125	0.114195208	0.0	122831520	0	0	0.005912875	1.2802734375
FULLT	run3	gmm	20	2	0.073586625	0.07357675	0.0	83805504	0	0	0.005899458	1.2802734375
FULLT	run3	gmm	40	2	0.115214166	0.115204834	0.0	122831520	0	0	0.005946541	1.2802734375
FULLT	run3	gmm	20	3	0.073558125	0.073559833	0.0	83805504	0	0	0.005937166	1.2802734375
FULLT	run3	gmm	40	3	0.11437	0.114358625	0.0	122831520	0	0	0.00598325	1.2802734375
FULLT	run3	gmm	20	4	0.073202875	0.073205667	0.0	83805504	0	0	0.005905875	1.2802734375
FULLT	run3	gmm	40	4	0.114745917	0.114737	0.0	122831520	0	0	0.005940458	1.2802734375
FULLT	run3	gmm	20	5	0.073430792	0.073432334	0.0	83805504	0	0	0.005954084	1.2802734375
FULLT	run3	gmm	40	5	0.113926	0.113928917	0.0	122831520	0	0	0.005858375	1.2802734375
FULLT	run3	gmm	20	6	0.073532834	0.073520666	0.0	83805504	0	0	0.005881209	1.2802734375
FULLT	run3	gmm	40	6	0.114260667	0.114252208	0.0	122831520	0	0	0.005896459	1.2802734375
FULLT	run3	gmm	20	7	0.07375625	0.073758625	0.0	83805504	0	0	0.005925166	1.2802734375
FULLT	run3	gmm	40	7	0.114243834	0.114234292	0.0	122831520	0	0	0.005967666	1.2802734375
FULLT	run3	gmm	20	8	0.07380625	0.073808167	0.0	83805792	0	0	0.005837708	1.337890625
FULLT	run3	gmm	40	8	0.113829708	0.113818042	0.0	122831520	0	0	0.005924583	1.337890625
FULLT	run3	gmm	20	9	0.073575084	0.073576333	0.0	83805504	0	0	0.005941584	1.337890625
FULLT	run3	gmm	40	9	0.114382791	0.1143755	0.0	122831520	0	0	0.005894125	1.337890625
FULLT	run3	gmm	20	10	0.073682708	0.073684292	0.0	83805504	0	0	0.005894625	1.337890625
FULLT	run3	gmm	40	10	0.113961458	0.113962833	0.0	122831520	0	0	0.005936375	1.337890625
FULLT	run3	gmm	20	11	0.073684375	0.073673625	0.0	83805504	0	0	0.005965834	1.337890625
FULLT	run3	gmm	40	11	0.113444708	0.113434791	0.0	122831520	0	0	0.005856625	1.337890625
F	run3	gmm	-1	0	1.2970809936523438	0	0	0	0	0	0	0
F	run3	gmm	0	0	9.552127375	9.551213708	0.243380584	3056555344	10	1	0.005956291	1.35888671875
F	run3	gmm	20	1	0.056576625	0.056578583	0.0	61353040	0	0	0.005982291	1.30322265625
F	run3	gmm	40	1	0.083905917	0.083894625	0.0	91324880	0	0	0.005957625	1.30322265625
F	run3	gmm	20	2	0.0506165	0.050619667	0.0	61110064	0	0	0.005836625	1.30322265625
F	run3	gmm	40	2	0.08519175	0.085193584	0.0	91324880	0	0	0.005911458	1.30322265625
F	run3	gmm	20	3	0.050459708	0.050461417	0.0	61110064	0	0	0.005932791	1.30322265625
F	run3	gmm	40	3	0.084799958	0.084790209	0.0	91324880	0	0	0.005972583	1.30322265625
F	run3	gmm	20	4	0.050268375	0.050269791	0.0	61110064	0	0	0.005958375	1.30322265625
F	run3	gmm	40	4	0.084673	0.084674709	0.0	91324880	0	0	0.005839542	1.30322265625
F	run3	gmm	20	5	0.0505265	0.050528875	0.0	61110064	0	0	0.005900125	1.30322265625
F	run3	gmm	40	5	0.084161541	0.084149208	0.0	91324880	0	0	0.005943333	1.30322265625
F	run3	gmm	20	6	0.050465458	0.05045525	0.0	61110064	0	0	0.005961666	1.30322265625
F	run3	gmm	40	6	0.08493375	0.084923083	0.0	91324880	0	0	0.00592475	1.30322265625
F	run3	gmm	20	7	0.050500875	0.050502333	0.0	61110064	0	0	0.005872625	1.30322265625
F	run3	gmm	40	7	0.084339667	0.084340959	0.0	91324880	0	0	0.005972417	1.27880859375
F	run3	gmm	20	8	0.050609833	0.050611334	0.0	61110352	0	0	0.00602225	1.27880859375
F	run3	gmm	40	8	0.084186042	0.084175583	0.0	91324880	0	0	0.005926958	1.27880859375
F	run3	gmm	20	9	0.050689167	0.050683667	0.0	61110064	0	0	0.005935583	1.27880859375
F	run3	gmm	40	9	0.084702541	0.084704791	0.0	91324880	0	0	0.005941875	1.27880859375
F	run3	gmm	20	10	0.050265709	0.050267417	0.0	61110064	0	0	0.005926167	1.27880859375
F	run3	gmm	40	10	0.084446334	0.084448791	0.0	91324880	0	0	0.005877333	1.27880859375
F	run3	gmm	20	11	0.050222375	0.050223833	0.0	61110064	0	0	0.005942209	1.27880859375
F	run3	gmm	40	11	0.084427792	0.084428542	0.0	91324880	0	0	0.005931666	1.27880859375
FULLT	run4	gmm	-1	0	1.2915399074554443	0	0	0	0	0	0	0
FULLT	run4	gmm	0	0	9.270542833	9.269666708	0.222786749	2807936912	9	1	0.0059755	1.2353515625
FULLT	run4	gmm	20	1	0.073234542	0.073237334	0.0	83805504	0	0	0.005846166	1.19873046875
FULLT	run4	gmm	40	1	0.115224542	0.115215625	0.0	122831520	0	0	0.005925583	1.19873046875
FULLT	run4	gmm	20	2	0.073620167	0.073622042	0.0	83805504	0	0	0.005983292	1.19873046875
FULLT	run4	gmm	40	2	0.113800709	0.113791166	0.0	122831520	0	0	0.005899541	1.19873046875
FULLT	run4	gmm	20	3	0.073178792	0.073180542	0.0	83805504	0	0	0.005891083	1.19873046875
FULLT	run4	gmm	40	3	0.114160208	0.114161542	0.0	122831520	0	0	0.005903291	1.19873046875
FULLT	run4	gmm	20	4	0.072903292	0.072892333	0.0	83805504	0	0	0.005947083	1.19873046875
FULLT	run4	gmm	40	4	0.113563791	0.113565041	0.0	122831520	0	0	0.005883	1.19873046875
FULLT	run4	gmm	20	5	0.073041375	0.073032875	0.0	83805504	0	0	0.005996709	1.19873046875
FULLT	run4	gmm	40	5	0.113284667	0.113286125	0.0	122831520	0	0	0.005926041	1.19873046875
FULLT	run4	gmm	20	6	0.073653875	0.073643292	0.0	83805504	0	0	0.005933417	1.19873046875
FULLT	run4	gmm	40	6	0.113356375	0.113348083	0.0	122831520	0	0	0.005935875	1.19873046875
FULLT	run4	gmm	20	7	0.073041542	0.073042917	0.0	83805504	0	0	0.005865958	1.19873046875
FULLT	run4	gmm	40	7	0.11261525	0.112605792	0.0	122831520	0	0	0.00590275	1.19873046875
FULLT	run4	gmm	20	8	0.073204292	0.073205875	0.0	83805792	0	0	0.005928417	1.1826171875
FULLT	run4	gmm	40	8	0.113901083	0.113891125	0.0	122831520	0	0	0.005933	1.1826171875
FULLT	run4	gmm	20	9	0.073034	0.073037083	0.0	83805504	0	0	0.005967417	1.1826171875
FULLT	run4	gmm	40	9	0.113285292	0.1132775	0.0	122831520	0	0	0.005909958	1.1826171875
FULLT	run4	gmm	20	10	0.072849167	0.072841334	0.0	83805504	0	0	0.005914583	1.1826171875
FULLT	run4	gmm	40	10	0.114174208	0.114162625	0.0	122831520	0	0	0.00596975	1.1826171875
FULLT	run4	gmm	20	11	0.073038709	0.073040875	0.0	83805504	0	0	0.00584025	1.1826171875
FULLT	run4	gmm	40	11	0.114612917	0.114602292	0.0	122831520	0	0	0.005960625	1.1826171875
F	run4	gmm	-1	0	1.2978699207305908	0	0	0	0	0	0	0
F	run4	gmm	0	0	9.547581083	9.546699583	0.232637044	3056614416	9	1	0.005981375	1.154296875
F	run4	gmm	20	1	0.0555485	0.055551208	0.0	61353040	0	0	0.005926666	1.1298828125
F	run4	gmm	40	1	0.083181542	0.083169292	0.0	91324880	0	0	0.005940833	1.1298828125
F	run4	gmm	20	2	0.049893042	0.049895709	0.0	61110064	0	0	0.00591725	1.1298828125
F	run4	gmm	40	2	0.083567334	0.083570083	0.0	91324880	0	0	0.005868625	1.1298828125
F	run4	gmm	20	3	0.049958792	0.049961125	0.0	61110064	0	0	0.005967042	1.1298828125
F	run4	gmm	40	3	0.08373225	0.083733875	0.0	91324880	0	0	0.005874084	1.1298828125
F	run4	gmm	20	4	0.050292084	0.05029425	0.0	61110064	0	0	0.005854083	1.1298828125
F	run4	gmm	40	4	0.083113792	0.083115333	0.0	91324880	0	0	0.00599275	1.1298828125
F	run4	gmm	20	5	0.050266417	0.050257416	0.0	61110064	0	0	0.005963666	1.1298828125
F	run4	gmm	40	5	0.083450333	0.08345125	0.0	91324880	0	0	0.005972791	1.1298828125
F	run4	gmm	20	6	0.050063375	0.050066166	0.0	61110064	0	0	0.0058635	1.1298828125
F	run4	gmm	40	6	0.082246917	0.082248333	0.0	91324880	0	0	0.005893333	1.1298828125
F	run4	gmm	20	7	0.049842333	0.049843625	0.0	61110064	0	0	0.005937459	1.1298828125
F	run4	gmm	40	7	0.083088625	0.083089875	0.0	91324880	0	0	0.00595125	1.119140625
F	run4	gmm	20	8	0.049768417	0.04976	0.0	61110352	0	0	0.005975208	1.119140625
F	run4	gmm	40	8	0.083287625	0.083276375	0.0	91324880	0	0	0.005967333	1.119140625
F	run4	gmm	20	9	0.050035416	0.050037333	0.0	61110064	0	0	0.00594675	1.119140625
F	run4	gmm	40	9	0.083188583	0.083180958	0.0	91324880	0	0	0.005981875	1.119140625
F	run4	gmm	20	10	0.050047084	0.050048125	0.0	61110064	0	0	0.005982959	1.119140625
F	run4	gmm	40	10	0.082667625	0.082659958	0.0	91324880	0	0	0.005937917	1.119140625
F	run4	gmm	20	11	0.050203875	0.050195625	0.0	61110064	0	0	0.005940042	1.119140625
F	run4	gmm	40	11	0.083662333	0.0836515	0.0	91324880	0	0	0.005968	1.119140625
v6	run4	gmm	-1	0	1.3995039463043213	0	0	0	0	0	0	0
v6	run4	gmm	0	0	7.25418225	7.253492208	0.181018917	2129359168	8	1	0.005928541	1.1806640625
v6	run4	gmm	20	1	0.060355375	0.060345875	0.0	71025344	0	0	0.005924875	1.15234375
v6	run4	gmm	40	1	0.105372042	0.105365084	0.0	109133280	0	0	0.005982	1.15234375
v6	run4	gmm	20	2	0.060965083	0.060966916	0.0	71025344	0	0	0.005926958	1.15234375
v6	run4	gmm	40	2	0.106136041	0.106126959	0.0	109133280	0	0	0.00594775	1.15234375
v6	run4	gmm	20	3	0.060505917	0.060495708	0.0	71025344	0	0	0.00593175	1.15234375
v6	run4	gmm	40	3	0.105448	0.105449833	0.0	109133280	0	0	0.005935458	1.15234375
v6	run4	gmm	20	4	0.060507667	0.060508667	0.0	71025344	0	0	0.005887709	1.15234375
v6	run4	gmm	40	4	0.104734833	0.104724708	0.0	109133280	0	0	0.005900584	1.15234375
v6	run4	gmm	20	5	0.0605525	0.060554625	0.0	71025344	0	0	0.005915208	1.15234375
v6	run4	gmm	40	5	0.10480875	0.104799375	0.0	109133280	0	0	0.005894541	1.15234375
v6	run4	gmm	20	6	0.060437417	0.060438709	0.0	71025344	0	0	0.005932792	1.15234375
v6	run4	gmm	40	6	0.104862708	0.1048645	0.0	109133280	0	0	0.005835875	1.15234375
v6	run4	gmm	20	7	0.060218667	0.060221042	0.0	71025344	0	0	0.005894209	1.15234375
v6	run4	gmm	40	7	0.105823125	0.10581325	0.0	109133280	0	0	0.005925458	1.15234375
v6	run4	gmm	20	8	0.06053175	0.060520042	0.0	71025344	0	0	0.005977125	1.15234375
v6	run4	gmm	40	8	0.104991584	0.104992959	0.0	109133280	0	0	0.005936209	1.15234375
v6	run4	gmm	20	9	0.060469417	0.060470417	0.0	71025344	0	0	0.005902125	1.15234375
v6	run4	gmm	40	9	0.105749833	0.10574025	0.0	109133280	0	0	0.005957125	1.15234375
v6	run4	gmm	20	10	0.060392041	0.060379958	0.0	71025344	0	0	0.005973875	1.15234375
v6	run4	gmm	40	10	0.105033958	0.105035375	0.0	109133280	0	0	0.005971125	1.15234375
v6	run4	gmm	20	11	0.060467083	0.06046875	0.0	71025344	0	0	0.005901375	1.15234375
v6	run4	gmm	40	11	0.105104792	0.105092833	0.0	109133280	0	0	0.00593525	1.15234375
F	run5	gmm	-1	0	1.3027629852294922	0	0	0	0	0	0	0
F	run5	gmm	0	0	9.566744375	9.565818042	0.245118126	3056574736	9	1	0.005923917	1.208984375
F	run5	gmm	20	1	0.055669666	0.055658958	0.0	61353040	0	0	0.005978708	1.162109375
F	run5	gmm	40	1	0.082782166	0.082783833	0.0	91324880	0	0	0.005899417	1.162109375
F	run5	gmm	20	2	0.04965275	0.049653875	0.0	61110064	0	0	0.005932875	1.162109375
F	run5	gmm	40	2	0.084028083	0.084016792	0.0	91324880	0	0	0.005944625	1.162109375
F	run5	gmm	20	3	0.050352041	0.050344542	0.0	61110064	0	0	0.0060035	1.162109375
F	run5	gmm	40	3	0.083423292	0.083412083	0.0	91324880	0	0	0.005971416	1.162109375
F	run5	gmm	20	4	0.050137042	0.050139333	0.0	61110064	0	0	0.005914958	1.162109375
F	run5	gmm	40	4	0.083584792	0.083577458	0.0	91324880	0	0	0.005968958	1.162109375
F	run5	gmm	20	5	0.049880334	0.049870625	0.0	61110064	0	0	0.005949041	1.162109375
F	run5	gmm	40	5	0.083211583	0.08319975	0.0	91324880	0	0	0.005938375	1.162109375
F	run5	gmm	20	6	0.049868416	0.049870083	0.0	61110064	0	0	0.00597375	1.162109375
F	run5	gmm	40	6	0.083755875	0.083745417	0.0	91324880	0	0	0.005939042	1.162109375
F	run5	gmm	20	7	0.049760667	0.049750917	0.0	61110064	0	0	0.005958584	1.162109375
F	run5	gmm	40	7	0.082643333	0.082634583	0.0	91324880	0	0	0.005907375	1.162109375
F	run5	gmm	20	8	0.049673416	0.04967575	0.0	61110352	0	0	0.005933459	1.162109375
F	run5	gmm	40	8	0.083503	0.083505292	0.0	91324880	0	0	0.005906125	1.162109375
F	run5	gmm	20	9	0.049705292	0.0496945	0.0	61110064	0	0	0.005965125	1.162109375
F	run5	gmm	40	9	0.082995792	0.082983584	0.0	91324880	0	0	0.005948584	1.162109375
F	run5	gmm	20	10	0.050194625	0.050195791	0.0	61110064	0	0	0.005907541	1.162109375
F	run5	gmm	40	10	0.082276916	0.082267125	0.0	91324880	0	0	0.00591425	1.162109375
F	run5	gmm	20	11	0.049977333	0.04997925	0.0	61110064	0	0	0.0059415	1.162109375
F	run5	gmm	40	11	0.082714041	0.082715833	0.0	91324880	0	0	0.005915292	1.162109375
v6	run5	gmm	-1	0	1.4088280200958252	0	0	0	0	0	0	0
v6	run5	gmm	0	0	7.254106375	7.253431084	0.180227459	2129344656	8	1	0.005963959	1.13671875
v6	run5	gmm	20	1	0.060482625	0.060484375	0.0	71025344	0	0	0.005950208	1.115234375
v6	run5	gmm	40	1	0.106020458	0.106011709	0.0	109133280	0	0	0.00586825	1.115234375
v6	run5	gmm	20	2	0.061188875	0.061179209	0.0	71025344	0	0	0.0059505	1.115234375
v6	run5	gmm	40	2	0.106367541	0.106369333	0.0	109133280	0	0	0.005980583	1.115234375
v6	run5	gmm	20	3	0.060377583	0.060379709	0.0	71025344	0	0	0.005886166	1.115234375
v6	run5	gmm	40	3	0.10586625	0.105855666	0.0	109133280	0	0	0.005947791	1.115234375
v6	run5	gmm	20	4	0.060686834	0.060689	0.0	71025344	0	0	0.005938375	1.115234375
v6	run5	gmm	40	4	0.105185	0.105173334	0.0	109133280	0	0	0.005978375	1.115234375
v6	run5	gmm	20	5	0.060630334	0.060631666	0.0	71025344	0	0	0.005927834	1.115234375
v6	run5	gmm	40	5	0.105647375	0.105649542	0.0	109133280	0	0	0.005870208	1.115234375
v6	run5	gmm	20	6	0.060679875	0.060672583	0.0	71025344	0	0	0.005897291	1.115234375
v6	run5	gmm	40	6	0.105654459	0.105644625	0.0	109133280	0	0	0.006021708	1.115234375
v6	run5	gmm	20	7	0.060937208	0.06093875	0.0	71025344	0	0	0.005972625	1.115234375
v6	run5	gmm	40	7	0.105029375	0.10501775	0.0	109133280	0	0	0.005931	1.115234375
v6	run5	gmm	20	8	0.060753084	0.060742417	0.0	71025344	0	0	0.005903375	1.115234375
v6	run5	gmm	40	8	0.106233959	0.106222792	0.0	109133280	0	0	0.005954	1.115234375
v6	run5	gmm	20	9	0.061220458	0.061221875	0.0	71025344	0	0	0.005988125	1.115234375
v6	run5	gmm	40	9	0.1053995	0.105389833	0.0	109133280	0	0	0.00596	1.10595703125
v6	run5	gmm	20	10	0.060448583	0.060439917	0.0	71025344	0	0	0.0059325	1.10595703125
v6	run5	gmm	40	10	0.106093792	0.106084542	0.0	109133280	0	0	0.005912	1.10595703125
v6	run5	gmm	20	11	0.061136042	0.061123542	0.0	71025344	0	0	0.005958333	1.10595703125
v6	run5	gmm	40	11	0.105563708	0.105555958	0.0	109133280	0	0	0.005986792	1.10595703125
FULLT	run5	gmm	-1	0	1.3038020133972168	0	0	0	0	0	0	0
FULLT	run5	gmm	0	0	9.306272458	9.305395291	0.225708418	2808167824	9	1	0.005865083	1.08935546875
FULLT	run5	gmm	20	1	0.073446666	0.073448709	0.0	83805504	0	0	0.005983833	1.0751953125
FULLT	run5	gmm	40	1	0.113338459	0.113330042	0.0	122831520	0	0	0.005975333	1.0751953125
FULLT	run5	gmm	20	2	0.073457791	0.073460625	0.0	83805504	0	0	0.005938542	1.0751953125
FULLT	run5	gmm	40	2	0.113948833	0.113940042	0.0	122831520	0	0	0.005929667	1.0751953125
FULLT	run5	gmm	20	3	0.073348792	0.073351125	0.0	83805504	0	0	0.005967625	1.0751953125
FULLT	run5	gmm	40	3	0.11357175	0.113563666	0.0	122831520	0	0	0.005951209	1.0751953125
FULLT	run5	gmm	20	4	0.072919833	0.072908625	0.0	83805504	0	0	0.00595175	1.0751953125
FULLT	run5	gmm	40	4	0.113648542	0.113637584	0.0	122831520	0	0	0.005941334	1.0751953125
FULLT	run5	gmm	20	5	0.073069917	0.073060292	0.0	83805504	0	0	0.005917667	1.0751953125
FULLT	run5	gmm	40	5	0.113492041	0.113494166	0.0	122831520	0	0	0.005861333	1.0751953125
FULLT	run5	gmm	20	6	0.07279375	0.07279575	0.0	83805504	0	0	0.005956	1.0751953125
FULLT	run5	gmm	40	6	0.113136375	0.113137959	0.0	122831520	0	0	0.005981166	1.0751953125
FULLT	run5	gmm	20	7	0.073427958	0.073419375	0.0	83805504	0	0	0.005894042	1.0751953125
FULLT	run5	gmm	40	7	0.113878333	0.113870083	0.0	122831520	0	0	0.005996834	1.0751953125
FULLT	run5	gmm	20	8	0.072783208	0.072771541	0.0	83805792	0	0	0.005989167	1.0751953125
FULLT	run5	gmm	40	8	0.112921958	0.112909958	0.0	122831520	0	0	0.005959792	1.0751953125
FULLT	run5	gmm	20	9	0.073257458	0.073259458	0.0	83805504	0	0	0.005917667	1.0751953125
FULLT	run5	gmm	40	9	0.113404625	0.113406	0.0	122831520	0	0	0.005934333	1.0751953125
FULLT	run5	gmm	20	10	0.073157667	0.073162458	0.0	83805504	0	0	0.00594225	1.06884765625
FULLT	run5	gmm	40	10	0.112796292	0.112788083	0.0	122831520	0	0	0.005889333	1.06884765625
FULLT	run5	gmm	20	11	0.07310975	0.073102834	0.0	83805504	0	0	0.005953916	1.06884765625
FULLT	run5	gmm	40	11	0.113641542	0.113630042	0.0	122831520	0	0	0.00592525	1.06884765625
FULLT	run1	linreg	-1	0	1.293416976928711	0	0	0	0	0	0	0
FULLT	run1	linreg	0	0	10.199000458	10.19578025	0.350523251	3183751680	11	2	0.005925833	1.27880859375
FULLT	run1	linreg	20	1	0.191022584	0.188996708	0.0	201960112	0	0	0.0058495	1.30908203125
FULLT	run1	linreg	40	1	0.314693041	0.312630125	0.0	317186448	0	0	0.005960208	1.30908203125
FULLT	run1	linreg	20	2	0.190021542	0.18802275	0.0	201960112	0	0	0.005937709	1.30908203125
FULLT	run1	linreg	40	2	0.312016708	0.309972125	0.0	317186448	0	0	0.005932291	1.30908203125
FULLT	run1	linreg	20	3	0.190613334	0.1885875	0.0	201960112	0	0	0.005953792	1.30908203125
FULLT	run1	linreg	40	3	0.313017125	0.310957791	0.0	317186448	0	0	0.005863459	1.30908203125
FULLT	run1	linreg	20	4	0.190272958	0.188171541	0.0	201960112	0	0	0.005928166	1.30908203125
FULLT	run1	linreg	40	4	0.312759	0.310701834	0.0	317186448	0	0	0.005949083	1.30908203125
FULLT	run1	linreg	20	5	0.190068584	0.18804325	0.0	201960112	0	0	0.005904375	1.30908203125
FULLT	run1	linreg	40	5	0.313437375	0.311413291	0.0	317186448	0	0	0.005965042	1.30908203125
FULLT	run1	linreg	20	6	0.189801833	0.187804958	0.0	201960112	0	0	0.006007167	1.30908203125
FULLT	run1	linreg	40	6	0.313197334	0.311214875	0.0	317186448	0	0	0.005954667	1.30908203125
FULLT	run1	linreg	20	7	0.191465208	0.189402458	0.0	201960112	0	0	0.005951166	1.3642578125
FULLT	run1	linreg	40	7	0.311238125	0.309247417	0.0	317186448	0	0	0.005840875	1.3642578125
FULLT	run1	linreg	20	8	0.189650958	0.187615583	0.0	201960112	0	0	0.005950792	1.3642578125
FULLT	run1	linreg	40	8	0.31254225	0.310524209	0.0	317186448	0	0	0.005968875	1.3642578125
FULLT	run1	linreg	20	9	0.190652792	0.1886245	0.0	201960112	0	0	0.005947375	1.3642578125
FULLT	run1	linreg	40	9	0.312666375	0.310620958	0.0	317186448	0	0	0.005968542	1.3642578125
FULLT	run1	linreg	20	10	0.191273584	0.189193708	0.0	201960112	0	0	0.005933291	1.3642578125
FULLT	run1	linreg	40	10	0.312537584	0.310481375	0.0	317186448	0	0	0.00593725	1.3642578125
FULLT	run1	linreg	20	11	0.191304917	0.189270417	0.0	201960112	0	0	0.005969667	1.3642578125
FULLT	run1	linreg	40	11	0.312482625	0.310423625	0.0	317186448	0	0	0.005930917	1.3642578125
F	run1	linreg	-1	0	1.298029899597168	0	0	0	0	0	0	0
F	run1	linreg	0	0	8.520379625	8.519563458	0.260176541	2863559680	9	1	0.005971542	1.38818359375
F	run1	linreg	20	1	0.148600167	0.148590625	0.0	165450960	0	0	0.005949334	1.408203125
F	run1	linreg	40	1	0.2534755	0.253452375	0.0	260194096	0	0	0.005938291	1.408203125
F	run1	linreg	20	2	0.148668	0.148657084	0.0	165450960	0	0	0.005936458	1.408203125
F	run1	linreg	40	2	0.252375084	0.252352167	0.0	260194096	0	0	0.005888917	1.408203125
F	run1	linreg	20	3	0.14847	0.14845725	0.0	165450960	0	0	0.005966666	1.408203125
F	run1	linreg	40	3	0.252410959	0.2523775	0.0	260194096	0	0	0.005892542	1.408203125
F	run1	linreg	20	4	0.149302	0.149291875	0.0	165450960	0	0	0.005938625	1.408203125
F	run1	linreg	40	4	0.2529605	0.252938042	0.0	260194096	0	0	0.005928917	1.408203125
F	run1	linreg	20	5	0.147791041	0.147793125	0.0	165450960	0	0	0.005923916	1.408203125
F	run1	linreg	40	5	0.252964958	0.252944583	0.0	260194096	0	0	0.005931709	1.408203125
F	run1	linreg	20	6	0.147322791	0.147312042	0.0	165450960	0	0	0.005927125	1.37548828125
F	run1	linreg	40	6	0.25306625	0.253029625	0.0	260194096	0	0	0.005978958	1.37548828125
F	run1	linreg	20	7	0.148323292	0.148313041	0.0	165450960	0	0	0.005951334	1.37548828125
F	run1	linreg	40	7	0.254467416	0.254448583	0.0	260194096	0	0	0.005918625	1.37548828125
F	run1	linreg	20	8	0.147889916	0.1478805	0.0	165450960	0	0	0.005906042	1.37548828125
F	run1	linreg	40	8	0.253435959	0.253404625	0.0	260194096	0	0	0.005985	1.37548828125
F	run1	linreg	20	9	0.148565375	0.14854175	0.0	165450960	0	0	0.00593825	1.37548828125
F	run1	linreg	40	9	0.254376083	0.254354375	0.0	260194096	0	0	0.00593125	1.37548828125
F	run1	linreg	20	10	0.148589958	0.148568583	0.0	165450960	0	0	0.005983084	1.37548828125
F	run1	linreg	40	10	0.25336525	0.25334275	0.0	260194096	0	0	0.005894209	1.37548828125
F	run1	linreg	20	11	0.148962875	0.148953125	0.0	165450960	0	0	0.00596625	1.37548828125
F	run1	linreg	40	11	0.253482	0.253471666	0.0	260194096	0	0	0.005943917	1.37548828125
F	run2	linreg	-1	0	1.2977781295776367	0	0	0	0	0	0	0
F	run2	linreg	0	0	8.513678166	8.5128635	0.261069373	2863539888	9	1	0.0059725	1.3037109375
F	run2	linreg	20	1	0.145834958	0.145822542	0.0	165450960	0	0	0.005967041	1.33056640625
F	run2	linreg	40	1	0.2506675	0.250659042	0.0	260194096	0	0	0.00593725	1.33056640625
F	run2	linreg	20	2	0.145195459	0.145188417	0.0	165450960	0	0	0.005924292	1.33056640625
F	run2	linreg	40	2	0.249994041	0.249968875	0.0	260194096	0	0	0.005944541	1.33056640625
F	run2	linreg	20	3	0.14858725	0.148589625	0.0	165450960	0	0	0.005858083	1.33056640625
F	run2	linreg	40	3	0.249146	0.249125583	0.0	260194096	0	0	0.005931833	1.33056640625
F	run2	linreg	20	4	0.14804075	0.148031084	0.0	165450960	0	0	0.0058905	1.33056640625
F	run2	linreg	40	4	0.250869708	0.250844833	0.0	260194096	0	0	0.005957667	1.33056640625
F	run2	linreg	20	5	0.146372083	0.146360709	0.0	165450960	0	0	0.005865209	1.33056640625
F	run2	linreg	40	5	0.250158583	0.250135333	0.0	260194096	0	0	0.006007208	1.3837890625
F	run2	linreg	20	6	0.146941125	0.146918125	0.0	165450960	0	0	0.005985875	1.3837890625
F	run2	linreg	40	6	0.249115375	0.24909225	0.0	260194096	0	0	0.00616025	1.3837890625
F	run2	linreg	20	7	0.14759175	0.147582709	0.0	165450960	0	0	0.005973167	1.3837890625
F	run2	linreg	40	7	0.249972125	0.249962875	0.0	260194096	0	0	0.005926084	1.3837890625
F	run2	linreg	20	8	0.146722208	0.146711875	0.0	165450960	0	0	0.005949125	1.3837890625
F	run2	linreg	40	8	0.250190042	0.250179583	0.0	260194096	0	0	0.005900875	1.3837890625
F	run2	linreg	20	9	0.145563208	0.145553333	0.0	165450960	0	0	0.005937833	1.3837890625
F	run2	linreg	40	9	0.249625125	0.249604125	0.0	260194096	0	0	0.005991416	1.3837890625
F	run2	linreg	20	10	0.14678775	0.14677725	0.0	165450960	0	0	0.005976083	1.3837890625
F	run2	linreg	40	10	0.24968	0.249669667	0.0	260194096	0	0	0.005911791	1.3837890625
F	run2	linreg	20	11	0.147107	0.147096833	0.0	165450960	0	0	0.005968542	1.3837890625
F	run2	linreg	40	11	0.250177292	0.250166333	0.0	260194096	0	0	0.005898625	1.3837890625
FULLT	run2	linreg	-1	0	1.305082082748413	0	0	0	0	0	0	0
FULLT	run2	linreg	0	0	10.235096333	10.231818542	0.359473459	3183721488	11	2	0.005956542	1.30908203125
FULLT	run2	linreg	20	1	0.190312542	0.188302541	0.0	201960112	0	0	0.005905166	1.26123046875
FULLT	run2	linreg	40	1	0.313308667	0.311299375	0.0	317186448	0	0	0.005831875	1.26123046875
FULLT	run2	linreg	20	2	0.190149458	0.188123291	0.0	201960112	0	0	0.005933334	1.3203125
FULLT	run2	linreg	40	2	0.312097959	0.310020417	0.0	317186448	0	0	0.006045375	1.3203125
FULLT	run2	linreg	20	3	0.189861875	0.187820708	0.0	201960112	0	0	0.005921416	1.3203125
FULLT	run2	linreg	40	3	0.310597125	0.308533875	0.0	317186448	0	0	0.005937167	1.3203125
FULLT	run2	linreg	20	4	0.189563792	0.18750775	0.0	201960112	0	0	0.00591825	1.3203125
FULLT	run2	linreg	40	4	0.311010167	0.308986708	0.0	317186448	0	0	0.005923208	1.3203125
FULLT	run2	linreg	20	5	0.189702041	0.187668417	0.0	201960112	0	0	0.005924834	1.3203125
FULLT	run2	linreg	40	5	0.314568916	0.312556958	0.0	317186448	0	0	0.005870042	1.3203125
FULLT	run2	linreg	20	6	0.189644125	0.187588709	0.0	201960112	0	0	0.005928625	1.3203125
FULLT	run2	linreg	40	6	0.310014167	0.307956083	0.0	317186448	0	0	0.005963417	1.3203125
FULLT	run2	linreg	20	7	0.193134583	0.191082666	0.0	201960112	0	0	0.005931042	1.3203125
FULLT	run2	linreg	40	7	0.313053667	0.310986416	0.0	317186448	0	0	0.005923208	1.3203125
FULLT	run2	linreg	20	8	0.189560458	0.187522834	0.0	201960112	0	0	0.005942875	1.3203125
FULLT	run2	linreg	40	8	0.311606292	0.309566375	0.0	317186448	0	0	0.005972042	1.3203125
FULLT	run2	linreg	20	9	0.189383625	0.187341334	0.0	201960112	0	0	0.005921417	1.3203125
FULLT	run2	linreg	40	9	0.31033375	0.308276166	0.0	317186448	0	0	0.00600525	1.3203125
FULLT	run2	linreg	20	10	0.191000875	0.188953042	0.0	201960112	0	0	0.005957875	1.29443359375
FULLT	run2	linreg	40	10	0.311352875	0.30928625	0.0	317186448	0	0	0.005986917	1.29443359375
FULLT	run2	linreg	20	11	0.189076333	0.187030667	0.0	201960112	0	0	0.005933917	1.29443359375
FULLT	run2	linreg	40	11	0.312862667	0.310794458	0.0	317186448	0	0	0.006017166	1.29443359375
FULLT	run3	linreg	-1	0	1.2944819927215576	0	0	0	0	0	0	0
FULLT	run3	linreg	0	0	10.195193416	10.191964917	0.358253251	3183768736	11	2	0.005986375	1.25537109375
FULLT	run3	linreg	20	1	0.190094416	0.188082375	0.0	201960112	0	0	0.005924291	1.2158203125
FULLT	run3	linreg	40	1	0.31477675	0.312725167	0.0	317186448	0	0	0.005925833	1.2158203125
FULLT	run3	linreg	20	2	0.190049792	0.188020291	0.0	201960112	0	0	0.005962083	1.2158203125
FULLT	run3	linreg	40	2	0.313068	0.31101525	0.0	317186448	0	0	0.005930167	1.2158203125
FULLT	run3	linreg	20	3	0.190093458	0.1880295	0.0	201960112	0	0	0.005928708	1.2158203125
FULLT	run3	linreg	40	3	0.312562708	0.310493041	0.0	317186448	0	0	0.005983875	1.2158203125
FULLT	run3	linreg	20	4	0.190236084	0.188180042	0.0	201960112	0	0	0.005938209	1.2158203125
FULLT	run3	linreg	40	4	0.312406875	0.310336458	0.0	317186448	0	0	0.005984666	1.2158203125
FULLT	run3	linreg	20	5	0.189626958	0.187577458	0.0	201960112	0	0	0.005937125	1.2158203125
FULLT	run3	linreg	40	5	0.311250334	0.309166459	0.0	317186448	0	0	0.005964042	1.2158203125
FULLT	run3	linreg	20	6	0.18976825	0.18770725	0.0	201960112	0	0	0.00597925	1.2158203125
FULLT	run3	linreg	40	6	0.311343208	0.309286792	0.0	317186448	0	0	0.005946	1.1982421875
FULLT	run3	linreg	20	7	0.19001125	0.187927708	0.0	201960112	0	0	0.00595825	1.1982421875
FULLT	run3	linreg	40	7	0.310664917	0.308578458	0.0	317186448	0	0	0.005915833	1.1982421875
FULLT	run3	linreg	20	8	0.189959875	0.187945375	0.0	201960112	0	0	0.005931	1.1982421875
FULLT	run3	linreg	40	8	0.325987334	0.323975833	0.0	317186448	0	0	0.005904833	1.1982421875
FULLT	run3	linreg	20	9	0.191416333	0.189362041	0.0	201960112	0	0	0.005933375	1.1982421875
FULLT	run3	linreg	40	9	0.314266458	0.312188167	0.0	317186448	0	0	0.005950333	1.1982421875
FULLT	run3	linreg	20	10	0.190744167	0.188656667	0.0	201960112	0	0	0.005978125	1.1982421875
FULLT	run3	linreg	40	10	0.312492166	0.310456417	0.0	317186448	0	0	0.005967333	1.1982421875
FULLT	run3	linreg	20	11	0.191744792	0.189669875	0.0	201960112	0	0	0.005927167	1.1982421875
FULLT	run3	linreg	40	11	0.312030833	0.309959458	0.0	317186448	0	0	0.005973709	1.1982421875
F	run3	linreg	-1	0	1.296915054321289	0	0	0	0	0	0	0
F	run3	linreg	0	0	8.500662875	8.499853166	0.254457082	2863564528	9	1	0.005965083	1.24072265625
F	run3	linreg	20	1	0.147717291	0.147706167	0.0	165450960	0	0	0.005966292	1.203125
F	run3	linreg	40	1	0.253003875	0.252976125	0.0	260194096	0	0	0.005941292	1.203125
F	run3	linreg	20	2	0.148651083	0.148643083	0.0	165450960	0	0	0.005925791	1.203125
F	run3	linreg	40	2	0.253564792	0.253541	0.0	260194096	0	0	0.005968916	1.203125
F	run3	linreg	20	3	0.148322542	0.148298958	0.0	165450960	0	0	0.005929667	1.203125
F	run3	linreg	40	3	0.252329292	0.252305583	0.0	260194096	0	0	0.005904125	1.203125
F	run3	linreg	20	4	0.148057833	0.14804825	0.0	165450960	0	0	0.005946875	1.203125
F	run3	linreg	40	4	0.253098458	0.25308875	0.0	260194096	0	0	0.005950542	1.203125
F	run3	linreg	20	5	0.149085125	0.149074375	0.0	165450960	0	0	0.005940583	1.1865234375
F	run3	linreg	40	5	0.252953667	0.252943083	0.0	260194096	0	0	0.005861625	1.1865234375
F	run3	linreg	20	6	0.148050959	0.148041333	0.0	165450960	0	0	0.005971916	1.1865234375
F	run3	linreg	40	6	0.25362675	0.253604042	0.0	260194096	0	0	0.005898584	1.1865234375
F	run3	linreg	20	7	0.147463166	0.147452	0.0	165450960	0	0	0.00592975	1.1865234375
F	run3	linreg	40	7	0.253385542	0.253365167	0.0	260194096	0	0	0.005990083	1.1865234375
F	run3	linreg	20	8	0.147834458	0.147825583	0.0	165450960	0	0	0.005927458	1.1865234375
F	run3	linreg	40	8	0.252870167	0.252846958	0.0	260194096	0	0	0.005985083	1.1865234375
F	run3	linreg	20	9	0.148383458	0.148359958	0.0	165450960	0	0	0.005905041	1.1865234375
F	run3	linreg	40	9	0.2533705	0.25334725	0.0	260194096	0	0	0.005916125	1.1865234375
F	run3	linreg	20	10	0.147638792	0.147627667	0.0	165450960	0	0	0.005894375	1.1865234375
F	run3	linreg	40	10	0.25280975	0.252797917	0.0	260194096	0	0	0.0059575	1.1865234375
F	run3	linreg	20	11	0.147817958	0.147806708	0.0	165450960	0	0	0.005870875	1.1865234375
F	run3	linreg	40	11	0.252692916	0.252669708	0.0	260194096	0	0	0.005962958	1.1865234375
FULLT	run4	linreg	-1	0	1.2876298427581787	0	0	0	0	0	0	0
FULLT	run4	linreg	0	0	10.218934083	10.215701417	0.359367707	3183769648	11	2	0.005981667	1.14453125
FULLT	run4	linreg	20	1	0.192177041	0.190138458	0.0	201960112	0	0	0.0059675	1.2021484375
FULLT	run4	linreg	40	1	0.317003625	0.314899333	0.0	317186448	0	0	0.005948834	1.2021484375
FULLT	run4	linreg	20	2	0.190899958	0.188873125	0.0	201960112	0	0	0.005931625	1.2021484375
FULLT	run4	linreg	40	2	0.316332583	0.314235333	0.0	317186448	0	0	0.005953625	1.2021484375
FULLT	run4	linreg	20	3	0.191885	0.189815959	0.0	201960112	0	0	0.005956583	1.2021484375
FULLT	run4	linreg	40	3	0.314145041	0.31208825	0.0	317186448	0	0	0.005865791	1.2021484375
FULLT	run4	linreg	20	4	0.191543125	0.189488291	0.0	201960112	0	0	0.006005458	1.2021484375
FULLT	run4	linreg	40	4	0.317535083	0.315465708	0.0	317186448	0	0	0.005963875	1.2021484375
FULLT	run4	linreg	20	5	0.19203225	0.189929333	0.0	201960112	0	0	0.005985083	1.2021484375
FULLT	run4	linreg	40	5	0.317364416	0.315234542	0.0	317186448	0	0	0.005960666	1.2021484375
FULLT	run4	linreg	20	6	0.192898625	0.190824667	0.0	201960112	0	0	0.00593575	1.2021484375
FULLT	run4	linreg	40	6	0.316417542	0.314383625	0.0	317186448	0	0	0.005985291	1.2021484375
FULLT	run4	linreg	20	7	0.19198675	0.189922625	0.0	201960112	0	0	0.005902959	1.2021484375
FULLT	run4	linreg	40	7	0.316652167	0.314595833	0.0	317186448	0	0	0.005962333	1.2021484375
FULLT	run4	linreg	20	8	0.191935583	0.189890042	0.0	201960112	0	0	0.005864209	1.265625
FULLT	run4	linreg	40	8	0.316075334	0.313997875	0.0	317186448	0	0	0.005899209	1.265625
FULLT	run4	linreg	20	9	0.191999833	0.189958	0.0	201960112	0	0	0.005985459	1.265625
FULLT	run4	linreg	40	9	0.315223125	0.313184791	0.0	317186448	0	0	0.00583725	1.265625
FULLT	run4	linreg	20	10	0.192767333	0.190724542	0.0	201960112	0	0	0.005992625	1.265625
FULLT	run4	linreg	40	10	0.317472042	0.315402041	0.0	317186448	0	0	0.005958458	1.265625
FULLT	run4	linreg	20	11	0.190924375	0.188869834	0.0	201960112	0	0	0.005934542	1.265625
FULLT	run4	linreg	40	11	0.316629	0.314568	0.0	317186448	0	0	0.005888125	1.265625
F	run4	linreg	-1	0	1.2963011264801025	0	0	0	0	0	0	0
F	run4	linreg	0	0	8.49556825	8.494803083	0.260082373	2863564928	9	1	0.005960542	1.22412109375
F	run4	linreg	20	1	0.148269833	0.148239584	0.0	165450960	0	0	0.005950917	1.189453125
F	run4	linreg	40	1	0.252371667	0.252347417	0.0	260194096	0	0	0.005901625	1.189453125
F	run4	linreg	20	2	0.147154542	0.147132958	0.0	165450960	0	0	0.005958416	1.189453125
F	run4	linreg	40	2	0.251288792	0.251279375	0.0	260194096	0	0	0.005974375	1.189453125
F	run4	linreg	20	3	0.147722125	0.147711333	0.0	165450960	0	0	0.00593925	1.189453125
F	run4	linreg	40	3	0.251823042	0.2518125	0.0	260194096	0	0	0.005936916	1.189453125
F	run4	linreg	20	4	0.1474275	0.147416542	0.0	165450960	0	0	0.0059135	1.189453125
F	run4	linreg	40	4	0.252537417	0.2525275	0.0	260194096	0	0	0.00601825	1.189453125
F	run4	linreg	20	5	0.147414625	0.147389	0.0	165450960	0	0	0.005975291	1.189453125
F	run4	linreg	40	5	0.253832541	0.253810208	0.0	260194096	0	0	0.005935417	1.189453125
F	run4	linreg	20	6	0.147249042	0.147241417	0.0	165450960	0	0	0.005921583	1.189453125
F	run4	linreg	40	6	0.252592875	0.25258225	0.0	260194096	0	0	0.005951709	1.189453125
F	run4	linreg	20	7	0.146930583	0.146919625	0.0	165450960	0	0	0.005846375	1.333984375
F	run4	linreg	40	7	0.251337541	0.251311333	0.0	260194096	0	0	0.005970875	1.333984375
F	run4	linreg	20	8	0.146905125	0.146908125	0.0	165450960	0	0	0.005894417	1.333984375
F	run4	linreg	40	8	0.252961042	0.25293775	0.0	260194096	0	0	0.005897208	1.333984375
F	run4	linreg	20	9	0.147302792	0.147304959	0.0	165450960	0	0	0.005971667	1.333984375
F	run4	linreg	40	9	0.25174475	0.251722375	0.0	260194096	0	0	0.005922041	1.333984375
F	run4	linreg	20	10	0.1468395	0.146841834	0.0	165450960	0	0	0.0059115	1.333984375
F	run4	linreg	40	10	0.252205666	0.252182666	0.0	260194096	0	0	0.005890958	1.333984375
F	run4	linreg	20	11	0.148242	0.148232417	0.0	165450960	0	0	0.005968708	1.333984375
F	run4	linreg	40	11	0.250940084	0.250909958	0.0	260194096	0	0	0.005925083	1.333984375
F	run5	linreg	-1	0	1.3008031845092773	0	0	0	0	0	0	0
F	run5	linreg	0	0	8.516662583	8.5158235	0.263390542	2863549696	9	1	0.005973167	1.21875
F	run5	linreg	20	1	0.146535	0.146524833	0.0	165450960	0	0	0.00592275	1.18505859375
F	run5	linreg	40	1	0.252242833	0.252230167	0.0	260194096	0	0	0.005898125	1.18505859375
F	run5	linreg	20	2	0.145875125	0.1458645	0.0	165450960	0	0	0.005882041	1.18505859375
F	run5	linreg	40	2	0.251656667	0.251646125	0.0	260194096	0	0	0.005895667	1.18505859375
F	run5	linreg	20	3	0.146503292	0.146488875	0.0	165450960	0	0	0.00588075	1.18505859375
F	run5	linreg	40	3	0.252078792	0.252055167	0.0	260194096	0	0	0.005940708	1.18505859375
F	run5	linreg	20	4	0.147570375	0.147558958	0.0	165450960	0	0	0.005930083	1.18505859375
F	run5	linreg	40	4	0.251588584	0.251564375	0.0	260194096	0	0	0.005931791	1.18505859375
F	run5	linreg	20	5	0.146832875	0.146821333	0.0	165450960	0	0	0.005955083	1.18505859375
F	run5	linreg	40	5	0.25010325	0.250080291	0.0	260194096	0	0	0.005937833	1.18505859375
F	run5	linreg	20	6	0.147433667	0.147422	0.0	165450960	0	0	0.005908083	1.18505859375
F	run5	linreg	40	6	0.25123275	0.251209541	0.0	260194096	0	0	0.005962667	1.18505859375
F	run5	linreg	20	7	0.146983666	0.146963542	0.0	165450960	0	0	0.005975792	1.25
F	run5	linreg	40	7	0.252435541	0.2524155	0.0	260194096	0	0	0.005926917	1.25
F	run5	linreg	20	8	0.146985375	0.146960708	0.0	165450960	0	0	0.005977208	1.25
F	run5	linreg	40	8	0.253153625	0.2531295	0.0	260194096	0	0	0.005901542	1.25
F	run5	linreg	20	9	0.147877958	0.147868291	0.0	165450960	0	0	0.005940417	1.25
F	run5	linreg	40	9	0.253995917	0.253985875	0.0	260194096	0	0	0.005961708	1.25
F	run5	linreg	20	10	0.147349209	0.147339333	0.0	165450960	0	0	0.005973041	1.25
F	run5	linreg	40	10	0.25200725	0.251998	0.0	260194096	0	0	0.005954459	1.25
F	run5	linreg	20	11	0.147972875	0.147960792	0.0	165450960	0	0	0.00592775	1.25
F	run5	linreg	40	11	0.250035916	0.250025125	0.0	260194096	0	0	0.005845583	1.25
FULLT	run5	linreg	-1	0	1.2925021648406982	0	0	0	0	0	0	0
FULLT	run5	linreg	0	0	10.212610625	10.209416084	0.35679529	3183705216	11	2	0.005867875	1.39794921875
FULLT	run5	linreg	20	1	0.189613125	0.187562958	0.0	201960112	0	0	0.005943375	1.40966796875
FULLT	run5	linreg	40	1	0.313447375	0.311363708	0.0	317186448	0	0	0.005930583	1.40966796875
FULLT	run5	linreg	20	2	0.189876041	0.18782975	0.0	201960112	0	0	0.005989458	1.40966796875
FULLT	run5	linreg	40	2	0.311626458	0.309563417	0.0	317186448	0	0	0.005975959	1.40966796875
FULLT	run5	linreg	20	3	0.1903055	0.188268334	0.0	201960112	0	0	0.005930375	1.37646484375
FULLT	run5	linreg	40	3	0.316029458	0.313950792	0.0	317186448	0	0	0.006015625	1.37646484375
FULLT	run5	linreg	20	4	0.189174083	0.187157541	0.0	201960112	0	0	0.005939959	1.37646484375
FULLT	run5	linreg	40	4	0.312210375	0.31012225	0.0	317186448	0	0	0.005940333	1.37646484375
FULLT	run5	linreg	20	5	0.189772458	0.187711667	0.0	201960112	0	0	0.005936042	1.37646484375
FULLT	run5	linreg	40	5	0.311840083	0.309776	0.0	317186448	0	0	0.005862084	1.37646484375
FULLT	run5	linreg	20	6	0.190656834	0.188611875	0.0	201960112	0	0	0.005974292	1.37646484375
FULLT	run5	linreg	40	6	0.309601375	0.307594083	0.0	317186448	0	0	0.005972084	1.37646484375
FULLT	run5	linreg	20	7	0.190071791	0.188031666	0.0	201960112	0	0	0.005989916	1.37646484375
FULLT	run5	linreg	40	7	0.312459208	0.310403083	0.0	317186448	0	0	0.005963083	1.37646484375
FULLT	run5	linreg	20	8	0.190138042	0.1880875	0.0	201960112	0	0	0.005984958	1.37646484375
FULLT	run5	linreg	40	8	0.312315042	0.310267334	0.0	317186448	0	0	0.005931	1.37646484375
FULLT	run5	linreg	20	9	0.188961834	0.186947292	0.0	201960112	0	0	0.00590825	1.37646484375
FULLT	run5	linreg	40	9	0.31104575	0.309007333	0.0	317186448	0	0	0.005929042	1.37646484375
FULLT	run5	linreg	20	10	0.190278667	0.188268833	0.0	201960112	0	0	0.005980333	1.37646484375
FULLT	run5	linreg	40	10	0.313063834	0.311028833	0.0	317186448	0	0	0.005901292	1.37646484375
FULLT	run5	linreg	20	11	0.188744208	0.186750708	0.0	201960112	0	0	0.005871667	1.42626953125
FULLT	run5	linreg	40	11	0.313713084	0.311659625	0.0	317186448	0	0	0.005863416	1.42626953125
FULLT	run1	filter	-1	0	1.293774127960205	0	0	0	0	0	0	0
FULLT	run1	filter	0	0	6.125167583	6.124577042	0.114138835	1908831680	7	0	0.0059995	1.4404296875
FULLT	run1	filter	1	1	0.005202791	0.005203791	0.0	4033200	0	0	0.005962542	1.40478515625
FULLT	run1	filter	1	2	0.004920875	0.004922542	0.0	4033200	0	0	0.005869042	1.40478515625
FULLT	run1	filter	1	3	0.004569875	0.004573625	0.0	4033200	0	0	0.005930417	1.40478515625
FULLT	run1	filter	1	4	0.004962083	0.00496325	0.0	4033200	0	0	0.005863916	1.40478515625
FULLT	run1	filter	1	5	0.004755375	0.0047565	0.0	4033200	0	0	0.005899792	1.40478515625
FULLT	run1	filter	1	6	0.004714875	0.004716083	0.0	4033200	0	0	0.005917292	1.40478515625
FULLT	run1	filter	1	7	0.004683	0.004684042	0.0	4033200	0	0	0.005836333	1.40478515625
FULLT	run1	filter	1	8	0.004761583	0.004762791	0.0	4033200	0	0	0.005937375	1.40478515625
FULLT	run1	filter	1	9	0.004909542	0.00491325	0.0	4033200	0	0	0.005941375	1.40478515625
FULLT	run1	filter	1	10	0.004740834	0.004742	0.0	4033200	0	0	0.005951583	1.40478515625
FULLT	run1	filter	1	11	0.0048065	0.0048075	0.0	4033200	0	0	0.005894792	1.40478515625
F	run1	filter	-1	0	1.2981669902801514	0	0	0	0	0	0	0
F	run1	filter	0	0	6.488212792	6.487608833	0.173884583	2104544960	7	1	0.005993458	1.41552734375
F	run1	filter	1	1	0.020554333	0.020544875	0.0	5161856	0	0	0.005922292	1.3818359375
F	run1	filter	1	2	0.0032525	0.003253417	0.0	3377888	0	0	0.00590425	1.3818359375
F	run1	filter	1	3	0.0033175	0.003318583	0.0	3377888	0	0	0.005839667	1.3818359375
F	run1	filter	1	4	0.003246375	0.003247083	0.0	3377888	0	0	0.005945917	1.3818359375
F	run1	filter	1	5	0.003168458	0.003169125	0.0	3377888	0	0	0.00597525	1.3818359375
F	run1	filter	1	6	0.003366292	0.003356709	0.0	3377888	0	0	0.005958583	1.3818359375
F	run1	filter	1	7	0.003268542	0.003269417	0.0	3377888	0	0	0.005932791	1.3818359375
F	run1	filter	1	8	0.003332375	0.003333041	0.0	3377888	0	0	0.005891625	1.3818359375
F	run1	filter	1	9	0.003160459	0.003161291	0.0	3377888	0	0	0.005937583	1.3818359375
F	run1	filter	1	10	0.003319542	0.003320708	0.0	3377888	0	0	0.005880417	1.3818359375
F	run1	filter	1	11	0.003178125	0.003178958	0.0	3377888	0	0	0.005927375	1.3818359375
v6	run1	filter	-1	0	1.4019300937652588	0	0	0	0	0	0	0
v6	run1	filter	0	0	4.802443166	4.801962	0.082366541	1511564064	6	0	0.00596425	1.32275390625
v6	run1	filter	1	1	0.006957291	0.006958625	0.0	4927296	0	0	0.005924292	1.296875
v6	run1	filter	1	2	0.007101375	0.007102459	0.0	4927296	0	0	0.005894708	1.296875
v6	run1	filter	1	3	0.00701425	0.00701525	0.0	4927296	0	0	0.005941958	1.296875
v6	run1	filter	1	4	0.007152041	0.007153834	0.0	4927296	0	0	0.005883833	1.296875
v6	run1	filter	1	5	0.006807459	0.006808334	0.0	4927296	0	0	0.005904125	1.296875
v6	run1	filter	1	6	0.006967417	0.006968333	0.0	4927296	0	0	0.005896375	1.296875
v6	run1	filter	1	7	0.006946583	0.006947417	0.0	4927296	0	0	0.005864167	1.296875
v6	run1	filter	1	8	0.007167167	0.007167958	0.0	4927296	0	0	0.005851209	1.296875
v6	run1	filter	1	9	0.006984167	0.006984833	0.0	4927296	0	0	0.005974541	1.296875
v6	run1	filter	1	10	0.006699042	0.006700208	0.0	4927296	0	0	0.005985167	1.296875
v6	run1	filter	1	11	0.007149667	0.007150833	0.0	4927296	0	0	0.005832083	1.296875
F	run2	filter	-1	0	1.2980799674987793	0	0	0	0	0	0	0
F	run2	filter	0	0	6.49318975	6.4925725	0.172926375	2104499872	7	1	0.005859416	1.2509765625
F	run2	filter	1	1	0.020468334	0.020469875	0.0	5161856	0	0	0.005958875	1.23046875
F	run2	filter	1	2	0.00328725	0.003288291	0.0	3377888	0	0	0.005874292	1.23046875
F	run2	filter	1	3	0.003196875	0.003197916	0.0	3377888	0	0	0.005937416	1.23046875
F	run2	filter	1	4	0.003244458	0.003245416	0.0	3377888	0	0	0.005865125	1.23046875
F	run2	filter	1	5	0.003115042	0.003116083	0.0	3377888	0	0	0.005952042	1.23046875
F	run2	filter	1	6	0.003098	0.003098916	0.0	3377888	0	0	0.005976709	1.23046875
F	run2	filter	1	7	0.003259083	0.00326025	0.0	3377888	0	0	0.005962667	1.23046875
F	run2	filter	1	8	0.003151208	0.003152083	0.0	3377888	0	0	0.005937125	1.23046875
F	run2	filter	1	9	0.003223542	0.003224875	0.0	3377888	0	0	0.005940791	1.23046875
F	run2	filter	1	10	0.003179	0.0031675	0.0	3377888	0	0	0.00597675	1.23046875
F	run2	filter	1	11	0.003243416	0.0032445	0.0	3377888	0	0	0.005904833	1.23046875
v6	run2	filter	-1	0	1.4007251262664795	0	0	0	0	0	0	0
v6	run2	filter	0	0	4.807041375	4.806580333	0.083043583	1511662496	6	0	0.005945042	1.27490234375
v6	run2	filter	1	1	0.006931209	0.006932708	0.0	4927296	0	0	0.005922458	1.25244140625
v6	run2	filter	1	2	0.006910584	0.006911416	0.0	4927296	0	0	0.005934959	1.25244140625
v6	run2	filter	1	3	0.007082584	0.007083584	0.0	4927296	0	0	0.005922833	1.25244140625
v6	run2	filter	1	4	0.00696875	0.006970375	0.0	4927296	0	0	0.006064166	1.25244140625
v6	run2	filter	1	5	0.00683375	0.006835125	0.0	4927296	0	0	0.005832916	1.25244140625
v6	run2	filter	1	6	0.006913417	0.006914625	0.0	4927296	0	0	0.005905125	1.25244140625
v6	run2	filter	1	7	0.007147584	0.007148917	0.0	4927296	0	0	0.005980292	1.25244140625
v6	run2	filter	1	8	0.006929917	0.006930708	0.0	4927296	0	0	0.005954	1.25244140625
v6	run2	filter	1	9	0.007158542	0.007160041	0.0	4927296	0	0	0.005932959	1.25244140625
v6	run2	filter	1	10	0.007013625	0.007014208	0.0	4927296	0	0	0.005951917	1.25244140625
v6	run2	filter	1	11	0.006920292	0.0069215	0.0	4927296	0	0	0.005943708	1.25244140625
FULLT	run2	filter	-1	0	1.3032729625701904	0	0	0	0	0	0	0
FULLT	run2	filter	0	0	6.124723167	6.124138667	0.11476446	1908795184	7	0	0.005939708	1.212890625
FULLT	run2	filter	1	1	0.004970625	0.004961875	0.0	4033200	0	0	0.005966583	1.19580078125
FULLT	run2	filter	1	2	0.004735792	0.0047375	0.0	4033200	0	0	0.005931792	1.19580078125
FULLT	run2	filter	1	3	0.004828333	0.004829584	0.0	4033200	0	0	0.005864083	1.19580078125
FULLT	run2	filter	1	4	0.004657	0.004658541	0.0	4033200	0	0	0.005888709	1.19580078125
FULLT	run2	filter	1	5	0.004587083	0.004588625	0.0	4033200	0	0	0.005901125	1.19580078125
FULLT	run2	filter	1	6	0.004374042	0.004377958	0.0	4033200	0	0	0.005896125	1.19580078125
FULLT	run2	filter	1	7	0.004732208	0.0047335	0.0	4033200	0	0	0.005929167	1.19580078125
FULLT	run2	filter	1	8	0.004585167	0.004586375	0.0	4033200	0	0	0.005945292	1.19580078125
FULLT	run2	filter	1	9	0.004766125	0.0047675	0.0	4033200	0	0	0.005972458	1.19580078125
FULLT	run2	filter	1	10	0.004603792	0.00460475	0.0	4033200	0	0	0.005959833	1.19580078125
FULLT	run2	filter	1	11	0.004557416	0.004559083	0.0	4033200	0	0	0.005914375	1.19580078125
v6	run3	filter	-1	0	1.404327154159546	0	0	0	0	0	0	0
v6	run3	filter	0	0	4.8008255	4.800360417	0.082305584	1511608352	6	0	0.005932	1.2451171875
v6	run3	filter	1	1	0.006545375	0.006546875	0.0	4927296	0	0	0.005948875	1.22509765625
v6	run3	filter	1	2	0.0065665	0.00656725	0.0	4927296	0	0	0.005938125	1.22509765625
v6	run3	filter	1	3	0.006573292	0.0065745	0.0	4927296	0	0	0.005862417	1.22509765625
v6	run3	filter	1	4	0.006401583	0.006402583	0.0	4927296	0	0	0.005894958	1.22509765625
v6	run3	filter	1	5	0.006583458	0.006584709	0.0	4927296	0	0	0.005929125	1.22509765625
v6	run3	filter	1	6	0.006498667	0.00649975	0.0	4927296	0	0	0.005961	1.22509765625
v6	run3	filter	1	7	0.006547625	0.006549	0.0	4927296	0	0	0.005934625	1.22509765625
v6	run3	filter	1	8	0.006466375	0.006467042	0.0	4927296	0	0	0.005983709	1.22509765625
v6	run3	filter	1	9	0.006331333	0.006332083	0.0	4927296	0	0	0.005978709	1.22509765625
v6	run3	filter	1	10	0.006361959	0.006350209	0.0	4927296	0	0	0.005960333	1.22509765625
v6	run3	filter	1	11	0.00636925	0.0063705	0.0	4927296	0	0	0.005958458	1.22509765625
FULLT	run3	filter	-1	0	1.2963199615478516	0	0	0	0	0	0	0
FULLT	run3	filter	0	0	6.109740625	6.109161417	0.115425917	1908914640	7	0	0.005993958	1.20703125
FULLT	run3	filter	1	1	0.004357541	0.004358708	0.0	4033200	0	0	0.005892375	1.1748046875
FULLT	run3	filter	1	2	0.004192041	0.004193084	0.0	4033200	0	0	0.005958542	1.1748046875
FULLT	run3	filter	1	3	0.004282334	0.004283416	0.0	4033200	0	0	0.005929084	1.1748046875
FULLT	run3	filter	1	4	0.00412875	0.004129916	0.0	4033200	0	0	0.005977875	1.1748046875
FULLT	run3	filter	1	5	0.004106	0.004106625	0.0	4033200	0	0	0.006008792	1.1748046875
FULLT	run3	filter	1	6	0.004290334	0.004291625	0.0	4033200	0	0	0.005932458	1.1748046875
FULLT	run3	filter	1	7	0.00417325	0.004174167	0.0	4033200	0	0	0.005976666	1.1748046875
FULLT	run3	filter	1	8	0.004237167	0.004238459	0.0	4033200	0	0	0.005893083	1.1748046875
FULLT	run3	filter	1	9	0.004129541	0.004130875	0.0	4033200	0	0	0.005934792	1.1748046875
FULLT	run3	filter	1	10	0.004291458	0.004292917	0.0	4033200	0	0	0.005929292	1.1748046875
FULLT	run3	filter	1	11	0.004188958	0.004190209	0.0	4033200	0	0	0.00597675	1.1748046875
F	run3	filter	-1	0	1.2982831001281738	0	0	0	0	0	0	0
F	run3	filter	0	0	6.491271333	6.490664375	0.172540708	2104513840	7	1	0.005981041	1.16064453125
F	run3	filter	1	1	0.021015333	0.021017166	0.0	5161856	0	0	0.00589625	1.13525390625
F	run3	filter	1	2	0.003837417	0.003838584	0.0	3377888	0	0	0.005924	1.13525390625
F	run3	filter	1	3	0.003693333	0.00369475	0.0	3377888	0	0	0.005939875	1.13525390625
F	run3	filter	1	4	0.003668917	0.003669708	0.0	3377888	0	0	0.005941333	1.13525390625
F	run3	filter	1	5	0.003667625	0.003669	0.0	3377888	0	0	0.005939708	1.13525390625
F	run3	filter	1	6	0.003664666	0.003665875	0.0	3377888	0	0	0.005958625	1.13525390625
F	run3	filter	1	7	0.003856333	0.003857625	0.0	3377888	0	0	0.005931541	1.13525390625
F	run3	filter	1	8	0.003832792	0.003833834	0.0	3377888	0	0	0.005956375	1.13525390625
F	run3	filter	1	9	0.00354325	0.003544542	0.0	3377888	0	0	0.005887542	1.13525390625
F	run3	filter	1	10	0.003734792	0.003735833	0.0	3377888	0	0	0.005855625	1.13525390625
F	run3	filter	1	11	0.003713708	0.003715042	0.0	3377888	0	0	0.005906458	1.13525390625
FULLT	run4	filter	-1	0	1.3003439903259277	0	0	0	0	0	0	0
FULLT	run4	filter	0	0	6.134056667	6.133467625	0.114794208	1908806256	7	0	0.005920042	1.1240234375
FULLT	run4	filter	1	1	0.004396584	0.004397791	0.0	4033200	0	0	0.005945625	1.1044921875
FULLT	run4	filter	1	2	0.004369833	0.004370583	0.0	4033200	0	0	0.005840958	1.1044921875
FULLT	run4	filter	1	3	0.00425675	0.004257167	0.0	4033200	0	0	0.005948291	1.1044921875
FULLT	run4	filter	1	4	0.004375334	0.00437675	0.0	4033200	0	0	0.00592325	1.1044921875
FULLT	run4	filter	1	5	0.004214333	0.00421525	0.0	4033200	0	0	0.005968625	1.1044921875
FULLT	run4	filter	1	6	0.004354083	0.004355042	0.0	4033200	0	0	0.005904875	1.1044921875
FULLT	run4	filter	1	7	0.004253125	0.004253916	0.0	4033200	0	0	0.005918041	1.1044921875
FULLT	run4	filter	1	8	0.00423275	0.004233459	0.0	4033200	0	0	0.005915958	1.1044921875
FULLT	run4	filter	1	9	0.004234958	0.004235583	0.0	4033200	0	0	0.005849041	1.1044921875
FULLT	run4	filter	1	10	0.004129792	0.004130625	0.0	4033200	0	0	0.005955541	1.1044921875
FULLT	run4	filter	1	11	0.004217542	0.004218375	0.0	4033200	0	0	0.005899333	1.1044921875
F	run4	filter	-1	0	1.3006150722503662	0	0	0	0	0	0	0
F	run4	filter	0	0	6.482805042	6.482200083	0.174064126	2104520848	7	1	0.005929333	1.087890625
F	run4	filter	1	1	0.020834417	0.020835709	0.0	5161856	0	0	0.005934458	1.08056640625
F	run4	filter	1	2	0.003682459	0.003684042	0.0	3377888	0	0	0.005942125	1.08056640625
F	run4	filter	1	3	0.003564625	0.003565375	0.0	3377888	0	0	0.005970625	1.08056640625
F	run4	filter	1	4	0.003555416	0.003556792	0.0	3377888	0	0	0.005956042	1.08056640625
F	run4	filter	1	5	0.003522209	0.003523458	0.0	3377888	0	0	0.005961417	1.08056640625
F	run4	filter	1	6	0.003693334	0.003694458	0.0	3377888	0	0	0.005897542	1.08056640625
F	run4	filter	1	7	0.003719833	0.003721125	0.0	3377888	0	0	0.005861417	1.08056640625
F	run4	filter	1	8	0.003573541	0.003574833	0.0	3377888	0	0	0.005962208	1.08056640625
F	run4	filter	1	9	0.003655791	0.003657291	0.0	3377888	0	0	0.005869042	1.08056640625
F	run4	filter	1	10	0.003566667	0.003568	0.0	3377888	0	0	0.00593375	1.08056640625
F	run4	filter	1	11	0.003547625	0.003549125	0.0	3377888	0	0	0.005927667	1.08056640625
v6	run4	filter	-1	0	1.406925916671753	0	0	0	0	0	0	0
v6	run4	filter	0	0	4.802635125	4.802169583	0.082991542	1511530336	6	0	0.005965333	1.0673828125
v6	run4	filter	1	1	0.006940584	0.006941958	0.0	4927296	0	0	0.005945833	1.0615234375
v6	run4	filter	1	2	0.006982667	0.006984041	0.0	4927296	0	0	0.005917875	1.0615234375
v6	run4	filter	1	3	0.006815584	0.006816917	0.0	4927296	0	0	0.005932084	1.0615234375
v6	run4	filter	1	4	0.006948875	0.00695	0.0	4927296	0	0	0.005934291	1.0615234375
v6	run4	filter	1	5	0.006906083	0.006907083	0.0	4927296	0	0	0.005838542	1.0615234375
v6	run4	filter	1	6	0.006810791	0.006811416	0.0	4927296	0	0	0.005918	1.0615234375
v6	run4	filter	1	7	0.006716875	0.006718417	0.0	4927296	0	0	0.005933333	1.0615234375
v6	run4	filter	1	8	0.006712959	0.006714417	0.0	4927296	0	0	0.005942583	1.0615234375
v6	run4	filter	1	9	0.006761834	0.00676275	0.0	4927296	0	0	0.005946125	1.0615234375
v6	run4	filter	1	10	0.00665975	0.006660959	0.0	4927296	0	0	0.005958291	1.0615234375
v6	run4	filter	1	11	0.006814875	0.006815542	0.0	4927296	0	0	0.005924958	1.0615234375
F	run5	filter	-1	0	1.3004570007324219	0	0	0	0	0	0	0
F	run5	filter	0	0	6.49649925	6.495888209	0.178267375	2104552288	7	1	0.005983334	1.05615234375
F	run5	filter	1	1	0.020554833	0.020555875	0.0	5161856	0	0	0.005932125	1.046875
F	run5	filter	1	2	0.00348025	0.003481666	0.0	3377888	0	0	0.005926875	1.046875
F	run5	filter	1	3	0.003518583	0.003519709	0.0	3377888	0	0	0.00595575	1.046875
F	run5	filter	1	4	0.00343475	0.003435834	0.0	3377888	0	0	0.005928833	1.046875
F	run5	filter	1	5	0.003411125	0.003412	0.0	3377888	0	0	0.006248209	1.046875
F	run5	filter	1	6	0.003401834	0.003402666	0.0	3377888	0	0	0.006247417	1.046875
F	run5	filter	1	7	0.003533459	0.003534958	0.0	3377888	0	0	0.00589325	1.046875
F	run5	filter	1	8	0.00341375	0.003414292	0.0	3377888	0	0	0.005934416	1.046875
F	run5	filter	1	9	0.003417625	0.003418666	0.0	3377888	0	0	0.005929959	1.046875
F	run5	filter	1	10	0.003490625	0.003491416	0.0	3377888	0	0	0.006143834	1.046875
F	run5	filter	1	11	0.00339425	0.003395292	0.0	3377888	0	0	0.005978625	1.046875
v6	run5	filter	-1	0	1.4199321269989014	0	0	0	0	0	0	0
v6	run5	filter	0	0	4.807391291	4.806911166	0.083695291	1511603632	6	0	0.005921083	1.04296875
v6	run5	filter	1	1	0.006464334	0.006465458	0.0	4927296	0	0	0.005962375	1.2568359375
v6	run5	filter	1	2	0.006430334	0.006431584	0.0	4927296	0	0	0.005864958	1.2568359375
v6	run5	filter	1	3	0.006254125	0.006255167	0.0	4927296	0	0	0.005941417	1.2568359375
v6	run5	filter	1	4	0.006387625	0.006388875	0.0	4927296	0	0	0.005942167	1.2568359375
v6	run5	filter	1	5	0.006259167	0.006260542	0.0	4927296	0	0	0.0059735	1.2568359375
v6	run5	filter	1	6	0.006365708	0.006367	0.0	4927296	0	0	0.005937084	1.2568359375
v6	run5	filter	1	7	0.006223667	0.006224583	0.0	4927296	0	0	0.005957333	1.2568359375
v6	run5	filter	1	8	0.006197917	0.006199292	0.0	4927296	0	0	0.005974041	1.2568359375
v6	run5	filter	1	9	0.006280208	0.00628125	0.0	4927296	0	0	0.005898875	1.2568359375
v6	run5	filter	1	10	0.006266916	0.006267875	0.0	4927296	0	0	0.005969833	1.2568359375
v6	run5	filter	1	11	0.006223125	0.006223917	0.0	4927296	0	0	0.005893375	1.2568359375
FULLT	run5	filter	-1	0	1.30057692527771	0	0	0	0	0	0	0
FULLT	run5	filter	0	0	6.110840875	6.110278458	0.114840042	1908774544	7	0	0.00587125	1.23583984375
FULLT	run5	filter	1	1	0.004605834	0.004606417	0.0	4033200	0	0	0.005939541	1.27294921875
FULLT	run5	filter	1	2	0.00449	0.004490917	0.0	4033200	0	0	0.005971416	1.27294921875
FULLT	run5	filter	1	3	0.004420291	0.004421625	0.0	4033200	0	0	0.00597425	1.27294921875
FULLT	run5	filter	1	4	0.004404417	0.004405291	0.0	4033200	0	0	0.005984834	1.27294921875
FULLT	run5	filter	1	5	0.004562625	0.004563458	0.0	4033200	0	0	0.005913125	1.27294921875
FULLT	run5	filter	1	6	0.004644666	0.004645917	0.0	4033200	0	0	0.005896292	1.27294921875
FULLT	run5	filter	1	7	0.004493792	0.004495083	0.0	4033200	0	0	0.005941584	1.27294921875
FULLT	run5	filter	1	8	0.004554458	0.004555791	0.0	4033200	0	0	0.005834	1.27294921875
FULLT	run5	filter	1	9	0.004421625	0.004422375	0.0	4033200	0	0	0.005947375	1.27294921875
FULLT	run5	filter	1	10	0.004628083	0.004629209	0.0	4033200	0	0	0.005862375	1.27294921875
FULLT	run5	filter	1	11	0.0044785	0.004480125	0.0	4033200	0	0	0.005894417	1.27294921875
FULLT	run1	ssm1+defaults	-1	0	1.2979438304901123	0	0	0	0	0	0	0
FULLT	run1	ssm1+defaults	0	0	9.182573833	9.179496333	0.224675165	2482387360	9	1	0.0059375	1.2509765625
FULLT	run1	ssm1+defaults	1	1	0.056298333	0.054346208	0.0	64565776	0	0	0.005955667	1.2119140625
FULLT	run1	ssm1+defaults	1	2	0.056166625	0.05418225	0.0	64565104	0	0	0.005967	1.2119140625
FULLT	run1	ssm1+defaults	1	3	0.056296875	0.054324833	0.0	64565104	0	0	0.005963208	1.2119140625
FULLT	run1	ssm1+defaults	1	4	0.055517833	0.053557958	0.0	64565104	0	0	0.005912583	1.2119140625
FULLT	run1	ssm1+defaults	1	5	0.055731625	0.053761042	0.0	64565104	0	0	0.00592475	1.2119140625
FULLT	run1	ssm1+defaults	1	6	0.055839333	0.05388525	0.0	64565104	0	0	0.005934	1.2119140625
FULLT	run1	ssm1+defaults	1	7	0.056076709	0.054128416	0.0	64565104	0	0	0.005961541	1.2119140625
FULLT	run1	ssm1+defaults	1	8	0.056054	0.054084167	0.0	64565104	0	0	0.005959375	1.2119140625
FULLT	run1	ssm1+defaults	1	9	0.056058375	0.054094875	0.0	64565104	0	0	0.005964083	1.2119140625
FULLT	run1	ssm1+defaults	1	10	0.056193542	0.054240292	0.0	64565104	0	0	0.005906167	1.2119140625
FULLT	run1	ssm1+defaults	1	11	0.055669625	0.053709792	0.0	64565104	0	0	0.005898292	1.2119140625
F	run1	ssm1+defaults	-1	0	1.3019130229949951	0	0	0	0	0	0	0
F	run1	ssm1+defaults	0	0	9.358293916	9.356563917	0.251977125	2671734368	10	2	0.005985209	1.17919921875
F	run1	ssm1+defaults	1	1	0.036546708	0.035994292	0.0	53786448	0	0	0.005985875	1.1513671875
F	run1	ssm1+defaults	1	2	0.036989334	0.036449	0.0	53785776	0	0	0.005892584	1.1513671875
F	run1	ssm1+defaults	1	3	0.036974583	0.036434125	0.0	53785776	0	0	0.00592875	1.1513671875
F	run1	ssm1+defaults	1	4	0.036745583	0.036196041	0.0	53785776	0	0	0.005944958	1.1513671875
F	run1	ssm1+defaults	1	5	0.036740083	0.0361955	0.0	53785776	0	0	0.005842917	1.1513671875
F	run1	ssm1+defaults	1	6	0.036939458	0.036393292	0.0	53785776	0	0	0.005981083	1.1513671875
F	run1	ssm1+defaults	1	7	0.036623042	0.036070417	0.0	53785776	0	0	0.00593575	1.1513671875
F	run1	ssm1+defaults	1	8	0.036708583	0.036162833	0.0	53785776	0	0	0.005897458	1.1513671875
F	run1	ssm1+defaults	1	9	0.037001042	0.036466459	0.0	53785776	0	0	0.005934208	1.1513671875
F	run1	ssm1+defaults	1	10	0.036707792	0.036159584	0.0	53785776	0	0	0.005974208	1.1513671875
F	run1	ssm1+defaults	1	11	0.036837	0.036300042	0.0	53785776	0	0	0.005925958	1.1513671875
v6	run1	ssm1+defaults	-1	0	1.4052770137786865	0	0	0	0	0	0	0
v6	run1	ssm1+defaults	0	0	7.709735708	7.708248083	0.180696083	1943042368	8	1	0.005936833	1.13916015625
v6	run1	ssm1+defaults	1	1	0.042718	0.042166708	0.0	58670784	0	0	0.005941125	1.11767578125
v6	run1	ssm1+defaults	1	2	0.042358042	0.041827917	0.0	58670112	0	0	0.005940917	1.11767578125
v6	run1	ssm1+defaults	1	3	0.042196834	0.041657208	0.0	58670112	0	0	0.005954625	1.11767578125
v6	run1	ssm1+defaults	1	4	0.042207083	0.041675125	0.0	58670112	0	0	0.005866125	1.11767578125
v6	run1	ssm1+defaults	1	5	0.042511583	0.041975625	0.0	58670112	0	0	0.005945042	1.11767578125
v6	run1	ssm1+defaults	1	6	0.042220958	0.041681917	0.0	58670112	0	0	0.005897416	1.11767578125
v6	run1	ssm1+defaults	1	7	0.042071667	0.041537125	0.0	58670112	0	0	0.005892	1.11767578125
v6	run1	ssm1+defaults	1	8	0.042238708	0.041713167	0.0	58670112	0	0	0.005923208	1.11767578125
v6	run1	ssm1+defaults	1	9	0.043015875	0.0424825	0.0	58670112	0	0	0.005889875	1.11767578125
v6	run1	ssm1+defaults	1	10	0.042118125	0.041595459	0.0	58670112	0	0	0.005967125	1.11767578125
v6	run1	ssm1+defaults	1	11	0.04178625	0.041226417	0.0	58670112	0	0	0.005977958	1.11767578125
F	run2	ssm1+defaults	-1	0	1.2979037761688232	0	0	0	0	0	0	0
F	run2	ssm1+defaults	0	0	9.365087125	9.363417708	0.252989458	2671743424	10	2	0.005919375	1.09912109375
F	run2	ssm1+defaults	1	1	0.036645333	0.036103375	0.0	53786448	0	0	0.005890625	1.08349609375
F	run2	ssm1+defaults	1	2	0.037083	0.036542791	0.0	53785776	0	0	0.005950041	1.08349609375
F	run2	ssm1+defaults	1	3	0.03742625	0.036888291	0.0	53785776	0	0	0.005929667	1.08349609375
F	run2	ssm1+defaults	1	4	0.037053166	0.036506208	0.0	53785776	0	0	0.005897167	1.08349609375
F	run2	ssm1+defaults	1	5	0.036619583	0.036088458	0.0	53785776	0	0	0.005957334	1.08349609375
F	run2	ssm1+defaults	1	6	0.0372955	0.03675275	0.0	53785776	0	0	0.005929459	1.08349609375
F	run2	ssm1+defaults	1	7	0.037302459	0.036762	0.0	53785776	0	0	0.005935666	1.08349609375
F	run2	ssm1+defaults	1	8	0.036664709	0.0361235	0.0	53785776	0	0	0.0059375	1.08349609375
F	run2	ssm1+defaults	1	9	0.037001167	0.036469459	0.0	53785776	0	0	0.0058655	1.08349609375
F	run2	ssm1+defaults	1	10	0.036871041	0.036336167	0.0	53785776	0	0	0.005916375	1.08349609375
F	run2	ssm1+defaults	1	11	0.037212875	0.036679875	0.0	53785776	0	0	0.005935875	1.08349609375
v6	run2	ssm1+defaults	-1	0	1.4058079719543457	0	0	0	0	0	0	0
v6	run2	ssm1+defaults	0	0	7.724201125	7.722658792	0.182398375	1943053584	8	1	0.005964417	1.07666015625
v6	run2	ssm1+defaults	1	1	0.042276458	0.041750166	0.0	58670784	0	0	0.005861458	1.064453125
v6	run2	ssm1+defaults	1	2	0.042717458	0.042180291	0.0	58670112	0	0	0.005860667	1.064453125
v6	run2	ssm1+defaults	1	3	0.04224475	0.041694083	0.0	58670112	0	0	0.005924	1.064453125
v6	run2	ssm1+defaults	1	4	0.042425792	0.041888459	0.0	58670112	0	0	0.005958625	1.064453125
v6	run2	ssm1+defaults	1	5	0.042544834	0.041994208	0.0	58670112	0	0	0.005941416	1.064453125
v6	run2	ssm1+defaults	1	6	0.042142709	0.041601959	0.0	58670112	0	0	0.005940416	1.064453125
v6	run2	ssm1+defaults	1	7	0.041762333	0.041230875	0.0	58670112	0	0	0.005924334	1.064453125
v6	run2	ssm1+defaults	1	8	0.04208225	0.041550584	0.0	58670112	0	0	0.005839167	1.064453125
v6	run2	ssm1+defaults	1	9	0.042299791	0.041744666	0.0	58670112	0	0	0.005907958	1.064453125
v6	run2	ssm1+defaults	1	10	0.042452875	0.041890833	0.0	58670112	0	0	0.005930583	1.064453125
v6	run2	ssm1+defaults	1	11	0.041703459	0.041162125	0.0	58670112	0	0	0.005895417	1.064453125
FULLT	run2	ssm1+defaults	-1	0	1.2985930442810059	0	0	0	0	0	0	0
FULLT	run2	ssm1+defaults	0	0	9.166401375	9.163328791	0.237143499	2482327360	10	1	0.00589575	1.05908203125
FULLT	run2	ssm1+defaults	1	1	0.056169667	0.0541795	0.0	64565776	0	0	0.005947334	1.0498046875
FULLT	run2	ssm1+defaults	1	2	0.056675	0.054681833	0.0	64565104	0	0	0.005961541	1.0498046875
FULLT	run2	ssm1+defaults	1	3	0.056151042	0.054156584	0.0	64565104	0	0	0.005981666	1.0498046875
FULLT	run2	ssm1+defaults	1	4	0.056515208	0.054538292	0.0	64565104	0	0	0.005937667	1.0498046875
FULLT	run2	ssm1+defaults	1	5	0.056207917	0.05425075	0.0	64565104	0	0	0.005906208	1.0498046875
FULLT	run2	ssm1+defaults	1	6	0.055896959	0.0539565	0.0	64565104	0	0	0.005924292	1.0498046875
FULLT	run2	ssm1+defaults	1	7	0.056112125	0.054151625	0.0	64565104	0	0	0.005894625	1.0498046875
FULLT	run2	ssm1+defaults	1	8	0.056010666	0.054025917	0.0	64565104	0	0	0.005941791	1.0498046875
FULLT	run2	ssm1+defaults	1	9	0.055778292	0.053804084	0.0	64565104	0	0	0.005919667	1.0498046875
FULLT	run2	ssm1+defaults	1	10	0.056187125	0.054203083	0.0	64565104	0	0	0.005961792	1.04541015625
FULLT	run2	ssm1+defaults	1	11	0.055969042	0.054014083	0.0	64565104	0	0	0.005925125	1.04541015625
v6	run3	ssm1+defaults	-1	0	1.4085798263549805	0	0	0	0	0	0	0
v6	run3	ssm1+defaults	0	0	7.731520083	7.729986791	0.199002293	1942954256	9	1	0.005963708	1.04150390625
v6	run3	ssm1+defaults	1	1	0.042241625	0.041693334	0.0	58670784	0	0	0.005960625	1.03466796875
v6	run3	ssm1+defaults	1	2	0.041752375	0.041216875	0.0	58670112	0	0	0.005929708	1.03466796875
v6	run3	ssm1+defaults	1	3	0.041977833	0.041439042	0.0	58670112	0	0	0.00588775	1.03466796875
v6	run3	ssm1+defaults	1	4	0.041562792	0.041025625	0.0	58670112	0	0	0.005929417	1.03466796875
v6	run3	ssm1+defaults	1	5	0.042319	0.041773125	0.0	58670112	0	0	0.00593125	1.03466796875
v6	run3	ssm1+defaults	1	6	0.0422115	0.041676	0.0	58670112	0	0	0.005860959	1.03466796875
v6	run3	ssm1+defaults	1	7	0.041934792	0.04138925	0.0	58670112	0	0	0.005914125	1.03466796875
v6	run3	ssm1+defaults	1	8	0.04185375	0.041318	0.0	58670112	0	0	0.005955542	1.03466796875
v6	run3	ssm1+defaults	1	9	0.042385792	0.04184775	0.0	58670112	0	0	0.005927959	1.03466796875
v6	run3	ssm1+defaults	1	10	0.042129541	0.041581916	0.0	58670112	0	0	0.005988125	1.03466796875
v6	run3	ssm1+defaults	1	11	0.041946791	0.041418708	0.0	58670112	0	0	0.005924833	1.03466796875
FULLT	run3	ssm1+defaults	-1	0	1.2997589111328125	0	0	0	0	0	0	0
FULLT	run3	ssm1+defaults	0	0	9.214425542	9.211373666	0.236262583	2482361968	10	1	0.005929292	1.03173828125
FULLT	run3	ssm1+defaults	1	1	0.058122791	0.056036958	0.0	64565776	0	0	0.005979	1.10009765625
FULLT	run3	ssm1+defaults	1	2	0.057076584	0.05512325	0.0	64565104	0	0	0.005960959	1.10009765625
FULLT	run3	ssm1+defaults	1	3	0.056117083	0.054140291	0.0	64565104	0	0	0.005920708	1.10009765625
FULLT	run3	ssm1+defaults	1	4	0.056700375	0.054726875	0.0	64565104	0	0	0.005957458	1.10009765625
FULLT	run3	ssm1+defaults	1	5	0.056472833	0.054534041	0.0	64565104	0	0	0.005915834	1.10009765625
FULLT	run3	ssm1+defaults	1	6	0.056452709	0.054505583	0.0	64565104	0	0	0.005908458	1.10009765625
FULLT	run3	ssm1+defaults	1	7	0.057761292	0.055791083	0.0	64565104	0	0	0.005940666	1.10009765625
FULLT	run3	ssm1+defaults	1	8	0.056366084	0.054394	0.0	64565104	0	0	0.005975292	1.10009765625
FULLT	run3	ssm1+defaults	1	9	0.056571042	0.05456725	0.0	64565104	0	0	0.005930209	1.10009765625
FULLT	run3	ssm1+defaults	1	10	0.056399583	0.054446208	0.0	64565104	0	0	0.005938917	1.10009765625
FULLT	run3	ssm1+defaults	1	11	0.056310625	0.054364083	0.0	64565104	0	0	0.005833458	1.10009765625
F	run3	ssm1+defaults	-1	0	1.2975571155548096	0	0	0	0	0	0	0
F	run3	ssm1+defaults	0	0	9.406222	9.404577792	0.294713206	2671760400	10	2	0.005832833	1.15771484375
F	run3	ssm1+defaults	1	1	0.036415625	0.035867458	0.0	53786448	0	0	0.005864	1.35400390625
F	run3	ssm1+defaults	1	2	0.036959709	0.036411292	0.0	53785776	0	0	0.005960292	1.35400390625
F	run3	ssm1+defaults	1	3	0.036610375	0.036064083	0.0	53785776	0	0	0.005957459	1.35400390625
F	run3	ssm1+defaults	1	4	0.036555208	0.03600675	0.0	53785776	0	0	0.0059375	1.35400390625
F	run3	ssm1+defaults	1	5	0.036461584	0.035910292	0.0	53785776	0	0	0.005889125	1.35400390625
F	run3	ssm1+defaults	1	6	0.036790125	0.036239625	0.0	53785776	0	0	0.005943833	1.35400390625
F	run3	ssm1+defaults	1	7	0.037011208	0.036490084	0.0	53785776	0	0	0.005933708	1.35400390625
F	run3	ssm1+defaults	1	8	0.03640875	0.035867416	0.0	53785776	0	0	0.005896417	1.35400390625
F	run3	ssm1+defaults	1	9	0.036338708	0.035804	0.0	53785776	0	0	0.005917542	1.35400390625
F	run3	ssm1+defaults	1	10	0.036600584	0.036072084	0.0	53785776	0	0	0.005842167	1.35400390625
F	run3	ssm1+defaults	1	11	0.036772625	0.036239167	0.0	53785776	0	0	0.005907375	1.35400390625
FULLT	run4	ssm1+defaults	-1	0	1.297116994857788	0	0	0	0	0	0	0
FULLT	run4	ssm1+defaults	0	0	9.193670542	9.190660875	0.236550415	2482326448	10	1	0.005892333	1.3251953125
FULLT	run4	ssm1+defaults	1	1	0.055181167	0.053182166	0.0	64565776	0	0	0.005930084	1.2744140625
FULLT	run4	ssm1+defaults	1	2	0.054747125	0.052785083	0.0	64565104	0	0	0.005887458	1.2744140625
FULLT	run4	ssm1+defaults	1	3	0.055300916	0.053299334	0.0	64565104	0	0	0.005938708	1.2744140625
FULLT	run4	ssm1+defaults	1	4	0.055200167	0.053205083	0.0	64565104	0	0	0.005892333	1.2744140625
FULLT	run4	ssm1+defaults	1	5	0.0554445	0.053488083	0.0	64565104	0	0	0.005916	1.2744140625
FULLT	run4	ssm1+defaults	1	6	0.05555525	0.053598792	0.0	64565104	0	0	0.005937958	1.2744140625
FULLT	run4	ssm1+defaults	1	7	0.054694208	0.052733792	0.0	64565104	0	0	0.005936625	1.2744140625
FULLT	run4	ssm1+defaults	1	8	0.05500125	0.053034333	0.0	64565104	0	0	0.0059655	1.2744140625
FULLT	run4	ssm1+defaults	1	9	0.055012833	0.053068625	0.0	64565104	0	0	0.005979334	1.2744140625
FULLT	run4	ssm1+defaults	1	10	0.0548655	0.052920834	0.0	64565104	0	0	0.005969	1.2744140625
FULLT	run4	ssm1+defaults	1	11	0.054883083	0.052913042	0.0	64565104	0	0	0.005921042	1.2744140625
F	run4	ssm1+defaults	-1	0	1.2966220378875732	0	0	0	0	0	0	0
F	run4	ssm1+defaults	0	0	9.363825	9.362057875	0.249808126	2671783248	10	2	0.005856584	1.3115234375
F	run4	ssm1+defaults	1	1	0.03659025	0.036043458	0.0	53786448	0	0	0.005928875	1.33642578125
F	run4	ssm1+defaults	1	2	0.03687625	0.036322875	0.0	53785776	0	0	0.005943416	1.33642578125
F	run4	ssm1+defaults	1	3	0.037000125	0.036447125	0.0	53785776	0	0	0.005932708	1.33642578125
F	run4	ssm1+defaults	1	4	0.03724375	0.036697292	0.0	53785776	0	0	0.00595325	1.33642578125
F	run4	ssm1+defaults	1	5	0.037176833	0.03662775	0.0	53785776	0	0	0.005942	1.33642578125
F	run4	ssm1+defaults	1	6	0.03657125	0.036026042	0.0	53785776	0	0	0.00594825	1.33642578125
F	run4	ssm1+defaults	1	7	0.036945875	0.036411167	0.0	53785776	0	0	0.005970209	1.33642578125
F	run4	ssm1+defaults	1	8	0.036813334	0.036260125	0.0	53785776	0	0	0.005922291	1.33642578125
F	run4	ssm1+defaults	1	9	0.036726209	0.036184292	0.0	53785776	0	0	0.005925333	1.33642578125
F	run4	ssm1+defaults	1	10	0.037062625	0.036531958	0.0	53785776	0	0	0.005959792	1.33642578125
F	run4	ssm1+defaults	1	11	0.0367725	0.036238625	0.0	53785776	0	0	0.005952083	1.33642578125
v6	run4	ssm1+defaults	-1	0	1.4065148830413818	0	0	0	0	0	0	0
v6	run4	ssm1+defaults	0	0	7.721639292	7.72012525	0.183700916	1942981776	8	1	0.005909375	1.30908203125
v6	run4	ssm1+defaults	1	1	0.042379959	0.041828792	0.0	58670784	0	0	0.005970875	1.26123046875
v6	run4	ssm1+defaults	1	2	0.042369334	0.041820292	0.0	58670112	0	0	0.005923958	1.26123046875
v6	run4	ssm1+defaults	1	3	0.04181975	0.041289625	0.0	58670112	0	0	0.005975708	1.26123046875
v6	run4	ssm1+defaults	1	4	0.042398125	0.04185525	0.0	58670112	0	0	0.00592925	1.26123046875
v6	run4	ssm1+defaults	1	5	0.041861667	0.041333	0.0	58670112	0	0	0.006003208	1.26123046875
v6	run4	ssm1+defaults	1	6	0.041838375	0.041300708	0.0	58670112	0	0	0.005886875	1.26123046875
v6	run4	ssm1+defaults	1	7	0.042071667	0.041528667	0.0	58670112	0	0	0.005949083	1.26123046875
v6	run4	ssm1+defaults	1	8	0.042161791	0.041615208	0.0	58670112	0	0	0.005941125	1.26123046875
v6	run4	ssm1+defaults	1	9	0.041877875	0.041348458	0.0	58670112	0	0	0.005884083	1.26123046875
v6	run4	ssm1+defaults	1	10	0.041749542	0.041222042	0.0	58670112	0	0	0.0058295	1.26123046875
v6	run4	ssm1+defaults	1	11	0.041853417	0.041310542	0.0	58670112	0	0	0.005908917	1.26123046875
F	run5	ssm1+defaults	-1	0	1.3064959049224854	0	0	0	0	0	0	0
F	run5	ssm1+defaults	0	0	9.325556042	9.323893125	0.235753208	2671823104	10	2	0.005833666	1.220703125
F	run5	ssm1+defaults	1	1	0.036028958	0.035491375	0.0	53786448	0	0	0.005939041	1.18603515625
F	run5	ssm1+defaults	1	2	0.036116042	0.035563958	0.0	53785776	0	0	0.005951541	1.18603515625
F	run5	ssm1+defaults	1	3	0.036036166	0.035496208	0.0	53785776	0	0	0.005923833	1.18603515625
F	run5	ssm1+defaults	1	4	0.036754458	0.036206916	0.0	53785776	0	0	0.005894625	1.18603515625
F	run5	ssm1+defaults	1	5	0.0364515	0.035917375	0.0	53785776	0	0	0.005944541	1.18603515625
F	run5	ssm1+defaults	1	6	0.036541709	0.036010416	0.0	53785776	0	0	0.005898125	1.18603515625
F	run5	ssm1+defaults	1	7	0.03616075	0.035631458	0.0	53785776	0	0	0.005963708	1.18603515625
F	run5	ssm1+defaults	1	8	0.036073708	0.035530375	0.0	53785776	0	0	0.005979708	1.18603515625
F	run5	ssm1+defaults	1	9	0.036736709	0.036183375	0.0	53785776	0	0	0.005965333	1.18603515625
F	run5	ssm1+defaults	1	10	0.036429042	0.035897416	0.0	53785776	0	0	0.00595375	1.18603515625
F	run5	ssm1+defaults	1	11	0.036168917	0.035633875	0.0	53785776	0	0	0.005906084	1.18603515625
v6	run5	ssm1+defaults	-1	0	1.4080250263214111	0	0	0	0	0	0	0
v6	run5	ssm1+defaults	0	0	7.723624083	7.722122292	0.183570793	1943050336	8	1	0.005970667	1.1708984375
v6	run5	ssm1+defaults	1	1	0.042234917	0.041697334	0.0	58670784	0	0	0.005937417	1.14404296875
v6	run5	ssm1+defaults	1	2	0.0423335	0.041798208	0.0	58670112	0	0	0.005885709	1.14404296875
v6	run5	ssm1+defaults	1	3	0.042491875	0.041932542	0.0	58670112	0	0	0.005951333	1.14404296875
v6	run5	ssm1+defaults	1	4	0.042236833	0.041709042	0.0	58670112	0	0	0.005928042	1.14404296875
v6	run5	ssm1+defaults	1	5	0.0427195	0.042176708	0.0	58670112	0	0	0.005929208	1.14404296875
v6	run5	ssm1+defaults	1	6	0.042338042	0.041799583	0.0	58670112	0	0	0.005899958	1.14404296875
v6	run5	ssm1+defaults	1	7	0.042380209	0.041848208	0.0	58670112	0	0	0.005907583	1.14404296875
v6	run5	ssm1+defaults	1	8	0.042348542	0.041816917	0.0	58670112	0	0	0.005959084	1.14404296875
v6	run5	ssm1+defaults	1	9	0.042099333	0.041558584	0.0	58670112	0	0	0.005910917	1.14404296875
v6	run5	ssm1+defaults	1	10	0.042293375	0.041755834	0.0	58670112	0	0	0.005974958	1.14404296875
v6	run5	ssm1+defaults	1	11	0.041910583	0.041386792	0.0	58670112	0	0	0.005883833	1.14404296875
FULLT	run5	ssm1+defaults	-1	0	1.296907901763916	0	0	0	0	0	0	0
FULLT	run5	ssm1+defaults	0	0	9.207575792	9.204520333	0.236329542	2482314528	10	1	0.005969916	1.13232421875
FULLT	run5	ssm1+defaults	1	1	0.056209291	0.054254333	0.0	64565776	0	0	0.005911542	1.19189453125
FULLT	run5	ssm1+defaults	1	2	0.056676709	0.054704792	0.0	64565104	0	0	0.0059305	1.19189453125
FULLT	run5	ssm1+defaults	1	3	0.056517791	0.054558833	0.0	64565104	0	0	0.005930667	1.19189453125
FULLT	run5	ssm1+defaults	1	4	0.056524833	0.054543666	0.0	64565104	0	0	0.005959084	1.19189453125
FULLT	run5	ssm1+defaults	1	5	0.056809458	0.054836375	0.0	64565104	0	0	0.00594875	1.19189453125
FULLT	run5	ssm1+defaults	1	6	0.056426333	0.054464709	0.0	64565104	0	0	0.005894333	1.19189453125
FULLT	run5	ssm1+defaults	1	7	0.056204125	0.054228042	0.0	64565104	0	0	0.0059085	1.19189453125
FULLT	run5	ssm1+defaults	1	8	0.055707542	0.053740833	0.0	64565104	0	0	0.005862958	1.19189453125
FULLT	run5	ssm1+defaults	1	9	0.056036666	0.054082667	0.0	64565104	0	0	0.00593875	1.25634765625
FULLT	run5	ssm1+defaults	1	10	0.0565535	0.054582084	0.0	64565104	0	0	0.005951667	1.25634765625
FULLT	run5	ssm1+defaults	1	11	0.056208083	0.054239	0.0	64565104	0	0	0.005968417	1.25634765625
FULLT	run1	iid+defaults	-1	0	1.2988951206207275	0	0	0	0	0	0	0
FULLT	run1	iid+defaults	0	0	5.6045035	5.60399575	0.097648041	1623453872	6	0	0.005971166	1.2353515625
FULLT	run1	iid+defaults	20	1	0.0305975	0.03058375	0.0	45521936	0	0	0.005925708	1.21630859375
FULLT	run1	iid+defaults	40	1	0.042723083	0.0427115	0.0	65725520	0	0	0.005891125	1.21630859375
FULLT	run1	iid+defaults	20	2	0.03038475	0.030386917	0.0	45521264	0	0	0.005948375	1.21630859375
FULLT	run1	iid+defaults	40	2	0.042598708	0.042602125	0.0	65725520	0	0	0.005927375	1.21630859375
FULLT	run1	iid+defaults	20	3	0.030341083	0.030343375	0.0	45521264	0	0	0.005972875	1.21630859375
FULLT	run1	iid+defaults	40	3	0.042738375	0.042729041	0.0	65725520	0	0	0.005979333	1.21630859375
FULLT	run1	iid+defaults	20	4	0.030223042	0.030213292	0.0	45521264	0	0	0.005981292	1.21630859375
FULLT	run1	iid+defaults	40	4	0.042339	0.042340291	0.0	65725520	0	0	0.005923917	1.21630859375
FULLT	run1	iid+defaults	20	5	0.030459208	0.030461291	0.0	45521264	0	0	0.0059065	1.21630859375
FULLT	run1	iid+defaults	40	5	0.042508667	0.042511041	0.0	65725520	0	0	0.005870917	1.21630859375
FULLT	run1	iid+defaults	20	6	0.030423792	0.030425041	0.0	45521264	0	0	0.005990875	1.21630859375
FULLT	run1	iid+defaults	40	6	0.042676375	0.042668	0.0	65725520	0	0	0.005980584	1.21630859375
FULLT	run1	iid+defaults	20	7	0.030392625	0.030394667	0.0	45521264	0	0	0.005972917	1.21630859375
FULLT	run1	iid+defaults	40	7	0.04269775	0.042699625	0.0	65725520	0	0	0.005933708	1.21630859375
FULLT	run1	iid+defaults	20	8	0.030156709	0.030158625	0.0	45521552	0	0	0.005839625	1.21630859375
FULLT	run1	iid+defaults	40	8	0.042701542	0.042689834	0.0	65725520	0	0	0.005934834	1.21630859375
FULLT	run1	iid+defaults	20	9	0.030272709	0.030274208	0.0	45521264	0	0	0.005914334	1.21630859375
FULLT	run1	iid+defaults	40	9	0.042527084	0.042528625	0.0	65725520	0	0	0.005923708	1.21630859375
FULLT	run1	iid+defaults	20	10	0.0302165	0.030217541	0.0	45521264	0	0	0.005954458	1.19873046875
FULLT	run1	iid+defaults	40	10	0.042844042	0.042845167	0.0	65725520	0	0	0.005872	1.19873046875
FULLT	run1	iid+defaults	20	11	0.030629667	0.030617542	0.0	45521264	0	0	0.005985625	1.19873046875
FULLT	run1	iid+defaults	40	11	0.042570583	0.042572	0.0	65725520	0	0	0.005946208	1.19873046875
F	run1	iid+defaults	-1	0	1.2938849925994873	0	0	0	0	0	0	0
F	run1	iid+defaults	0	0	5.932875375	5.932312167	0.17699054	1823523344	7	1	0.005942375	1.1826171875
F	run1	iid+defaults	20	1	0.030879292	0.030865417	0.0	37163376	0	0	0.005945208	1.154296875
F	run1	iid+defaults	40	1	0.031409667	0.031395875	0.0	53676432	0	0	0.005930125	1.154296875
F	run1	iid+defaults	20	2	0.021055875	0.021057625	0.0	36676656	0	0	0.005926167	1.154296875
F	run1	iid+defaults	40	2	0.031446709	0.03144875	0.0	53676432	0	0	0.005893083	1.154296875
F	run1	iid+defaults	20	3	0.020895625	0.020897625	0.0	36676656	0	0	0.005832208	1.154296875
F	run1	iid+defaults	40	3	0.031693333	0.031695292	0.0	53676432	0	0	0.005965833	1.154296875
F	run1	iid+defaults	20	4	0.021078583	0.02107975	0.0	36676656	0	0	0.005974458	1.154296875
F	run1	iid+defaults	40	4	0.031544584	0.031546125	0.0	53676432	0	0	0.005895042	1.154296875
F	run1	iid+defaults	20	5	0.020801583	0.02080325	0.0	36676656	0	0	0.005895	1.154296875
F	run1	iid+defaults	40	5	0.031250542	0.031241208	0.0	53676432	0	0	0.005932041	1.154296875
F	run1	iid+defaults	20	6	0.020971208	0.020973167	0.0	36676656	0	0	0.005938917	1.154296875
F	run1	iid+defaults	40	6	0.031374208	0.031376167	0.0	53676432	0	0	0.005886583	1.154296875
F	run1	iid+defaults	20	7	0.020857333	0.020859125	0.0	36676656	0	0	0.005902917	1.154296875
F	run1	iid+defaults	40	7	0.031299	0.031287459	0.0	53676432	0	0	0.005901708	1.154296875
F	run1	iid+defaults	20	8	0.020982875	0.020985292	0.0	36676944	0	0	0.005902	1.154296875
F	run1	iid+defaults	40	8	0.031526959	0.031528625	0.0	53676432	0	0	0.005925083	1.154296875
F	run1	iid+defaults	20	9	0.020790958	0.020779459	0.0	36676656	0	0	0.005957917	1.154296875
F	run1	iid+defaults	40	9	0.031629875	0.031631625	0.0	53676432	0	0	0.005926167	1.154296875
F	run1	iid+defaults	20	10	0.020977083	0.020978541	0.0	36676656	0	0	0.005944375	1.154296875
F	run1	iid+defaults	40	10	0.031528875	0.031530208	0.0	53676432	0	0	0.005942542	1.154296875
F	run1	iid+defaults	20	11	0.020813	0.020802333	0.0	36676656	0	0	0.005971584	1.154296875
F	run1	iid+defaults	40	11	0.031257292	0.031258875	0.0	53676432	0	0	0.00592575	1.154296875
v6	run1	iid+defaults	-1	0	1.4049959182739258	0	0	0	0	0	0	0
v6	run1	iid+defaults	0	0	4.840847208	4.840397125	0.080356834	1304648560	5	0	0.005922708	1.1298828125
v6	run1	iid+defaults	20	1	0.023474208	0.023476666	0.0	36196672	0	0	0.005898958	1.119140625
v6	run1	iid+defaults	40	1	0.034733083	0.0347355	0.0	51940096	0	0	0.005940709	1.119140625
v6	run1	iid+defaults	20	2	0.02342	0.023421958	0.0	36196000	0	0	0.0059665	1.119140625
v6	run1	iid+defaults	40	2	0.0345645	0.03456675	0.0	51940096	0	0	0.005957125	1.119140625
v6	run1	iid+defaults	20	3	0.023449	0.023450708	0.0	36196000	0	0	0.005970333	1.119140625
v6	run1	iid+defaults	40	3	0.03436625	0.034368166	0.0	51940096	0	0	0.005863791	1.119140625
v6	run1	iid+defaults	20	4	0.023544167	0.023533291	0.0	36196000	0	0	0.005937208	1.119140625
v6	run1	iid+defaults	40	4	0.034249416	0.034252125	0.0	51940096	0	0	0.005910375	1.119140625
v6	run1	iid+defaults	20	5	0.023485541	0.023487917	0.0	36196000	0	0	0.0059425	1.119140625
v6	run1	iid+defaults	40	5	0.034883625	0.034885916	0.0	51940096	0	0	0.00592975	1.119140625
v6	run1	iid+defaults	20	6	0.023755041	0.023756667	0.0	36196000	0	0	0.005969875	1.119140625
v6	run1	iid+defaults	40	6	0.034970375	0.034972459	0.0	51940096	0	0	0.005971	1.119140625
v6	run1	iid+defaults	20	7	0.0233295	0.023331416	0.0	36196000	0	0	0.00592125	1.119140625
v6	run1	iid+defaults	40	7	0.034524916	0.03452625	0.0	51940096	0	0	0.005836583	1.119140625
v6	run1	iid+defaults	20	8	0.023142042	0.023132916	0.0	36196000	0	0	0.005970375	1.119140625
v6	run1	iid+defaults	40	8	0.03423675	0.0342385	0.0	51940096	0	0	0.00592875	1.119140625
v6	run1	iid+defaults	20	9	0.02327525	0.023276625	0.0	36196000	0	0	0.005904542	1.119140625
v6	run1	iid+defaults	40	9	0.034583084	0.034584458	0.0	51940096	0	0	0.005958125	1.119140625
v6	run1	iid+defaults	20	10	0.023163291	0.023151167	0.0	36196000	0	0	0.005959333	1.119140625
v6	run1	iid+defaults	40	10	0.034336833	0.034338542	0.0	51940096	0	0	0.005928792	1.119140625
v6	run1	iid+defaults	20	11	0.023642709	0.023644291	0.0	36196000	0	0	0.005951542	1.119140625
v6	run1	iid+defaults	40	11	0.034685542	0.034675167	0.0	51940096	0	0	0.005979167	1.119140625
F	run2	iid+defaults	-1	0	1.2972149848937988	0	0	0	0	0	0	0
F	run2	iid+defaults	0	0	5.902206084	5.901662917	0.178668667	1823518000	7	1	0.00589625	1.1806640625
F	run2	iid+defaults	20	1	0.031459542	0.031461542	0.0	37163376	0	0	0.005895292	1.166015625
F	run2	iid+defaults	40	1	0.0319615	0.031964125	0.0	53676432	0	0	0.005901625	1.166015625
F	run2	iid+defaults	20	2	0.02085875	0.020850792	0.0	36676656	0	0	0.005935625	1.166015625
F	run2	iid+defaults	40	2	0.031563917	0.031565958	0.0	53676432	0	0	0.005932042	1.166015625
F	run2	iid+defaults	20	3	0.021074917	0.02106575	0.0	36676656	0	0	0.005952	1.166015625
F	run2	iid+defaults	40	3	0.031869667	0.031872042	0.0	53676432	0	0	0.005903791	1.166015625
F	run2	iid+defaults	20	4	0.021070417	0.021072333	0.0	36676656	0	0	0.005941167	1.166015625
F	run2	iid+defaults	40	4	0.031745666	0.03174775	0.0	53676432	0	0	0.00584275	1.166015625
F	run2	iid+defaults	20	5	0.020971375	0.0209635	0.0	36676656	0	0	0.005928708	1.166015625
F	run2	iid+defaults	40	5	0.031466958	0.031468583	0.0	53676432	0	0	0.005915458	1.166015625
F	run2	iid+defaults	20	6	0.020931541	0.020933833	0.0	36676656	0	0	0.005937291	1.166015625
F	run2	iid+defaults	40	6	0.031579	0.031580584	0.0	53676432	0	0	0.005953958	1.166015625
F	run2	iid+defaults	20	7	0.021142834	0.021131292	0.0	36676656	0	0	0.005983	1.166015625
F	run2	iid+defaults	40	7	0.0318835	0.031886125	0.0	53676432	0	0	0.005898042	1.166015625
F	run2	iid+defaults	20	8	0.021144917	0.021146166	0.0	36676944	0	0	0.005953	1.166015625
F	run2	iid+defaults	40	8	0.031792042	0.031793542	0.0	53676432	0	0	0.005895792	1.166015625
F	run2	iid+defaults	20	9	0.02121325	0.021215417	0.0	36676656	0	0	0.005935167	1.166015625
F	run2	iid+defaults	40	9	0.031813583	0.031815208	0.0	53676432	0	0	0.005953792	1.166015625
F	run2	iid+defaults	20	10	0.02095325	0.020955125	0.0	36676656	0	0	0.005940667	1.166015625
F	run2	iid+defaults	40	10	0.031798625	0.031799583	0.0	53676432	0	0	0.005860917	1.166015625
F	run2	iid+defaults	20	11	0.021197208	0.021188875	0.0	36676656	0	0	0.005931833	1.166015625
F	run2	iid+defaults	40	11	0.031860667	0.031862291	0.0	53676432	0	0	0.005941042	1.166015625
v6	run2	iid+defaults	-1	0	1.4028770923614502	0	0	0	0	0	0	0
v6	run2	iid+defaults	0	0	4.839722917	4.839271459	0.081614959	1304556608	5	0	0.005953125	1.14013671875
v6	run2	iid+defaults	20	1	0.023723125	0.023725167	0.0	36196672	0	0	0.005865833	1.12890625
v6	run2	iid+defaults	40	1	0.035112416	0.035104041	0.0	51940096	0	0	0.005933292	1.12890625
v6	run2	iid+defaults	20	2	0.023642458	0.023644292	0.0	36196000	0	0	0.005943208	1.12890625
v6	run2	iid+defaults	40	2	0.03518925	0.035191416	0.0	51940096	0	0	0.005954416	1.12890625
v6	run2	iid+defaults	20	3	0.023694083	0.023696125	0.0	36196000	0	0	0.005952625	1.12890625
v6	run2	iid+defaults	40	3	0.034964958	0.03496675	0.0	51940096	0	0	0.005922041	1.12890625
v6	run2	iid+defaults	20	4	0.023572833	0.023574917	0.0	36196000	0	0	0.005927417	1.12890625
v6	run2	iid+defaults	40	4	0.034678041	0.034679917	0.0	51940096	0	0	0.005932958	1.12890625
v6	run2	iid+defaults	20	5	0.023548958	0.023550416	0.0	36196000	0	0	0.00583375	1.12890625
v6	run2	iid+defaults	40	5	0.034891667	0.034880333	0.0	51940096	0	0	0.005942667	1.12890625
v6	run2	iid+defaults	20	6	0.023692333	0.023694583	0.0	36196000	0	0	0.005898208	1.12890625
v6	run2	iid+defaults	40	6	0.034708708	0.034710375	0.0	51940096	0	0	0.005901042	1.12890625
v6	run2	iid+defaults	20	7	0.023633292	0.023635209	0.0	36196000	0	0	0.005949041	1.12890625
v6	run2	iid+defaults	40	7	0.035033917	0.035025458	0.0	51940096	0	0	0.00597275	1.12890625
v6	run2	iid+defaults	20	8	0.023646792	0.02364825	0.0	36196000	0	0	0.005961834	1.1982421875
v6	run2	iid+defaults	40	8	0.034928625	0.034931083	0.0	51940096	0	0	0.005923917	1.1982421875
v6	run2	iid+defaults	20	9	0.023424583	0.023426167	0.0	36196000	0	0	0.005837209	1.1982421875
v6	run2	iid+defaults	40	9	0.034927583	0.034929333	0.0	51940096	0	0	0.005936	1.1982421875
v6	run2	iid+defaults	20	10	0.023524625	0.02352625	0.0	36196000	0	0	0.005902584	1.1982421875
v6	run2	iid+defaults	40	10	0.034789875	0.034791791	0.0	51940096	0	0	0.00590025	1.1982421875
v6	run2	iid+defaults	20	11	0.023380041	0.0233815	0.0	36196000	0	0	0.00586175	1.1982421875
v6	run2	iid+defaults	40	11	0.03449275	0.034495208	0.0	51940096	0	0	0.00593025	1.1982421875
FULLT	run2	iid+defaults	-1	0	1.303995132446289	0	0	0	0	0	0	0
FULLT	run2	iid+defaults	0	0	5.597304875	5.59678	0.093276833	1623463248	6	0	0.005890458	1.26220703125
FULLT	run2	iid+defaults	20	1	0.031017541	0.031004708	0.0	45521936	0	0	0.005944708	1.22119140625
FULLT	run2	iid+defaults	40	1	0.043826458	0.043828875	0.0	65725520	0	0	0.005938583	1.22119140625
FULLT	run2	iid+defaults	20	2	0.030844791	0.030831292	0.0	45521264	0	0	0.005980542	1.22119140625
FULLT	run2	iid+defaults	40	2	0.043322958	0.043324333	0.0	65725520	0	0	0.005896667	1.22119140625
FULLT	run2	iid+defaults	20	3	0.030633834	0.03063625	0.0	45521264	0	0	0.005970416	1.22119140625
FULLT	run2	iid+defaults	40	3	0.043744708	0.04374675	0.0	65725520	0	0	0.00588075	1.22119140625
FULLT	run2	iid+defaults	20	4	0.030705583	0.030707625	0.0	45521264	0	0	0.006000917	1.22119140625
FULLT	run2	iid+defaults	40	4	0.043345458	0.0433475	0.0	65725520	0	0	0.005949333	1.22119140625
FULLT	run2	iid+defaults	20	5	0.030746167	0.030736458	0.0	45521264	0	0	0.005966958	1.22119140625
FULLT	run2	iid+defaults	40	5	0.043377	0.043379	0.0	65725520	0	0	0.005944542	1.22119140625
FULLT	run2	iid+defaults	20	6	0.030676875	0.030678834	0.0	45521264	0	0	0.005914	1.22119140625
FULLT	run2	iid+defaults	40	6	0.043619416	0.0436215	0.0	65725520	0	0	0.005881666	1.22119140625
FULLT	run2	iid+defaults	20	7	0.030760875	0.030748666	0.0	45521264	0	0	0.005980916	1.22119140625
FULLT	run2	iid+defaults	40	7	0.0435935	0.043595167	0.0	65725520	0	0	0.005973125	1.22119140625
FULLT	run2	iid+defaults	20	8	0.030955416	0.030957708	0.0	45521552	0	0	0.00597825	1.22119140625
FULLT	run2	iid+defaults	40	8	0.043331291	0.04333325	0.0	65725520	0	0	0.00593175	1.22119140625
FULLT	run2	iid+defaults	20	9	0.030772917	0.0307745	0.0	45521264	0	0	0.005872209	1.22119140625
FULLT	run2	iid+defaults	40	9	0.043857417	0.043846375	0.0	65725520	0	0	0.005919583	1.22119140625
FULLT	run2	iid+defaults	20	10	0.031046583	0.031036084	0.0	45521264	0	0	0.005969417	1.22119140625
FULLT	run2	iid+defaults	40	10	0.043515	0.043517458	0.0	65725520	0	0	0.00594575	1.22119140625
FULLT	run2	iid+defaults	20	11	0.030761375	0.030762666	0.0	45521264	0	0	0.005979916	1.22119140625
FULLT	run2	iid+defaults	40	11	0.043446916	0.043448584	0.0	65725520	0	0	0.0059855	1.22119140625
v6	run3	iid+defaults	-1	0	1.4102210998535156	0	0	0	0	0	0	0
v6	run3	iid+defaults	0	0	4.853987791	4.853530792	0.081347874	1304628656	5	0	0.005967167	1.2666015625
v6	run3	iid+defaults	20	1	0.023161083	0.023163292	0.0	36196672	0	0	0.005859583	1.2451171875
v6	run3	iid+defaults	40	1	0.034040667	0.034042875	0.0	51940096	0	0	0.005883417	1.2451171875
v6	run3	iid+defaults	20	2	0.023554834	0.02356	0.0	36196000	0	0	0.005928667	1.2451171875
v6	run3	iid+defaults	40	2	0.034235125	0.034236958	0.0	51940096	0	0	0.005943791	1.2451171875
v6	run3	iid+defaults	20	3	0.023380458	0.023382917	0.0	36196000	0	0	0.005939791	1.2451171875
v6	run3	iid+defaults	40	3	0.034016417	0.03401875	0.0	51940096	0	0	0.005909084	1.2451171875
v6	run3	iid+defaults	20	4	0.023179708	0.023181375	0.0	36196000	0	0	0.006020125	1.2451171875
v6	run3	iid+defaults	40	4	0.034345709	0.034347334	0.0	51940096	0	0	0.005928292	1.2451171875
v6	run3	iid+defaults	20	5	0.023137584	0.02314	0.0	36196000	0	0	0.005865958	1.2451171875
v6	run3	iid+defaults	40	5	0.033958542	0.033960875	0.0	51940096	0	0	0.005901875	1.2451171875
v6	run3	iid+defaults	20	6	0.023074375	0.0230765	0.0	36196000	0	0	0.005904833	1.2451171875
v6	run3	iid+defaults	40	6	0.034120584	0.034121833	0.0	51940096	0	0	0.005934875	1.2451171875
v6	run3	iid+defaults	20	7	0.022980542	0.022982959	0.0	36196000	0	0	0.005882667	1.2451171875
v6	run3	iid+defaults	40	7	0.034194291	0.034183125	0.0	51940096	0	0	0.005951667	1.2451171875
v6	run3	iid+defaults	20	8	0.023345416	0.023347542	0.0	36196000	0	0	0.005971125	1.2451171875
v6	run3	iid+defaults	40	8	0.034179041	0.034180333	0.0	51940096	0	0	0.005904375	1.2451171875
v6	run3	iid+defaults	20	9	0.023223625	0.023225	0.0	36196000	0	0	0.005933666	1.2451171875
v6	run3	iid+defaults	40	9	0.034270583	0.034259625	0.0	51940096	0	0	0.005926958	1.2451171875
v6	run3	iid+defaults	20	10	0.023306958	0.023308708	0.0	36196000	0	0	0.00594275	1.2451171875
v6	run3	iid+defaults	40	10	0.034247833	0.034249458	0.0	51940096	0	0	0.005911833	1.2451171875
v6	run3	iid+defaults	20	11	0.0228905	0.022880666	0.0	36196000	0	0	0.00596525	1.2451171875
v6	run3	iid+defaults	40	11	0.034153417	0.034155292	0.0	51940096	0	0	0.005940875	1.2451171875
FULLT	run3	iid+defaults	-1	0	1.2964510917663574	0	0	0	0	0	0	0
FULLT	run3	iid+defaults	0	0	5.607002791	5.606448291	0.092855457	1623452640	6	0	0.005972291	1.447265625
FULLT	run3	iid+defaults	20	1	0.031069667	0.031071584	0.0	45521936	0	0	0.005960417	1.4111328125
FULLT	run3	iid+defaults	40	1	0.043430792	0.043433	0.0	65725520	0	0	0.005933583	1.4111328125
FULLT	run3	iid+defaults	20	2	0.031082542	0.031084708	0.0	45521264	0	0	0.005864541	1.4111328125
FULLT	run3	iid+defaults	40	2	0.043690667	0.043692917	0.0	65725520	0	0	0.0059555	1.4111328125
FULLT	run3	iid+defaults	20	3	0.0307665	0.03076775	0.0	45521264	0	0	0.005931667	1.4111328125
FULLT	run3	iid+defaults	40	3	0.043928083	0.043916375	0.0	65725520	0	0	0.005947125	1.4111328125
FULLT	run3	iid+defaults	20	4	0.031064042	0.031065958	0.0	45521264	0	0	0.005972458	1.4111328125
FULLT	run3	iid+defaults	40	4	0.043253583	0.043256333	0.0	65725520	0	0	0.005944583	1.4111328125
FULLT	run3	iid+defaults	20	5	0.030931375	0.03093225	0.0	45521264	0	0	0.005843666	1.4111328125
FULLT	run3	iid+defaults	40	5	0.043766208	0.043754958	0.0	65725520	0	0	0.0059375	1.4111328125
FULLT	run3	iid+defaults	20	6	0.030799125	0.030801458	0.0	45521264	0	0	0.005986791	1.4111328125
FULLT	run3	iid+defaults	40	6	0.043586625	0.043576333	0.0	65725520	0	0	0.006002833	1.4111328125
FULLT	run3	iid+defaults	20	7	0.030711416	0.0307135	0.0	45521264	0	0	0.005960959	1.4111328125
FULLT	run3	iid+defaults	40	7	0.043739583	0.043741208	0.0	65725520	0	0	0.005932292	1.4111328125
FULLT	run3	iid+defaults	20	8	0.03268025	0.032675375	0.0	45521552	0	0	0.006047875	1.4111328125
FULLT	run3	iid+defaults	40	8	0.043287541	0.043289208	0.0	65725520	0	0	0.005980875	1.4111328125
FULLT	run3	iid+defaults	20	9	0.031045792	0.031048583	0.0	45521264	0	0	0.005902792	1.4111328125
FULLT	run3	iid+defaults	40	9	0.043486083	0.0434765	0.0	65725520	0	0	0.005930458	1.4111328125
FULLT	run3	iid+defaults	20	10	0.030899958	0.030902791	0.0	45521264	0	0	0.005937875	1.4111328125
FULLT	run3	iid+defaults	40	10	0.043196542	0.043198666	0.0	65725520	0	0	0.005906333	1.4111328125
FULLT	run3	iid+defaults	20	11	0.030710625	0.03070175	0.0	45521264	0	0	0.005937459	1.4111328125
FULLT	run3	iid+defaults	40	11	0.044435584	0.044437667	0.0	65725520	0	0	0.005940542	1.4111328125
F	run3	iid+defaults	-1	0	1.2966029644012451	0	0	0	0	0	0	0
F	run3	iid+defaults	0	0	5.921408375	5.920839083	0.180412041	1823532240	7	1	0.005940416	1.34765625
F	run3	iid+defaults	20	1	0.031049875	0.031051792	0.0	37163376	0	0	0.00591275	1.29345703125
F	run3	iid+defaults	40	1	0.031764083	0.03176575	0.0	53676432	0	0	0.0058925	1.29345703125
F	run3	iid+defaults	20	2	0.021376875	0.021379041	0.0	36676656	0	0	0.005939125	1.29345703125
F	run3	iid+defaults	40	2	0.032066875	0.032069	0.0	53676432	0	0	0.0059615	1.29345703125
F	run3	iid+defaults	20	3	0.02124875	0.021240792	0.0	36676656	0	0	0.005957375	1.29345703125
F	run3	iid+defaults	40	3	0.032426833	0.03242875	0.0	53676432	0	0	0.005943208	1.29345703125
F	run3	iid+defaults	20	4	0.02141675	0.021418417	0.0	36676656	0	0	0.005938	1.29345703125
F	run3	iid+defaults	40	4	0.031540458	0.0315425	0.0	53676432	0	0	0.005907084	1.29345703125
F	run3	iid+defaults	20	5	0.021194458	0.021186084	0.0	36676656	0	0	0.005918916	1.29345703125
F	run3	iid+defaults	40	5	0.031858708	0.0318605	0.0	53676432	0	0	0.005951541	1.29345703125
F	run3	iid+defaults	20	6	0.021376084	0.021377917	0.0	36676656	0	0	0.005928333	1.29345703125
F	run3	iid+defaults	40	6	0.032065334	0.032056542	0.0	53676432	0	0	0.005977166	1.29345703125
F	run3	iid+defaults	20	7	0.021274042	0.021276125	0.0	36676656	0	0	0.005973417	1.29345703125
F	run3	iid+defaults	40	7	0.031996333	0.0319975	0.0	53676432	0	0	0.005951875	1.29345703125
F	run3	iid+defaults	20	8	0.021301667	0.02130325	0.0	36676944	0	0	0.005917958	1.29345703125
F	run3	iid+defaults	40	8	0.031592458	0.031582208	0.0	53676432	0	0	0.005941	1.29345703125
F	run3	iid+defaults	20	9	0.02116825	0.021169542	0.0	36676656	0	0	0.00592425	1.29345703125
F	run3	iid+defaults	40	9	0.031733125	0.031734584	0.0	53676432	0	0	0.005883375	1.29345703125
F	run3	iid+defaults	20	10	0.021176875	0.021166709	0.0	36676656	0	0	0.005917833	1.29345703125
F	run3	iid+defaults	40	10	0.031768791	0.03177075	0.0	53676432	0	0	0.005944083	1.29345703125
F	run3	iid+defaults	20	11	0.021216375	0.021217792	0.0	36676656	0	0	0.005985667	1.29345703125
F	run3	iid+defaults	40	11	0.031993042	0.031995042	0.0	53676432	0	0	0.00594	1.29345703125
FULLT	run4	iid+defaults	-1	0	1.2913508415222168	0	0	0	0	0	0	0
FULLT	run4	iid+defaults	0	0	5.597918	5.597403833	0.092478459	1623479424	6	0	0.005872792	1.24755859375
FULLT	run4	iid+defaults	20	1	0.03070625	0.030708541	0.0	45521936	0	0	0.005924833	1.2275390625
FULLT	run4	iid+defaults	40	1	0.043600542	0.043602625	0.0	65725520	0	0	0.005942333	1.2275390625
FULLT	run4	iid+defaults	20	2	0.030685584	0.030687667	0.0	45521264	0	0	0.005955458	1.2275390625
FULLT	run4	iid+defaults	40	2	0.043581125	0.043583542	0.0	65725520	0	0	0.005953125	1.2275390625
FULLT	run4	iid+defaults	20	3	0.031052667	0.031040834	0.0	45521264	0	0	0.005914708	1.2275390625
FULLT	run4	iid+defaults	40	3	0.043626	0.043617917	0.0	65725520	0	0	0.005977125	1.2275390625
FULLT	run4	iid+defaults	20	4	0.030758333	0.030760166	0.0	45521264	0	0	0.005973417	1.2275390625
FULLT	run4	iid+defaults	40	4	0.043485041	0.043486542	0.0	65725520	0	0	0.005989959	1.2275390625
FULLT	run4	iid+defaults	20	5	0.030787708	0.030789708	0.0	45521264	0	0	0.005877041	1.2275390625
FULLT	run4	iid+defaults	40	5	0.043810709	0.043812083	0.0	65725520	0	0	0.005865709	1.2275390625
FULLT	run4	iid+defaults	20	6	0.030747875	0.030736166	0.0	45521264	0	0	0.005978625	1.2275390625
FULLT	run4	iid+defaults	40	6	0.043289917	0.043278542	0.0	65725520	0	0	0.005927625	1.2275390625
FULLT	run4	iid+defaults	20	7	0.030964666	0.030966958	0.0	45521264	0	0	0.005943958	1.2275390625
FULLT	run4	iid+defaults	40	7	0.043175208	0.043176666	0.0	65725520	0	0	0.005965083	1.2275390625
FULLT	run4	iid+defaults	20	8	0.030777166	0.030778833	0.0	45521552	0	0	0.005868375	1.2275390625
FULLT	run4	iid+defaults	40	8	0.043407167	0.043395666	0.0	65725520	0	0	0.005931875	1.2275390625
FULLT	run4	iid+defaults	20	9	0.031009584	0.031002041	0.0	45521264	0	0	0.005984583	1.2275390625
FULLT	run4	iid+defaults	40	9	0.043337167	0.043338917	0.0	65725520	0	0	0.005944709	1.2275390625
FULLT	run4	iid+defaults	20	10	0.031185542	0.0311875	0.0	45521264	0	0	0.005935417	1.2275390625
FULLT	run4	iid+defaults	40	10	0.043100666	0.043102666	0.0	65725520	0	0	0.005961708	1.2275390625
FULLT	run4	iid+defaults	20	11	0.031333667	0.031335708	0.0	45521264	0	0	0.005872	1.2275390625
FULLT	run4	iid+defaults	40	11	0.043615333	0.043603542	0.0	65725520	0	0	0.005971916	1.2275390625
F	run4	iid+defaults	-1	0	1.292975902557373	0	0	0	0	0	0	0
F	run4	iid+defaults	0	0	5.92060425	5.919990709	0.17832375	1823491264	7	1	0.005924625	1.265625
F	run4	iid+defaults	20	1	0.032363875	0.032366	0.0	37163376	0	0	0.005841917	1.32421875
F	run4	iid+defaults	40	1	0.033357125	0.033348375	0.0	53676432	0	0	0.005896916	1.32421875
F	run4	iid+defaults	20	2	0.021861	0.021862792	0.0	36676656	0	0	0.005926958	1.32421875
F	run4	iid+defaults	40	2	0.033130584	0.033132375	0.0	53676432	0	0	0.005942167	1.32421875
F	run4	iid+defaults	20	3	0.021733666	0.021736167	0.0	36676656	0	0	0.00593275	1.32421875
F	run4	iid+defaults	40	3	0.032598334	0.03260025	0.0	53676432	0	0	0.006022709	1.32421875
F	run4	iid+defaults	20	4	0.021483667	0.021485334	0.0	36676656	0	0	0.005923042	1.32421875
F	run4	iid+defaults	40	4	0.033102834	0.033104625	0.0	53676432	0	0	0.005933041	1.32421875
F	run4	iid+defaults	20	5	0.021797958	0.021800084	0.0	36676656	0	0	0.00583775	1.32421875
F	run4	iid+defaults	40	5	0.032950834	0.032953042	0.0	53676432	0	0	0.005896375	1.32421875
F	run4	iid+defaults	20	6	0.02187975	0.021867792	0.0	36676656	0	0	0.005896583	1.32421875
F	run4	iid+defaults	40	6	0.032795625	0.032797167	0.0	53676432	0	0	0.0059935	1.32421875
F	run4	iid+defaults	20	7	0.021557625	0.021559041	0.0	36676656	0	0	0.005906166	1.32421875
F	run4	iid+defaults	40	7	0.032533042	0.032521584	0.0	53676432	0	0	0.005968875	1.32421875
F	run4	iid+defaults	20	8	0.021592792	0.021594625	0.0	36676944	0	0	0.005929584	1.32421875
F	run4	iid+defaults	40	8	0.032921583	0.032923792	0.0	53676432	0	0	0.005935416	1.2978515625
F	run4	iid+defaults	20	9	0.021726417	0.021728458	0.0	36676656	0	0	0.005982625	1.2978515625
F	run4	iid+defaults	40	9	0.0331425	0.0331445	0.0	53676432	0	0	0.005890833	1.2978515625
F	run4	iid+defaults	20	10	0.021613916	0.021603875	0.0	36676656	0	0	0.005913834	1.2978515625
F	run4	iid+defaults	40	10	0.032968917	0.032970042	0.0	53676432	0	0	0.005956667	1.2978515625
F	run4	iid+defaults	20	11	0.021496958	0.02149875	0.0	36676656	0	0	0.005937916	1.2978515625
F	run4	iid+defaults	40	11	0.032542416	0.032544542	0.0	53676432	0	0	0.005889875	1.2978515625
v6	run4	iid+defaults	-1	0	1.3961539268493652	0	0	0	0	0	0	0
v6	run4	iid+defaults	0	0	4.84963675	4.849183041	0.08050225	1304563680	5	0	0.0059455	1.35400390625
v6	run4	iid+defaults	20	1	0.023671125	0.023673709	0.0	36196672	0	0	0.005962333	1.3251953125
v6	run4	iid+defaults	40	1	0.03485475	0.034856667	0.0	51940096	0	0	0.005890416	1.3251953125
v6	run4	iid+defaults	20	2	0.0236375	0.023640208	0.0	36196000	0	0	0.00588225	1.3251953125
v6	run4	iid+defaults	40	2	0.034926916	0.034917834	0.0	51940096	0	0	0.005937125	1.3251953125
v6	run4	iid+defaults	20	3	0.023791083	0.023792958	0.0	36196000	0	0	0.00592325	1.3251953125
v6	run4	iid+defaults	40	3	0.035161	0.035162875	0.0	51940096	0	0	0.005925791	1.37890625
v6	run4	iid+defaults	20	4	0.023570459	0.02357225	0.0	36196000	0	0	0.005899333	1.37890625
v6	run4	iid+defaults	40	4	0.034714458	0.034702459	0.0	51940096	0	0	0.005942166	1.37890625
v6	run4	iid+defaults	20	5	0.023751083	0.023752583	0.0	36196000	0	0	0.005969125	1.37890625
v6	run4	iid+defaults	40	5	0.034577458	0.034579667	0.0	51940096	0	0	0.0058705	1.37890625
v6	run4	iid+defaults	20	6	0.023590584	0.023592583	0.0	36196000	0	0	0.005864625	1.37890625
v6	run4	iid+defaults	40	6	0.035047542	0.035049625	0.0	51940096	0	0	0.005956584	1.37890625
v6	run4	iid+defaults	20	7	0.023403625	0.023405583	0.0	36196000	0	0	0.005843834	1.37890625
v6	run4	iid+defaults	40	7	0.034797459	0.03479925	0.0	51940096	0	0	0.005929875	1.37890625
v6	run4	iid+defaults	20	8	0.023637292	0.023639292	0.0	36196000	0	0	0.005925292	1.37890625
v6	run4	iid+defaults	40	8	0.034614084	0.034604334	0.0	51940096	0	0	0.005964292	1.37890625
v6	run4	iid+defaults	20	9	0.0236555	0.023657375	0.0	36196000	0	0	0.005980666	1.37890625
v6	run4	iid+defaults	40	9	0.034724	0.034726541	0.0	51940096	0	0	0.005954083	1.37890625
v6	run4	iid+defaults	20	10	0.023339083	0.023341166	0.0	36196000	0	0	0.005866583	1.37890625
v6	run4	iid+defaults	40	10	0.034837834	0.034839959	0.0	51940096	0	0	0.005929416	1.37890625
v6	run4	iid+defaults	20	11	0.023435875	0.0234235	0.0	36196000	0	0	0.005940833	1.37890625
v6	run4	iid+defaults	40	11	0.034839375	0.034841375	0.0	51940096	0	0	0.005962666	1.37890625
F	run5	iid+defaults	-1	0	1.2963979244232178	0	0	0	0	0	0	0
F	run5	iid+defaults	0	0	5.910177125	5.909616625	0.178402166	1823532560	7	1	0.005999541	1.31982421875
F	run5	iid+defaults	20	1	0.031013667	0.031015458	0.0	37163376	0	0	0.0058585	1.3740234375
F	run5	iid+defaults	40	1	0.031597875	0.031599708	0.0	53676432	0	0	0.005858584	1.3740234375
F	run5	iid+defaults	20	2	0.021436708	0.021438542	0.0	36676656	0	0	0.005964375	1.3740234375
F	run5	iid+defaults	40	2	0.031727834	0.031729458	0.0	53676432	0	0	0.0059385	1.3740234375
F	run5	iid+defaults	20	3	0.021171625	0.021173584	0.0	36676656	0	0	0.005962291	1.3740234375
F	run5	iid+defaults	40	3	0.0314865	0.031488375	0.0	53676432	0	0	0.005868583	1.3740234375
F	run5	iid+defaults	20	4	0.020942875	0.020933083	0.0	36676656	0	0	0.00594075	1.3740234375
F	run5	iid+defaults	40	4	0.031635	0.03163675	0.0	53676432	0	0	0.005943416	1.3740234375
F	run5	iid+defaults	20	5	0.021172792	0.021174917	0.0	36676656	0	0	0.006186375	1.3740234375
F	run5	iid+defaults	40	5	0.0318125	0.031814083	0.0	53676432	0	0	0.005977917	1.3740234375
F	run5	iid+defaults	20	6	0.021169917	0.021171917	0.0	36676656	0	0	0.0059675	1.3740234375
F	run5	iid+defaults	40	6	0.03198625	0.031987792	0.0	53676432	0	0	0.00597375	1.3740234375
F	run5	iid+defaults	20	7	0.021079708	0.021081084	0.0	36676656	0	0	0.005943	1.3740234375
F	run5	iid+defaults	40	7	0.031529791	0.031531958	0.0	53676432	0	0	0.005893708	1.3740234375
F	run5	iid+defaults	20	8	0.0212495	0.021251041	0.0	36676944	0	0	0.005947375	1.3740234375
F	run5	iid+defaults	40	8	0.031579167	0.03158075	0.0	53676432	0	0	0.005943583	1.3740234375
F	run5	iid+defaults	20	9	0.020933083	0.020934708	0.0	36676656	0	0	0.005972583	1.3740234375
F	run5	iid+defaults	40	9	0.031402291	0.031403667	0.0	53676432	0	0	0.00592225	1.3740234375
F	run5	iid+defaults	20	10	0.020900917	0.02090275	0.0	36676656	0	0	0.005902959	1.3740234375
F	run5	iid+defaults	40	10	0.031384	0.031385417	0.0	53676432	0	0	0.005938291	1.3740234375
F	run5	iid+defaults	20	11	0.020845625	0.020847792	0.0	36676656	0	0	0.005912417	1.3740234375
F	run5	iid+defaults	40	11	0.031660958	0.031662708	0.0	53676432	0	0	0.005883667	1.3740234375
v6	run5	iid+defaults	-1	0	1.399163007736206	0	0	0	0	0	0	0
v6	run5	iid+defaults	0	0	4.83661725	4.836179	0.081533042	1304591888	5	0	0.005899209	1.39599609375
v6	run5	iid+defaults	20	1	0.0231265	0.02312825	0.0	36196672	0	0	0.005875584	1.3642578125
v6	run5	iid+defaults	40	1	0.033845333	0.033847584	0.0	51940096	0	0	0.005935875	1.3642578125
v6	run5	iid+defaults	20	2	0.023100959	0.023103083	0.0	36196000	0	0	0.005972167	1.3642578125
v6	run5	iid+defaults	40	2	0.034004625	0.034007041	0.0	51940096	0	0	0.00596075	1.3642578125
v6	run5	iid+defaults	20	3	0.02295925	0.022961459	0.0	36196000	0	0	0.005907375	1.3642578125
v6	run5	iid+defaults	40	3	0.033397917	0.033386041	0.0	51940096	0	0	0.0059025	1.3642578125
v6	run5	iid+defaults	20	4	0.022956959	0.022959125	0.0	36196000	0	0	0.005920375	1.3642578125
v6	run5	iid+defaults	40	4	0.033733458	0.033735083	0.0	51940096	0	0	0.005902333	1.3642578125
v6	run5	iid+defaults	20	5	0.023003708	0.023005708	0.0	36196000	0	0	0.005945375	1.3642578125
v6	run5	iid+defaults	40	5	0.033233959	0.033226375	0.0	51940096	0	0	0.005938625	1.3642578125
v6	run5	iid+defaults	20	6	0.02299325	0.022994583	0.0	36196000	0	0	0.005937667	1.3642578125
v6	run5	iid+defaults	40	6	0.033770791	0.033772125	0.0	51940096	0	0	0.00595675	1.3642578125
v6	run5	iid+defaults	20	7	0.022560375	0.022561917	0.0	36196000	0	0	0.00593025	1.3642578125
v6	run5	iid+defaults	40	7	0.033268166	0.0332565	0.0	51940096	0	0	0.005891667	1.3642578125
v6	run5	iid+defaults	20	8	0.022866958	0.022868959	0.0	36196000	0	0	0.005920833	1.3642578125
v6	run5	iid+defaults	40	8	0.033710125	0.033712375	0.0	51940096	0	0	0.005936792	1.3642578125
v6	run5	iid+defaults	20	9	0.022441167	0.022442584	0.0	36196000	0	0	0.006001208	1.3642578125
v6	run5	iid+defaults	40	9	0.033458792	0.03344775	0.0	51940096	0	0	0.005918333	1.3642578125
v6	run5	iid+defaults	20	10	0.022963625	0.022965542	0.0	36196000	0	0	0.005927125	1.3642578125
v6	run5	iid+defaults	40	10	0.033705792	0.033707875	0.0	51940096	0	0	0.0059315	1.3642578125
v6	run5	iid+defaults	20	11	0.022935667	0.0229375	0.0	36196000	0	0	0.005940083	1.3642578125
v6	run5	iid+defaults	40	11	0.033882	0.033883708	0.0	51940096	0	0	0.005945333	1.3642578125
FULLT	run5	iid+defaults	-1	0	1.2929980754852295	0	0	0	0	0	0	0
FULLT	run5	iid+defaults	0	0	5.5949365	5.594416084	0.09274696	1623520640	6	0	0.005971083	1.30810546875
FULLT	run5	iid+defaults	20	1	0.030540833	0.03054225	0.0	45521936	0	0	0.005932542	1.36328125
FULLT	run5	iid+defaults	40	1	0.042838666	0.042840958	0.0	65725520	0	0	0.005886584	1.36328125
FULLT	run5	iid+defaults	20	2	0.030717542	0.03071925	0.0	45521264	0	0	0.006158875	1.36328125
FULLT	run5	iid+defaults	40	2	0.042543375	0.042545417	0.0	65725520	0	0	0.005943833	1.36328125
FULLT	run5	iid+defaults	20	3	0.030708416	0.030695625	0.0	45521264	0	0	0.005950833	1.36328125
FULLT	run5	iid+defaults	40	3	0.043034667	0.043037417	0.0	65725520	0	0	0.005938834	1.36328125
FULLT	run5	iid+defaults	20	4	0.030705583	0.030707792	0.0	45521264	0	0	0.005935292	1.36328125
FULLT	run5	iid+defaults	40	4	0.042768292	0.042770834	0.0	65725520	0	0	0.005922666	1.36328125
FULLT	run5	iid+defaults	20	5	0.030640791	0.030642958	0.0	45521264	0	0	0.005903667	1.36328125
FULLT	run5	iid+defaults	40	5	0.042993167	0.042994917	0.0	65725520	0	0	0.005979667	1.36328125
FULLT	run5	iid+defaults	20	6	0.030742791	0.030733166	0.0	45521264	0	0	0.0059665	1.36328125
FULLT	run5	iid+defaults	40	6	0.042859667	0.042861083	0.0	65725520	0	0	0.005958541	1.36328125
FULLT	run5	iid+defaults	20	7	0.030519667	0.030521834	0.0	45521264	0	0	0.0059015	1.36328125
FULLT	run5	iid+defaults	40	7	0.042926167	0.042927709	0.0	65725520	0	0	0.005890125	1.36328125
FULLT	run5	iid+defaults	20	8	0.0303915	0.030379917	0.0	45521552	0	0	0.005942459	1.36328125
FULLT	run5	iid+defaults	40	8	0.042937958	0.042939667	0.0	65725520	0	0	0.005976709	1.333984375
FULLT	run5	iid+defaults	20	9	0.030434458	0.03042525	0.0	45521264	0	0	0.005989209	1.333984375
FULLT	run5	iid+defaults	40	9	0.043166875	0.043169292	0.0	65725520	0	0	0.005949125	1.333984375
FULLT	run5	iid+defaults	20	10	0.030412917	0.030414667	0.0	45521264	0	0	0.005924375	1.333984375
FULLT	run5	iid+defaults	40	10	0.043143334	0.043133417	0.0	65725520	0	0	0.005983375	1.333984375
FULLT	run5	iid+defaults	20	11	0.030502125	0.03049275	0.0	45521264	0	0	0.005938791	1.333984375
FULLT	run5	iid+defaults	40	11	0.042684083	0.042685916	0.0	65725520	0	0	0.005930917	1.333984375
FULLT	run1	ssm1@100	-1	0	1.3015098571777344	0	0	0	0	0	0	0
FULLT	run1	ssm1@100	0	0	8.726235167	8.7252855	0.212165916	2521970224	9	1	0.005895708	1.30712890625
FULLT	run1	ssm1@100	1	1	0.299430959	0.299205666	0.0	36474672	0	0	0.005944916	1.25927734375
FULLT	run1	ssm1@100	1	2	0.033391125	0.033244667	0.0	7520352	0	0	0.005937625	1.25927734375
FULLT	run1	ssm1@100	1	3	0.005739583	0.005652625	0.0	6432544	0	0	0.005861833	1.25927734375
FULLT	run1	ssm1@100	1	4	0.005600167	0.005516	0.0	6432544	0	0	0.00591275	1.25927734375
FULLT	run1	ssm1@100	1	5	0.005674333	0.005594875	0.0	6432544	0	0	0.00592225	1.25927734375
FULLT	run1	ssm1@100	1	6	0.0056095	0.005523541	0.0	6432544	0	0	0.005938584	1.25927734375
FULLT	run1	ssm1@100	1	7	0.005755167	0.005667833	0.0	6432544	0	0	0.005917042	1.25927734375
FULLT	run1	ssm1@100	1	8	0.005634125	0.005548542	0.0	6432544	0	0	0.005934042	1.25927734375
FULLT	run1	ssm1@100	1	9	0.005572833	0.00549825	0.0	6432544	0	0	0.005902625	1.25927734375
FULLT	run1	ssm1@100	1	10	0.005753	0.005667333	0.0	6432544	0	0	0.005934833	1.25927734375
FULLT	run1	ssm1@100	1	11	0.0057015	0.005613041	0.0	6432544	0	0	0.005897292	1.25927734375
F	run1	ssm1@100	-1	0	1.297757863998413	0	0	0	0	0	0	0
F	run1	ssm1@100	0	0	7.597042583	7.596332291	0.1864795	2264938592	7	1	0.005929042	1.29248046875
F	run1	ssm1@100	1	1	0.003921209	0.003922375	0.0	5351712	0	0	0.005918917	1.34912109375
F	run1	ssm1@100	1	2	0.003821917	0.003822666	0.0	5351712	0	0	0.005958291	1.34912109375
F	run1	ssm1@100	1	3	0.003803625	0.003804417	0.0	5351712	0	0	0.005941083	1.34912109375
F	run1	ssm1@100	1	4	0.003932708	0.003933917	0.0	5351712	0	0	0.005896584	1.34912109375
F	run1	ssm1@100	1	5	0.003796042	0.0037975	0.0	5351712	0	0	0.00593975	1.34912109375
F	run1	ssm1@100	1	6	0.003895333	0.00389675	0.0	5351712	0	0	0.005942792	1.34912109375
F	run1	ssm1@100	1	7	0.003791375	0.003792875	0.0	5351712	0	0	0.005961084	1.32080078125
F	run1	ssm1@100	1	8	0.003896959	0.00389875	0.0	5351712	0	0	0.005938	1.32080078125
F	run1	ssm1@100	1	9	0.003904791	0.0039065	0.0	5351712	0	0	0.005841167	1.32080078125
F	run1	ssm1@100	1	10	0.00379375	0.003794792	0.0	5351712	0	0	0.005911625	1.32080078125
F	run1	ssm1@100	1	11	0.003783666	0.003784833	0.0	5351712	0	0	0.00590625	1.32080078125
v6	run1	ssm1@100	-1	0	1.4047470092773438	0	0	0	0	0	0	0
v6	run1	ssm1@100	0	0	6.149353416	6.148782584	0.107951501	1732424800	6	0	0.005895458	1.294921875
v6	run1	ssm1@100	1	1	0.004531875	0.00453375	0.0	5820784	0	0	0.005962459	1.27099609375
v6	run1	ssm1@100	1	2	0.004500042	0.004501292	0.0	5820784	0	0	0.005892792	1.27099609375
v6	run1	ssm1@100	1	3	0.004361417	0.00436525	0.0	5820784	0	0	0.005934333	1.27099609375
v6	run1	ssm1@100	1	4	0.004471834	0.004473542	0.0	5820784	0	0	0.005874875	1.27099609375
v6	run1	ssm1@100	1	5	0.004373833	0.00437575	0.0	5820784	0	0	0.005973958	1.27099609375
v6	run1	ssm1@100	1	6	0.004500083	0.004501708	0.0	5820784	0	0	0.005837458	1.2490234375
v6	run1	ssm1@100	1	7	0.004408791	0.00441075	0.0	5820784	0	0	0.0058965	1.2490234375
v6	run1	ssm1@100	1	8	0.004491291	0.004493208	0.0	5820784	0	0	0.005926125	1.2490234375
v6	run1	ssm1@100	1	9	0.004384	0.004385666	0.0	5820784	0	0	0.005933042	1.2490234375
v6	run1	ssm1@100	1	10	0.004377375	0.004380875	0.0	5820784	0	0	0.005935542	1.2490234375
v6	run1	ssm1@100	1	11	0.004380083	0.00436775	0.0	5820784	0	0	0.005931666	1.2490234375
F	run2	ssm1@100	-1	0	1.3073689937591553	0	0	0	0	0	0	0
F	run2	ssm1@100	0	0	7.6133865	7.612680625	0.193858625	2264929312	8	1	0.005985542	1.22900390625
F	run2	ssm1@100	1	1	0.003985542	0.003987083	0.0	5351712	0	0	0.005981833	1.26708984375
F	run2	ssm1@100	1	2	0.003822083	0.003823166	0.0	5351712	0	0	0.005965875	1.26708984375
F	run2	ssm1@100	1	3	0.003878375	0.003880125	0.0	5351712	0	0	0.005925375	1.26708984375
F	run2	ssm1@100	1	4	0.003916416	0.003917541	0.0	5351712	0	0	0.005870708	1.26708984375
F	run2	ssm1@100	1	5	0.00380575	0.003806916	0.0	5351712	0	0	0.005894875	1.26708984375
F	run2	ssm1@100	1	6	0.00395725	0.003958417	0.0	5351712	0	0	0.005934416	1.26708984375
F	run2	ssm1@100	1	7	0.003783667	0.003784875	0.0	5351712	0	0	0.005969708	1.26708984375
F	run2	ssm1@100	1	8	0.003909292	0.003910708	0.0	5351712	0	0	0.0059335	1.26708984375
F	run2	ssm1@100	1	9	0.003779917	0.003781375	0.0	5351712	0	0	0.005952166	1.26708984375
F	run2	ssm1@100	1	10	0.003881958	0.003882958	0.0	5351712	0	0	0.00595075	1.26708984375
F	run2	ssm1@100	1	11	0.003796042	0.003797459	0.0	5351712	0	0	0.0058935	1.26708984375
v6	run2	ssm1@100	-1	0	1.402757167816162	0	0	0	0	0	0	0
v6	run2	ssm1@100	0	0	6.1563255	6.155743959	0.125792458	1732416496	7	0	0.005924375	1.32568359375
v6	run2	ssm1@100	1	1	0.004538375	0.004540166	0.0	5820784	0	0	0.005958458	1.27490234375
v6	run2	ssm1@100	1	2	0.004417875	0.004419291	0.0	5820784	0	0	0.005947083	1.27490234375
v6	run2	ssm1@100	1	3	0.004471917	0.0044735	0.0	5820784	0	0	0.005915875	1.27490234375
v6	run2	ssm1@100	1	4	0.0043815	0.004382625	0.0	5820784	0	0	0.005983166	1.27490234375
v6	run2	ssm1@100	1	5	0.0045035	0.004504834	0.0	5820784	0	0	0.005927625	1.27490234375
v6	run2	ssm1@100	1	6	0.004355541	0.00435675	0.0	5820784	0	0	0.005948042	1.27490234375
v6	run2	ssm1@100	1	7	0.004319625	0.004321084	0.0	5820784	0	0	0.005941959	1.27490234375
v6	run2	ssm1@100	1	8	0.00447075	0.004472042	0.0	5820784	0	0	0.005869458	1.27490234375
v6	run2	ssm1@100	1	9	0.0043575	0.004359	0.0	5820784	0	0	0.005933875	1.27490234375
v6	run2	ssm1@100	1	10	0.00446175	0.004463792	0.0	5820784	0	0	0.005858791	1.27490234375
v6	run2	ssm1@100	1	11	0.004396667	0.004397541	0.0	5820784	0	0	0.005900166	1.27490234375
FULLT	run2	ssm1@100	-1	0	1.2951469421386719	0	0	0	0	0	0	0
FULLT	run2	ssm1@100	0	0	8.724011	8.723034875	0.204876502	2521992048	10	1	0.005986042	1.23193359375
FULLT	run2	ssm1@100	1	1	0.298991292	0.298757625	0.0	36474672	0	0	0.005843667	1.29296875
FULLT	run2	ssm1@100	1	2	0.033318666	0.033181083	0.0	7521696	0	0	0.005906875	1.29296875
FULLT	run2	ssm1@100	1	3	0.005767375	0.005682291	0.0	6432544	0	0	0.005874459	1.29296875
FULLT	run2	ssm1@100	1	4	0.005626666	0.005541125	0.0	6432544	0	0	0.005932292	1.29296875
FULLT	run2	ssm1@100	1	5	0.005781042	0.005693958	0.0	6432544	0	0	0.005888958	1.29296875
FULLT	run2	ssm1@100	1	6	0.005588	0.005502417	0.0	6432544	0	0	0.005939458	1.29296875
FULLT	run2	ssm1@100	1	7	0.005755833	0.005668	0.0	6432544	0	0	0.005902583	1.29296875
FULLT	run2	ssm1@100	1	8	0.005622042	0.00553325	0.0	6432544	0	0	0.005950209	1.26904296875
FULLT	run2	ssm1@100	1	9	0.005802625	0.005714792	0.0	6432544	0	0	0.005838084	1.26904296875
FULLT	run2	ssm1@100	1	10	0.005648167	0.005561125	0.0	6432544	0	0	0.005904625	1.26904296875
FULLT	run2	ssm1@100	1	11	0.005736	0.005647583	0.0	6432544	0	0	0.005951208	1.26904296875
v6	run3	ssm1@100	-1	0	1.4070568084716797	0	0	0	0	0	0	0
v6	run3	ssm1@100	0	0	6.191704333	6.191135708	0.125466334	1732423760	7	0	0.005938375	1.2470703125
v6	run3	ssm1@100	1	1	0.004540041	0.004541041	0.0	5820784	0	0	0.005947333	1.22705078125
v6	run3	ssm1@100	1	2	0.004373083	0.0043745	0.0	5820784	0	0	0.005936916	1.22705078125
v6	run3	ssm1@100	1	3	0.00436575	0.004366833	0.0	5820784	0	0	0.005945791	1.22705078125
v6	run3	ssm1@100	1	4	0.004319583	0.004320917	0.0	5820784	0	0	0.005942625	1.22705078125
v6	run3	ssm1@100	1	5	0.00447975	0.004481333	0.0	5820784	0	0	0.005940083	1.22705078125
v6	run3	ssm1@100	1	6	0.004347833	0.004349416	0.0	5820784	0	0	0.005934875	1.22705078125
v6	run3	ssm1@100	1	7	0.004473916	0.004475084	0.0	5820784	0	0	0.005945583	1.22705078125
v6	run3	ssm1@100	1	8	0.004399333	0.004401084	0.0	5820784	0	0	0.005955417	1.22705078125
v6	run3	ssm1@100	1	9	0.004510458	0.004511709	0.0	5820784	0	0	0.005901709	1.22705078125
v6	run3	ssm1@100	1	10	0.004505667	0.004506958	0.0	5820784	0	0	0.005871875	1.22705078125
v6	run3	ssm1@100	1	11	0.004393125	0.004394667	0.0	5820784	0	0	0.005944375	1.22705078125
FULLT	run3	ssm1@100	-1	0	1.2960400581359863	0	0	0	0	0	0	0
FULLT	run3	ssm1@100	0	0	8.748503125	8.747520209	0.205128876	2521999072	10	1	0.005842208	1.26513671875
FULLT	run3	ssm1@100	1	1	0.29989875	0.299646	0.0	36474768	0	0	0.005888125	1.44482421875
FULLT	run3	ssm1@100	1	2	0.005853708	0.005736542	0.0	6432880	0	0	0.005931959	1.44482421875
FULLT	run3	ssm1@100	1	3	0.005787125	0.005707584	0.0	6432544	0	0	0.005917584	1.44482421875
FULLT	run3	ssm1@100	1	4	0.005675833	0.005593292	0.0	6432544	0	0	0.005938916	1.44482421875
FULLT	run3	ssm1@100	1	5	0.0056935	0.005611334	0.0	6432544	0	0	0.005940666	1.44482421875
FULLT	run3	ssm1@100	1	6	0.033559208	0.033435875	0.0	7518384	0	0	0.005943791	1.44482421875
FULLT	run3	ssm1@100	1	7	0.00572425	0.005646792	0.0	6432544	0	0	0.005886917	1.44482421875
FULLT	run3	ssm1@100	1	8	0.005636708	0.005552542	0.0	6432544	0	0	0.005964041	1.44482421875
FULLT	run3	ssm1@100	1	9	0.0057925	0.005705167	0.0	6432544	0	0	0.005850542	1.44482421875
FULLT	run3	ssm1@100	1	10	0.005622125	0.005538167	0.0	6432544	0	0	0.005903125	1.44482421875
FULLT	run3	ssm1@100	1	11	0.0056465	0.005559792	0.0	6432544	0	0	0.005924334	1.44482421875
F	run3	ssm1@100	-1	0	1.2975819110870361	0	0	0	0	0	0	0
F	run3	ssm1@100	0	0	7.618957042	7.618245041	0.193036541	2264852608	8	1	0.005935584	1.4091796875
F	run3	ssm1@100	1	1	0.003957792	0.003959375	0.0	5351712	0	0	0.005941792	1.505859375
F	run3	ssm1@100	1	2	0.003926333	0.0039275	0.0	5351712	0	0	0.005902041	1.505859375
F	run3	ssm1@100	1	3	0.003795209	0.003796417	0.0	5351712	0	0	0.005903209	1.505859375
F	run3	ssm1@100	1	4	0.003904875	0.003906208	0.0	5351712	0	0	0.005915125	1.505859375
F	run3	ssm1@100	1	5	0.003866417	0.0038685	0.0	5351712	0	0	0.005857208	1.505859375
F	run3	ssm1@100	1	6	0.003816208	0.00381725	0.0	5351712	0	0	0.005977292	1.505859375
F	run3	ssm1@100	1	7	0.0038025	0.003803666	0.0	5351712	0	0	0.005953333	1.505859375
F	run3	ssm1@100	1	8	0.003724042	0.003725083	0.0	5351712	0	0	0.005946917	1.505859375
F	run3	ssm1@100	1	9	0.003779709	0.003780375	0.0	5351712	0	0	0.005919125	1.505859375
F	run3	ssm1@100	1	10	0.003836833	0.00383775	0.0	5351712	0	0	0.00586025	1.505859375
F	run3	ssm1@100	1	11	0.00379975	0.003801417	0.0	5351712	0	0	0.005953167	1.505859375
FULLT	run4	ssm1@100	-1	0	1.294778823852539	0	0	0	0	0	0	0
FULLT	run4	ssm1@100	0	0	8.745494458	8.744512041	0.205353874	2521989888	10	1	0.005991042	1.50146484375
FULLT	run4	ssm1@100	1	1	0.298738041	0.298504167	0.0	36474672	0	0	0.005959542	1.423828125
FULLT	run4	ssm1@100	1	2	0.033394625	0.033237334	0.0	7520784	0	0	0.005887417	1.423828125
FULLT	run4	ssm1@100	1	3	0.005677833	0.005591667	0.0	6432544	0	0	0.005939875	1.423828125
FULLT	run4	ssm1@100	1	4	0.005720792	0.0056355	0.0	6432544	0	0	0.005933291	1.423828125
FULLT	run4	ssm1@100	1	5	0.005692292	0.005607208	0.0	6432544	0	0	0.005894875	1.423828125
FULLT	run4	ssm1@100	1	6	0.005799833	0.005715833	0.0	6432544	0	0	0.005971375	1.423828125
FULLT	run4	ssm1@100	1	7	0.005605	0.005523709	0.0	6432544	0	0	0.005944875	1.423828125
FULLT	run4	ssm1@100	1	8	0.005731708	0.005644125	0.0	6432544	0	0	0.005930042	1.423828125
FULLT	run4	ssm1@100	1	9	0.0055835	0.005500792	0.0	6432544	0	0	0.005948334	1.423828125
FULLT	run4	ssm1@100	1	10	0.005628792	0.005545084	0.0	6432544	0	0	0.005941042	1.423828125
FULLT	run4	ssm1@100	1	11	0.005577167	0.005489417	0.0	6432544	0	0	0.005930709	1.423828125
F	run4	ssm1@100	-1	0	1.2987120151519775	0	0	0	0	0	0	0
F	run4	ssm1@100	0	0	7.620906458	7.620193083	0.193596209	2264966320	8	1	0.005915625	1.3896484375
F	run4	ssm1@100	1	1	0.004053125	0.004054833	0.0	5351712	0	0	0.006087125	1.4765625
F	run4	ssm1@100	1	2	0.003936708	0.003938167	0.0	5351712	0	0	0.005866459	1.4765625
F	run4	ssm1@100	1	3	0.00382825	0.0038295	0.0	5351712	0	0	0.005944875	1.4765625
F	run4	ssm1@100	1	4	0.003906416	0.00391025	0.0	5351712	0	0	0.005914	1.4765625
F	run4	ssm1@100	1	5	0.003807833	0.003809625	0.0	5351712	0	0	0.00595175	1.4765625
F	run4	ssm1@100	1	6	0.003905	0.003906458	0.0	5351712	0	0	0.005894458	1.4765625
F	run4	ssm1@100	1	7	0.003887709	0.003888833	0.0	5351712	0	0	0.005882458	1.4765625
F	run4	ssm1@100	1	8	0.003849042	0.003850333	0.0	5351712	0	0	0.005921209	1.4765625
F	run4	ssm1@100	1	9	0.00374025	0.00374575	0.0	5351712	0	0	0.005927458	1.4765625
F	run4	ssm1@100	1	10	0.003747166	0.003748542	0.0	5351712	0	0	0.005933417	1.4765625
F	run4	ssm1@100	1	11	0.003782417	0.00378375	0.0	5351712	0	0	0.005937333	1.4765625
v6	run4	ssm1@100	-1	0	1.4028940200805664	0	0	0	0	0	0	0
v6	run4	ssm1@100	0	0	6.156983792	6.1563755	0.123532499	1732413360	7	0	0.005888584	1.43798828125
v6	run4	ssm1@100	1	1	0.004595833	0.0046	0.0	5820784	0	0	0.005974	1.3701171875
v6	run4	ssm1@100	1	2	0.004528125	0.004529625	0.0	5820784	0	0	0.005900166	1.3701171875
v6	run4	ssm1@100	1	3	0.004404208	0.004405291	0.0	5820784	0	0	0.005921917	1.3701171875
v6	run4	ssm1@100	1	4	0.004493792	0.004495166	0.0	5820784	0	0	0.005941833	1.3701171875
v6	run4	ssm1@100	1	5	0.004425583	0.004426958	0.0	5820784	0	0	0.005959792	1.3701171875
v6	run4	ssm1@100	1	6	0.004394833	0.004395958	0.0	5820784	0	0	0.005977916	1.3701171875
v6	run4	ssm1@100	1	7	0.004554792	0.004556167	0.0	5820784	0	0	0.00592575	1.3701171875
v6	run4	ssm1@100	1	8	0.004406583	0.004408	0.0	5820784	0	0	0.005976709	1.3701171875
v6	run4	ssm1@100	1	9	0.004520334	0.0045215	0.0	5820784	0	0	0.005897375	1.3701171875
v6	run4	ssm1@100	1	10	0.004408916	0.00439825	0.0	5820784	0	0	0.005930292	1.3701171875
v6	run4	ssm1@100	1	11	0.004472291	0.004472792	0.0	5820784	0	0	0.005972667	1.3701171875
F	run5	ssm1@100	-1	0	1.3010540008544922	0	0	0	0	0	0	0
F	run5	ssm1@100	0	0	7.621251334	7.620522666	0.193595459	2264897584	8	1	0.005990459	1.34033203125
F	run5	ssm1@100	1	1	0.00391025	0.0039145	0.0	5351712	0	0	0.005931042	1.28759765625
F	run5	ssm1@100	1	2	0.003810375	0.003811917	0.0	5351712	0	0	0.005945291	1.28759765625
F	run5	ssm1@100	1	3	0.003888333	0.003894834	0.0	5351712	0	0	0.005897	1.28759765625
F	run5	ssm1@100	1	4	0.003896917	0.003898084	0.0	5351712	0	0	0.005971417	1.28759765625
F	run5	ssm1@100	1	5	0.003765875	0.003767708	0.0	5351712	0	0	0.005946375	1.28759765625
F	run5	ssm1@100	1	6	0.00374	0.003741167	0.0	5351712	0	0	0.005942708	1.28759765625
F	run5	ssm1@100	1	7	0.00383125	0.003822291	0.0	5351712	0	0	0.005933459	1.28759765625
F	run5	ssm1@100	1	8	0.003865167	0.003866667	0.0	5351712	0	0	0.005925875	1.28759765625
F	run5	ssm1@100	1	9	0.003885334	0.003887125	0.0	5351712	0	0	0.005831125	1.28759765625
F	run5	ssm1@100	1	10	0.003786916	0.0037885	0.0	5351712	0	0	0.005894834	1.28759765625
F	run5	ssm1@100	1	11	0.003791292	0.003792667	0.0	5351712	0	0	0.0058695	1.28759765625
v6	run5	ssm1@100	-1	0	1.4036588668823242	0	0	0	0	0	0	0
v6	run5	ssm1@100	0	0	6.154631125	6.154043	0.123292541	1732405168	7	0	0.005937	1.24267578125
v6	run5	ssm1@100	1	1	0.004562167	0.004566208	0.0	5820784	0	0	0.005993375	1.22314453125
v6	run5	ssm1@100	1	2	0.004417875	0.004418917	0.0	5820784	0	0	0.005945334	1.22314453125
v6	run5	ssm1@100	1	3	0.004513375	0.004514458	0.0	5820784	0	0	0.00593825	1.22314453125
v6	run5	ssm1@100	1	4	0.004380416	0.004381125	0.0	5820784	0	0	0.005990542	1.22314453125
v6	run5	ssm1@100	1	5	0.004537833	0.004541417	0.0	5820784	0	0	0.005931208	1.22314453125
v6	run5	ssm1@100	1	6	0.004441542	0.004442917	0.0	5820784	0	0	0.005969541	1.22314453125
v6	run5	ssm1@100	1	7	0.004401958	0.00440525	0.0	5820784	0	0	0.005974834	1.22314453125
v6	run5	ssm1@100	1	8	0.004523417	0.004525208	0.0	5820784	0	0	0.005888708	1.22314453125
v6	run5	ssm1@100	1	9	0.004416	0.004417084	0.0	5820784	0	0	0.005924583	1.22314453125
v6	run5	ssm1@100	1	10	0.004493375	0.004494917	0.0	5820784	0	0	0.005866541	1.22314453125
v6	run5	ssm1@100	1	11	0.00439975	0.004400834	0.0	5820784	0	0	0.005936958	1.22314453125
FULLT	run5	ssm1@100	-1	0	1.3010761737823486	0	0	0	0	0	0	0
FULLT	run5	ssm1@100	0	0	8.733692959	8.73268725	0.206794086	2522011024	10	1	0.005925625	1.2685546875
FULLT	run5	ssm1@100	1	1	0.299717292	0.299431625	0.0	36474816	0	0	0.0059465	1.306640625
FULLT	run5	ssm1@100	1	2	0.033176292	0.033038083	0.0	7520592	0	0	0.005896375	1.306640625
FULLT	run5	ssm1@100	1	3	0.005734667	0.005648708	0.0	6432544	0	0	0.005915125	1.306640625
FULLT	run5	ssm1@100	1	4	0.005767375	0.005683333	0.0	6432544	0	0	0.005928542	1.306640625
FULLT	run5	ssm1@100	1	5	0.005656166	0.005573959	0.0	6432544	0	0	0.00595525	1.306640625
FULLT	run5	ssm1@100	1	6	0.005675458	0.005590292	0.0	6432544	0	0	0.005931375	1.306640625
FULLT	run5	ssm1@100	1	7	0.005720084	0.005635959	0.0	6432544	0	0	0.005942167	1.306640625
FULLT	run5	ssm1@100	1	8	0.005583708	0.005497125	0.0	6432544	0	0	0.005957541	1.306640625
FULLT	run5	ssm1@100	1	9	0.005736334	0.005649792	0.0	6432544	0	0	0.005889458	1.306640625
FULLT	run5	ssm1@100	1	10	0.005576042	0.005491958	0.0	6432544	0	0	0.00593175	1.306640625
FULLT	run5	ssm1@100	1	11	0.005558042	0.005470333	0.0	6432544	0	0	0.005940167	1.306640625
FULLT	run1	ssm1@10000	-1	0	1.2897140979766846	0	0	0	0	0	0	0
FULLT	run1	ssm1@10000	0	0	10.322210458	10.301362833	0.645514917	3199151536	9	2	0.00597225	1.28173828125
FULLT	run1	ssm1@10000	1	1	0.745870041	0.726128333	0.102032333	650242176	1	0	0.005936416	1.3115234375
FULLT	run1	ssm1@10000	1	2	0.791832542	0.772013917	0.142015917	650242176	1	0	0.005839333	1.3662109375
FULLT	run1	ssm1@10000	1	3	0.793776584	0.773913458	0.149714125	650242176	1	0	0.005934209	1.3662109375
FULLT	run1	ssm1@10000	1	4	0.792190167	0.772380542	0.150891458	650242176	1	0	0.005938708	1.3662109375
FULLT	run1	ssm1@10000	1	5	0.788465875	0.768571625	0.148478666	650242176	1	0	0.005931667	1.3662109375
FULLT	run1	ssm1@10000	1	6	0.791035291	0.771043291	0.149889917	650242176	1	0	0.005953667	1.3662109375
FULLT	run1	ssm1@10000	1	7	0.79141475	0.771472125	0.148872583	650242176	1	0	0.005906042	1.3662109375
FULLT	run1	ssm1@10000	1	8	0.796404416	0.77658675	0.150112541	650242176	1	0	0.005915583	1.33642578125
FULLT	run1	ssm1@10000	1	9	0.794939791	0.774966042	0.149431084	650242176	1	0	0.005937	1.33642578125
FULLT	run1	ssm1@10000	1	10	0.793043667	0.773229292	0.150348917	650242176	1	0	0.0059285	1.33642578125
FULLT	run1	ssm1@10000	1	11	0.792541125	0.772599	0.150243792	650242176	1	0	0.005952166	1.33642578125
F	run1	ssm1@10000	-1	0	1.2981200218200684	0	0	0	0	0	0	0
F	run1	ssm1@10000	0	0	10.270203291	10.263472125	0.625260206	3291617824	9	2	0.0058655	1.26123046875
F	run1	ssm1@10000	1	1	0.445799459	0.44024575	0.0	542486736	0	0	0.005962959	1.220703125
F	run1	ssm1@10000	1	2	0.586229584	0.580609667	0.141570792	542486736	1	0	0.0059405	1.220703125
F	run1	ssm1@10000	1	3	0.443964541	0.4383985	0.0	542486736	0	0	0.005921917	1.220703125
F	run1	ssm1@10000	1	4	0.441942292	0.43641725	0.0	542486736	0	0	0.005907833	1.220703125
F	run1	ssm1@10000	1	5	0.443254666	0.437636666	0.0	542486736	0	0	0.005845666	1.220703125
F	run1	ssm1@10000	1	6	0.442424667	0.4367995	0.0	542486736	0	0	0.005955458	1.220703125
F	run1	ssm1@10000	1	7	0.441655709	0.4360395	0.0	542486736	0	0	0.005933041	1.220703125
F	run1	ssm1@10000	1	8	0.443452875	0.437930459	0.0	542486736	0	0	0.005961208	1.220703125
F	run1	ssm1@10000	1	9	0.440771959	0.435173959	0.0	542486736	0	0	0.005896291	1.20263671875
F	run1	ssm1@10000	1	10	0.442060375	0.436485583	0.0	542486736	0	0	0.005934334	1.20263671875
F	run1	ssm1@10000	1	11	0.442628167	0.43702425	0.0	542486736	0	0	0.005946834	1.20263671875
v6	run1	ssm1@10000	-1	0	1.4039361476898193	0	0	0	0	0	0	0
v6	run1	ssm1@10000	0	0	8.919646041	8.913005166	0.674179126	2704488624	9	3	0.00594525	1.1708984375
v6	run1	ssm1@10000	1	1	0.497347708	0.491766334	0.0	590427264	0	0	0.005976125	1.2177734375
v6	run1	ssm1@10000	1	2	0.639108	0.633614792	0.144526792	590427264	1	0	0.005951292	1.2177734375
v6	run1	ssm1@10000	1	3	0.652445542	0.646898334	0.153646333	590427264	1	0	0.005929125	1.2177734375
v6	run1	ssm1@10000	1	4	0.653233	0.647620833	0.156000125	590427264	1	0	0.005937625	1.2177734375
v6	run1	ssm1@10000	1	5	0.649608125	0.643961708	0.15443375	590427264	1	0	0.005939959	1.2177734375
v6	run1	ssm1@10000	1	6	0.6533875	0.647817625	0.155172375	590427264	1	0	0.005989541	1.2177734375
v6	run1	ssm1@10000	1	7	0.650723375	0.645054458	0.155176375	590427264	1	0	0.005936417	1.2001953125
v6	run1	ssm1@10000	1	8	0.650726083	0.645129458	0.154177834	590427264	1	0	0.005926416	1.2001953125
v6	run1	ssm1@10000	1	9	0.651035667	0.645509875	0.155123875	590427264	1	0	0.005931541	1.2001953125
v6	run1	ssm1@10000	1	10	0.651202417	0.645585666	0.154804792	590427264	1	0	0.005894584	1.2001953125
v6	run1	ssm1@10000	1	11	0.652326708	0.646741792	0.155691166	590427264	1	0	0.005900167	1.2001953125
F	run2	ssm1@10000	-1	0	1.293576955795288	0	0	0	0	0	0	0
F	run2	ssm1@10000	0	0	10.279858042	10.273070333	0.637403	3291550800	10	2	0.005994625	1.1689453125
F	run2	ssm1@10000	1	1	0.559173625	0.553510292	0.120400875	542486736	1	0	0.005933875	1.2109375
F	run2	ssm1@10000	1	2	0.44131875	0.43568825	0.0	542486736	0	0	0.00591625	1.2109375
F	run2	ssm1@10000	1	3	0.440016917	0.434365292	0.0	542486736	0	0	0.005949875	1.2109375
F	run2	ssm1@10000	1	4	0.441691708	0.436026875	0.0	542486736	0	0	0.005932959	1.2109375
F	run2	ssm1@10000	1	5	0.438560208	0.4329835	0.0	542486736	0	0	0.005847125	1.2109375
F	run2	ssm1@10000	1	6	0.440294875	0.434709209	0.0	542486736	0	0	0.005928583	1.2109375
F	run2	ssm1@10000	1	7	0.437438792	0.431845333	0.0	542486736	0	0	0.005948708	1.2109375
F	run2	ssm1@10000	1	8	0.439662	0.4340085	0.0	542486736	0	0	0.005949416	1.2109375
F	run2	ssm1@10000	1	9	0.440128209	0.434572167	0.0	542486736	0	0	0.005942208	1.2109375
F	run2	ssm1@10000	1	10	0.439415958	0.433803833	0.0	542486736	0	0	0.005962333	1.19384765625
F	run2	ssm1@10000	1	11	0.43745875	0.431917833	0.0	542486736	0	0	0.005918958	1.19384765625
v6	run2	ssm1@10000	-1	0	1.4041149616241455	0	0	0	0	0	0	0
v6	run2	ssm1@10000	0	0	8.906229584	8.899540209	0.680265334	2704493840	9	3	0.005976084	1.16357421875
v6	run2	ssm1@10000	1	1	0.498564917	0.493010917	0.0	590427264	0	0	0.005888166	1.13818359375
v6	run2	ssm1@10000	1	2	0.641060875	0.635403542	0.145060833	590427264	1	0	0.005939584	1.13818359375
v6	run2	ssm1@10000	1	3	0.650584583	0.644972417	0.152860208	590427264	1	0	0.005924834	1.13818359375
v6	run2	ssm1@10000	1	4	0.64962825	0.644094583	0.153421875	590427264	1	0	0.005973	1.13818359375
v6	run2	ssm1@10000	1	5	0.653874334	0.648331458	0.154458875	590427264	1	0	0.00595875	1.13818359375
v6	run2	ssm1@10000	1	6	0.649887291	0.644271792	0.15247025	590427264	1	0	0.0059685	1.13818359375
v6	run2	ssm1@10000	1	7	0.652099417	0.646491791	0.153322375	590427264	1	0	0.005972208	1.13818359375
v6	run2	ssm1@10000	1	8	0.652967292	0.647432625	0.153540333	590427264	1	0	0.005978958	1.126953125
v6	run2	ssm1@10000	1	9	0.653361667	0.647767125	0.153625334	590427264	1	0	0.005945417	1.126953125
v6	run2	ssm1@10000	1	10	0.65181875	0.646167334	0.154501417	590427264	1	0	0.0059675	1.126953125
v6	run2	ssm1@10000	1	11	0.652129583	0.646508042	0.154093292	590427264	1	0	0.005890875	1.126953125
FULLT	run2	ssm1@10000	-1	0	1.2952160835266113	0	0	0	0	0	0	0
FULLT	run2	ssm1@10000	0	0	10.386025459	10.364843708	0.717572042	3199161024	10	2	0.005971542	1.10693359375
FULLT	run2	ssm1@10000	1	1	0.728075625	0.70829275	0.100342042	650242176	1	0	0.005905125	1.08251953125
FULLT	run2	ssm1@10000	1	2	0.762178375	0.74236225	0.135205083	650242176	1	0	0.005902584	1.08251953125
FULLT	run2	ssm1@10000	1	3	0.776315417	0.756433833	0.146177875	650242176	1	0	0.005868709	1.08251953125
FULLT	run2	ssm1@10000	1	4	0.776401875	0.756652333	0.145027417	650242176	1	0	0.005862167	1.08251953125
FULLT	run2	ssm1@10000	1	5	0.778425625	0.758510417	0.145229709	650242176	1	0	0.0059035	1.08251953125
FULLT	run2	ssm1@10000	1	6	0.777383459	0.757516625	0.145225833	650242176	1	0	0.005932458	1.08251953125
FULLT	run2	ssm1@10000	1	7	0.782750041	0.762930167	0.147904208	650242176	1	0	0.005903459	1.07568359375
FULLT	run2	ssm1@10000	1	8	0.779544708	0.759786625	0.147804042	650242176	1	0	0.005927958	1.07568359375
FULLT	run2	ssm1@10000	1	9	0.781499	0.761487375	0.14699625	650242176	1	0	0.005870458	1.07568359375
FULLT	run2	ssm1@10000	1	10	0.778384375	0.758634208	0.146024375	650242176	1	0	0.005929541	1.07568359375
FULLT	run2	ssm1@10000	1	11	0.779866292	0.760119125	0.146921417	650242176	1	0	0.005952833	1.07568359375
v6	run3	ssm1@10000	-1	0	1.4019429683685303	0	0	0	0	0	0	0
v6	run3	ssm1@10000	0	0	8.914074042	8.907523958	0.675590585	2704491104	9	3	0.00597475	1.05810546875
v6	run3	ssm1@10000	1	1	0.494138292	0.488631292	0.0	590427264	0	0	0.005916916	1.05322265625
v6	run3	ssm1@10000	1	2	0.636954791	0.631320833	0.144518542	590427264	1	0	0.005871875	1.048828125
v6	run3	ssm1@10000	1	3	0.650731334	0.6450745	0.154250834	590427264	1	0	0.005929958	1.048828125
v6	run3	ssm1@10000	1	4	0.649209334	0.643670417	0.153972375	590427264	1	0	0.005902959	1.048828125
v6	run3	ssm1@10000	1	5	0.6537495	0.64816225	0.154901917	590427264	1	0	0.005976125	1.048828125
v6	run3	ssm1@10000	1	6	0.64865175	0.643085875	0.15438825	590427264	1	0	0.005958667	1.048828125
v6	run3	ssm1@10000	1	7	0.649423542	0.643868875	0.154161583	590427264	1	0	0.005969333	1.048828125
v6	run3	ssm1@10000	1	8	0.651540125	0.64592825	0.155285791	590427264	1	0	0.005967625	1.048828125
v6	run3	ssm1@10000	1	9	0.649522875	0.643935291	0.155379125	590427264	1	0	0.005937583	1.04443359375
v6	run3	ssm1@10000	1	10	0.648577417	0.643042208	0.15447775	590427264	1	0	0.005967583	1.04443359375
v6	run3	ssm1@10000	1	11	0.648802083	0.643185875	0.154262791	590427264	1	0	0.005891958	1.04443359375
FULLT	run3	ssm1@10000	-1	0	1.2972171306610107	0	0	0	0	0	0	0
FULLT	run3	ssm1@10000	0	0	10.387411584	10.366460042	0.709686959	3198928016	10	2	0.005893166	1.037109375
FULLT	run3	ssm1@10000	1	1	0.735235792	0.715548792	0.101565292	650242176	1	0	0.005900667	1.11083984375
FULLT	run3	ssm1@10000	1	2	0.776815166	0.757155875	0.137950542	650242176	1	0	0.005938625	1.11083984375
FULLT	run3	ssm1@10000	1	3	0.784406041	0.764365625	0.145909084	650242176	1	0	0.00586175	1.1015625
FULLT	run3	ssm1@10000	1	4	0.785248208	0.765282375	0.14608425	650242176	1	0	0.005934958	1.1015625
FULLT	run3	ssm1@10000	1	5	0.78466875	0.76496975	0.146513709	650242176	1	0	0.005933208	1.1015625
FULLT	run3	ssm1@10000	1	6	0.784597083	0.7648465	0.146650875	650242176	1	0	0.005912416	1.1015625
FULLT	run3	ssm1@10000	1	7	0.784028709	0.763987333	0.14538275	650242176	1	0	0.005928292	1.1015625
FULLT	run3	ssm1@10000	1	8	0.783748542	0.764062417	0.145672042	650242176	1	0	0.00597125	1.1015625
FULLT	run3	ssm1@10000	1	9	0.785903875	0.766116208	0.146499167	650242176	1	0	0.005935625	1.09326171875
FULLT	run3	ssm1@10000	1	10	0.785370583	0.765402834	0.146467125	650242176	1	0	0.005944208	1.09326171875
FULLT	run3	ssm1@10000	1	11	0.7869475	0.767188375	0.146988958	650242176	1	0	0.005895667	1.09326171875
F	run3	ssm1@10000	-1	0	1.3021759986877441	0	0	0	0	0	0	0
F	run3	ssm1@10000	0	0	10.2915645	10.284867291	0.652565042	3291576400	10	2	0.005839916	1.15185546875
F	run3	ssm1@10000	1	1	0.553155083	0.547590542	0.116386333	542486736	1	0	0.005922709	1.11767578125
F	run3	ssm1@10000	1	2	0.442535709	0.436963959	0.0	542486736	0	0	0.005967834	1.11767578125
F	run3	ssm1@10000	1	3	0.441562792	0.43599675	0.0	542486736	0	0	0.005935792	1.11767578125
F	run3	ssm1@10000	1	4	0.44083125	0.435242791	0.0	542486736	0	0	0.005944125	1.11767578125
F	run3	ssm1@10000	1	5	0.44164375	0.436023958	0.0	542486736	0	0	0.005901334	1.11767578125
F	run3	ssm1@10000	1	6	0.443207625	0.437595292	0.0	542486736	0	0	0.005950125	1.11767578125
F	run3	ssm1@10000	1	7	0.441828	0.436290833	0.0	542486736	0	0	0.005952416	1.11767578125
F	run3	ssm1@10000	1	8	0.441973542	0.436394166	0.0	542486736	0	0	0.00594325	1.11767578125
F	run3	ssm1@10000	1	9	0.443019834	0.437340917	0.0	542486736	0	0	0.005943875	1.11767578125
F	run3	ssm1@10000	1	10	0.4419595	0.436315167	0.0	542486736	0	0	0.005927667	1.26806640625
F	run3	ssm1@10000	1	11	0.442633	0.437069417	0.0	542486736	0	0	0.005877125	1.26806640625
FULLT	run4	ssm1@10000	-1	0	1.2948520183563232	0	0	0	0	0	0	0
FULLT	run4	ssm1@10000	0	0	10.421794542	10.400661708	0.717401749	3199148240	10	2	0.005942958	1.30029296875
FULLT	run4	ssm1@10000	1	1	0.734738917	0.714982834	0.100459375	650242176	1	0	0.005895416	1.25341796875
FULLT	run4	ssm1@10000	1	2	0.770686459	0.750875709	0.133142791	650242176	1	0	0.005944083	1.25341796875
FULLT	run4	ssm1@10000	1	3	0.781367125	0.761593916	0.143152959	650242176	1	0	0.005920958	1.25341796875
FULLT	run4	ssm1@10000	1	4	0.786390916	0.766702708	0.143406917	650242176	1	0	0.005936875	1.23291015625
FULLT	run4	ssm1@10000	1	5	0.785316334	0.765450084	0.1454	650242176	1	0	0.005930875	1.23291015625
FULLT	run4	ssm1@10000	1	6	0.785295667	0.765576208	0.145553125	650242176	1	0	0.00597825	1.23291015625
FULLT	run4	ssm1@10000	1	7	0.786605583	0.76656725	0.144114541	650242176	1	0	0.005897708	1.23291015625
FULLT	run4	ssm1@10000	1	8	0.785124125	0.76541375	0.144553917	650242176	1	0	0.005963833	1.23291015625
FULLT	run4	ssm1@10000	1	9	0.788455	0.768533458	0.144861084	650242176	1	0	0.005944792	1.23291015625
FULLT	run4	ssm1@10000	1	10	0.787451875	0.767277167	0.144479833	650242176	1	0	0.005946125	1.2138671875
FULLT	run4	ssm1@10000	1	11	0.786471375	0.7667035	0.144825916	650242176	1	0	0.005976667	1.2138671875
F	run4	ssm1@10000	-1	0	1.2917590141296387	0	0	0	0	0	0	0
F	run4	ssm1@10000	0	0	10.279345791	10.272592292	0.651734707	3291632624	10	2	0.005897041	1.18017578125
F	run4	ssm1@10000	1	1	0.550197792	0.544611125	0.116955625	542486736	1	0	0.005918583	1.15185546875
F	run4	ssm1@10000	1	2	0.438870833	0.433245458	0.0	542486736	0	0	0.005967041	1.15185546875
F	run4	ssm1@10000	1	3	0.438167292	0.432575584	0.0	542486736	0	0	0.00595075	1.1396484375
F	run4	ssm1@10000	1	4	0.439867125	0.43422275	0.0	542486736	0	0	0.005870834	1.1396484375
F	run4	ssm1@10000	1	5	0.43733625	0.431736792	0.0	542486736	0	0	0.005926875	1.1396484375
F	run4	ssm1@10000	1	6	0.439428667	0.433809125	0.0	542486736	0	0	0.005925916	1.1396484375
F	run4	ssm1@10000	1	7	0.438328917	0.432759125	0.0	542486736	0	0	0.005935917	1.1396484375
F	run4	ssm1@10000	1	8	0.4384175	0.43278375	0.0	542486736	0	0	0.006109959	1.1396484375
F	run4	ssm1@10000	1	9	0.438074625	0.432536666	0.0	542486736	0	0	0.005936916	1.1396484375
F	run4	ssm1@10000	1	10	0.440318334	0.434700041	0.0	542486736	0	0	0.005880916	1.1396484375
F	run4	ssm1@10000	1	11	0.439567416	0.433954	0.0	542486736	0	0	0.005938625	1.1396484375
v6	run4	ssm1@10000	-1	0	1.4067418575286865	0	0	0	0	0	0	0
v6	run4	ssm1@10000	0	0	8.931677125	8.925049042	0.671542083	2704505600	9	3	0.005961792	1.19140625
v6	run4	ssm1@10000	1	1	0.498743958	0.493206458	0.0	590427264	0	0	0.005982458	1.2353515625
v6	run4	ssm1@10000	1	2	0.643363292	0.637781125	0.144995375	590427264	1	0	0.005929458	1.2353515625
v6	run4	ssm1@10000	1	3	0.652779875	0.647251959	0.154253	590427264	1	0	0.005924125	1.29638671875
v6	run4	ssm1@10000	1	4	0.654615167	0.648939583	0.153789292	590427264	1	0	0.0059395	1.29638671875
v6	run4	ssm1@10000	1	5	0.655751541	0.650183208	0.155069833	590427264	1	0	0.00596925	1.29638671875
v6	run4	ssm1@10000	1	6	0.651038958	0.645488667	0.153145334	590427264	1	0	0.0059955	1.29638671875
v6	run4	ssm1@10000	1	7	0.654963541	0.649400583	0.155242333	590427264	1	0	0.005933167	1.29638671875
v6	run4	ssm1@10000	1	8	0.652532042	0.646943791	0.153643417	590427264	1	0	0.005890834	1.29638671875
v6	run4	ssm1@10000	1	9	0.651176208	0.645562209	0.15350125	590427264	1	0	0.00592425	1.29638671875
v6	run4	ssm1@10000	1	10	0.653867125	0.64826175	0.153728209	590427264	1	0	0.00595875	1.2724609375
v6	run4	ssm1@10000	1	11	0.652327834	0.646802292	0.153991083	590427264	1	0	0.005923375	1.2724609375
F	run5	ssm1@10000	-1	0	1.2973730564117432	0	0	0	0	0	0	0
F	run5	ssm1@10000	0	0	10.312244375	10.305479375	0.649175875	3291620128	10	2	0.0059335	1.15673828125
F	run5	ssm1@10000	1	1	0.556849334	0.551294958	0.11595	542486736	1	0	0.005965208	1.2060546875
F	run5	ssm1@10000	1	2	0.444661959	0.439136709	0.0	542486736	0	0	0.005957	1.2060546875
F	run5	ssm1@10000	1	3	0.444105875	0.438497333	0.0	542486736	0	0	0.005917042	1.2060546875
F	run5	ssm1@10000	1	4	0.444980291	0.439467375	0.0	542486736	0	0	0.005936083	1.26953125
F	run5	ssm1@10000	1	5	0.442763542	0.437240333	0.0	542486736	0	0	0.005900666	1.26953125
F	run5	ssm1@10000	1	6	0.445879917	0.440319542	0.0	542486736	0	0	0.005967041	1.26953125
F	run5	ssm1@10000	1	7	0.443994417	0.43843125	0.0	542486736	0	0	0.005979208	1.26953125
F	run5	ssm1@10000	1	8	0.444898375	0.43934775	0.0	542486736	0	0	0.005904292	1.26953125
F	run5	ssm1@10000	1	9	0.442960041	0.437428417	0.0	542486736	0	0	0.00594725	1.26953125
F	run5	ssm1@10000	1	10	0.4443825	0.438775666	0.0	542486736	0	0	0.005876667	1.26953125
F	run5	ssm1@10000	1	11	0.443646417	0.438019792	0.0	542486736	0	0	0.005905292	1.26953125
v6	run5	ssm1@10000	-1	0	1.398710012435913	0	0	0	0	0	0	0
v6	run5	ssm1@10000	0	0	8.921058958	8.914492167	0.678019584	2704540048	9	3	0.005897208	1.4677734375
v6	run5	ssm1@10000	1	1	0.500760209	0.495149458	0.0	590427264	0	0	0.005984791	1.4755859375
v6	run5	ssm1@10000	1	2	0.64430175	0.638751541	0.145148458	590427264	1	0	0.005924792	1.4755859375
v6	run5	ssm1@10000	1	3	0.651335959	0.645715208	0.154799958	590427264	1	0	0.005901291	1.4375
v6	run5	ssm1@10000	1	4	0.652268833	0.646719458	0.153779042	590427264	1	0	0.005926	1.4375
v6	run5	ssm1@10000	1	5	0.651305958	0.645693667	0.154977125	590427264	1	0	0.005928875	1.4375
v6	run5	ssm1@10000	1	6	0.652278833	0.646688791	0.153248125	590427264	1	0	0.00589075	1.4375
v6	run5	ssm1@10000	1	7	0.653113375	0.647489375	0.153491875	590427264	1	0	0.005952708	1.4375
v6	run5	ssm1@10000	1	8	0.654104375	0.648524375	0.15405325	590427264	1	0	0.005928209	1.4375
v6	run5	ssm1@10000	1	9	0.652858041	0.647223166	0.15399625	590427264	1	0	0.005937833	1.4375
v6	run5	ssm1@10000	1	10	0.653936291	0.648336334	0.154119958	590427264	1	0	0.005972916	1.40234375
v6	run5	ssm1@10000	1	11	0.653875125	0.648286958	0.155852416	590427264	1	0	0.005927166	1.40234375
FULLT	run5	ssm1@10000	-1	0	1.2990729808807373	0	0	0	0	0	0	0
FULLT	run5	ssm1@10000	0	0	10.422567292	10.401648417	0.715820707	3199171536	10	2	0.005957916	1.34033203125
FULLT	run5	ssm1@10000	1	1	0.734523375	0.714675125	0.099614791	650242176	1	0	0.005966583	1.28759765625
FULLT	run5	ssm1@10000	1	2	0.765299792	0.74531325	0.1282335	650242176	1	0	0.005921417	1.28759765625
FULLT	run5	ssm1@10000	1	3	0.78332125	0.76328725	0.141081958	650242176	1	0	0.005936292	1.28759765625
FULLT	run5	ssm1@10000	1	4	0.792170833	0.772506167	0.144012708	650242176	1	0	0.005947375	1.26416015625
FULLT	run5	ssm1@10000	1	5	0.782336834	0.762596291	0.141591208	650242176	1	0	0.005912958	1.26416015625
FULLT	run5	ssm1@10000	1	6	0.782027375	0.762179833	0.142926708	650242176	1	0	0.005933375	1.26416015625
FULLT	run5	ssm1@10000	1	7	0.785700959	0.766037084	0.144295208	650242176	1	0	0.005945333	1.26416015625
FULLT	run5	ssm1@10000	1	8	0.788961667	0.768794833	0.143246708	650242176	1	0	0.005928875	1.26416015625
FULLT	run5	ssm1@10000	1	9	0.783307375	0.763427458	0.145305583	650242176	1	0	0.005970375	1.26416015625
FULLT	run5	ssm1@10000	1	10	0.784616708	0.764657459	0.1440295	650242176	1	0	0.005941875	1.24267578125
FULLT	run5	ssm1@10000	1	11	0.784959333	0.765332542	0.143539167	650242176	1	0	0.005949166	1.24267578125
FULLT	run1	iid@100	-1	0	1.3039360046386719	0	0	0	0	0	0	0
FULLT	run1	iid@100	0	0	5.689176042	5.688635041	0.141836293	1813308448	6	1	0.005966208	1.205078125
FULLT	run1	iid@100	20	1	0.003512167	0.0035135	0.0	4500576	0	0	0.005936292	1.1884765625
FULLT	run1	iid@100	40	1	0.004734041	0.004735417	0.0	6415552	0	0	0.005926833	1.1884765625
FULLT	run1	iid@100	20	2	0.003490208	0.003491583	0.0	4500576	0	0	0.006156667	1.1884765625
FULLT	run1	iid@100	40	2	0.004708334	0.004709708	0.0	6415552	0	0	0.005941583	1.1884765625
FULLT	run1	iid@100	20	3	0.003444125	0.003445292	0.0	4500576	0	0	0.005910417	1.1884765625
FULLT	run1	iid@100	40	3	0.004638875	0.004640084	0.0	6415552	0	0	0.005961667	1.1884765625
FULLT	run1	iid@100	20	4	0.003476875	0.00347775	0.0	4500576	0	0	0.005889208	1.25341796875
FULLT	run1	iid@100	40	4	0.0046645	0.004665833	0.0	6415552	0	0	0.005899083	1.25341796875
FULLT	run1	iid@100	20	5	0.003351416	0.0033525	0.0	4500576	0	0	0.005908084	1.25341796875
FULLT	run1	iid@100	40	5	0.004719208	0.004720292	0.0	6415552	0	0	0.005870208	1.25341796875
FULLT	run1	iid@100	20	6	0.003350458	0.003351375	0.0	4500576	0	0	0.00593575	1.25341796875
FULLT	run1	iid@100	40	6	0.004653167	0.004654	0.0	6415552	0	0	0.005896708	1.25341796875
FULLT	run1	iid@100	20	7	0.003349083	0.00335	0.0	4500576	0	0	0.005963792	1.25341796875
FULLT	run1	iid@100	40	7	0.004601292	0.004602125	0.0	6415552	0	0	0.005928958	1.25341796875
FULLT	run1	iid@100	20	8	0.003330208	0.003331333	0.0	4500864	0	0	0.005936125	1.25341796875
FULLT	run1	iid@100	40	8	0.004608708	0.004609875	0.0	6415552	0	0	0.005914	1.25341796875
FULLT	run1	iid@100	20	9	0.003338209	0.003341333	0.0	4500576	0	0	0.006249	1.25341796875
FULLT	run1	iid@100	40	9	0.004611291	0.00461225	0.0	6415552	0	0	0.006245792	1.25341796875
FULLT	run1	iid@100	20	10	0.003324292	0.003325041	0.0	4500576	0	0	0.005920584	1.25341796875
FULLT	run1	iid@100	40	10	0.004601667	0.004602708	0.0	6415552	0	0	0.005936458	1.25341796875
FULLT	run1	iid@100	20	11	0.003325708	0.003326709	0.0	4500576	0	0	0.005848875	1.25341796875
FULLT	run1	iid@100	40	11	0.004590667	0.004592167	0.0	6415552	0	0	0.005923333	1.25341796875
F	run1	iid@100	-1	0	1.3100090026855469	0	0	0	0	0	0	0
F	run1	iid@100	0	0	5.971344625	5.970775917	0.181944875	2021436000	7	1	0.005970792	1.23291015625
F	run1	iid@100	20	1	0.012446625	0.012447791	0.0	4090816	0	0	0.005938333	1.1962890625
F	run1	iid@100	40	1	0.003717583	0.003718666	0.0	5195264	0	0	0.006029541	1.1962890625
F	run1	iid@100	20	2	0.002492708	0.0024935	0.0	3604768	0	0	0.005945708	1.1962890625
F	run1	iid@100	40	2	0.00366825	0.0036695	0.0	5195264	0	0	0.005888416	1.1962890625
F	run1	iid@100	20	3	0.002440167	0.002441333	0.0	3604768	0	0	0.005938292	1.1962890625
F	run1	iid@100	40	3	0.003578583	0.003579791	0.0	5195264	0	0	0.005945334	1.1962890625
F	run1	iid@100	20	4	0.002529792	0.002531	0.0	3604768	0	0	0.005860083	1.1962890625
F	run1	iid@100	40	4	0.003622792	0.003623709	0.0	5195264	0	0	0.005913834	1.1962890625
F	run1	iid@100	20	5	0.002445917	0.00244675	0.0	3604768	0	0	0.005942125	1.1962890625
F	run1	iid@100	40	5	0.003575292	0.003578833	0.0	5195264	0	0	0.0059535	1.1962890625
F	run1	iid@100	20	6	0.002521041	0.002522333	0.0	3604768	0	0	0.00593775	1.1962890625
F	run1	iid@100	40	6	0.003632584	0.003633833	0.0	5195264	0	0	0.005949667	1.1962890625
F	run1	iid@100	20	7	0.002509542	0.002510375	0.0	3604768	0	0	0.005962	1.1962890625
F	run1	iid@100	40	7	0.003643166	0.003644417	0.0	5195264	0	0	0.005938083	1.1962890625
F	run1	iid@100	20	8	0.002429875	0.002430959	0.0	3605056	0	0	0.005943875	1.1962890625
F	run1	iid@100	40	8	0.003551791	0.00355275	0.0	5195264	0	0	0.005928875	1.1962890625
F	run1	iid@100	20	9	0.002421417	0.002422791	0.0	3604768	0	0	0.00593025	1.1962890625
F	run1	iid@100	40	9	0.003589041	0.00359	0.0	5195264	0	0	0.005870166	1.1962890625
F	run1	iid@100	20	10	0.002433375	0.002434583	0.0	3604768	0	0	0.005904208	1.1962890625
F	run1	iid@100	40	10	0.00360025	0.003601333	0.0	5195264	0	0	0.005933166	1.1962890625
F	run1	iid@100	20	11	0.002412334	0.002413291	0.0	3604768	0	0	0.005935334	1.1962890625
F	run1	iid@100	40	11	0.003585	0.003585917	0.0	5195264	0	0	0.005941167	1.1962890625
v6	run1	iid@100	-1	0	1.400373935699463	0	0	0	0	0	0	0
v6	run1	iid@100	0	0	4.960825792	4.960352916	0.102263334	1503849680	6	0	0.006006458	1.16552734375
v6	run1	iid@100	20	1	0.003045292	0.003047208	0.0	3591136	0	0	0.005965458	1.15185546875
v6	run1	iid@100	40	1	0.004311042	0.004312666	0.0	5076032	0	0	0.005940542	1.15185546875
v6	run1	iid@100	20	2	0.002964541	0.002965917	0.0	3591136	0	0	0.005858583	1.15185546875
v6	run1	iid@100	40	2	0.004225458	0.004226833	0.0	5076032	0	0	0.005920417	1.15185546875
v6	run1	iid@100	20	3	0.002979167	0.002980584	0.0	3591136	0	0	0.005834208	1.15185546875
v6	run1	iid@100	40	3	0.004189625	0.004190875	0.0	5076032	0	0	0.005890291	1.15185546875
v6	run1	iid@100	20	4	0.002945542	0.002947	0.0	3591136	0	0	0.005902333	1.15185546875
v6	run1	iid@100	40	4	0.0042355	0.00423675	0.0	5076032	0	0	0.005930833	1.15185546875
v6	run1	iid@100	20	5	0.002933458	0.002922708	0.0	3591136	0	0	0.005929958	1.15185546875
v6	run1	iid@100	40	5	0.004470417	0.0044715	0.0	5076032	0	0	0.006042584	1.15185546875
v6	run1	iid@100	20	6	0.0028635	0.002864625	0.0	3591136	0	0	0.005942292	1.15185546875
v6	run1	iid@100	40	6	0.004259667	0.004260333	0.0	5076032	0	0	0.005981875	1.15185546875
v6	run1	iid@100	20	7	0.002960083	0.002960959	0.0	3591136	0	0	0.005856834	1.15185546875
v6	run1	iid@100	40	7	0.004190166	0.004192	0.0	5076032	0	0	0.00592875	1.15185546875
v6	run1	iid@100	20	8	0.002800708	0.002802583	0.0	3591136	0	0	0.005943	1.15185546875
v6	run1	iid@100	40	8	0.0042715	0.004272917	0.0	5076032	0	0	0.005897667	1.15185546875
v6	run1	iid@100	20	9	0.002867375	0.002867958	0.0	3591136	0	0	0.005957709	1.15185546875
v6	run1	iid@100	40	9	0.004295792	0.004297208	0.0	5076032	0	0	0.005866708	1.15185546875
v6	run1	iid@100	20	10	0.002872375	0.002874041	0.0	3591136	0	0	0.005953875	1.15185546875
v6	run1	iid@100	40	10	0.004305958	0.0043075	0.0	5076032	0	0	0.005859542	1.15185546875
v6	run1	iid@100	20	11	0.002858459	0.002859625	0.0	3591136	0	0	0.005901541	1.15185546875
v6	run1	iid@100	40	11	0.004281125	0.004282417	0.0	5076032	0	0	0.005846709	1.15185546875
F	run2	iid@100	-1	0	1.2973628044128418	0	0	0	0	0	0	0
F	run2	iid@100	0	0	5.939635959	5.939056083	0.172868291	2021651200	7	1	0.005933	1.12841796875
F	run2	iid@100	20	1	0.012324583	0.012328458	0.0	4090816	0	0	0.00596075	1.11767578125
F	run2	iid@100	40	1	0.003782375	0.003783625	0.0	5195264	0	0	0.0059705	1.11767578125
F	run2	iid@100	20	2	0.002489542	0.002490583	0.0	3604768	0	0	0.005973125	1.11767578125
F	run2	iid@100	40	2	0.003712875	0.003700208	0.0	5195264	0	0	0.005959167	1.11767578125
F	run2	iid@100	20	3	0.00251425	0.002515292	0.0	3604768	0	0	0.005895084	1.11767578125
F	run2	iid@100	40	3	0.003714167	0.00371525	0.0	5195264	0	0	0.005896916	1.11767578125
F	run2	iid@100	20	4	0.002510958	0.002512125	0.0	3604768	0	0	0.005959292	1.11767578125
F	run2	iid@100	40	4	0.003734083	0.003735459	0.0	5195264	0	0	0.005862	1.11767578125
F	run2	iid@100	20	5	0.002457625	0.002458833	0.0	3604768	0	0	0.005936625	1.11767578125
F	run2	iid@100	40	5	0.003710333	0.00371175	0.0	5195264	0	0	0.005910875	1.11767578125
F	run2	iid@100	20	6	0.002496458	0.002497875	0.0	3604768	0	0	0.005938667	1.11767578125
F	run2	iid@100	40	6	0.003655167	0.003656291	0.0	5195264	0	0	0.005938292	1.11767578125
F	run2	iid@100	20	7	0.002467875	0.002468708	0.0	3604768	0	0	0.005929167	1.11767578125
F	run2	iid@100	40	7	0.003645667	0.003646459	0.0	5195264	0	0	0.005943625	1.11767578125
F	run2	iid@100	20	8	0.002446	0.002447042	0.0	3605056	0	0	0.005835125	1.11767578125
F	run2	iid@100	40	8	0.003644292	0.003645458	0.0	5195264	0	0	0.005946208	1.11767578125
F	run2	iid@100	20	9	0.002449459	0.002450292	0.0	3604768	0	0	0.005901583	1.11767578125
F	run2	iid@100	40	9	0.003649209	0.003650083	0.0	5195264	0	0	0.005975625	1.11767578125
F	run2	iid@100	20	10	0.002450083	0.002451042	0.0	3604768	0	0	0.005848625	1.11767578125
F	run2	iid@100	40	10	0.003635167	0.003636708	0.0	5195264	0	0	0.0059275	1.11767578125
F	run2	iid@100	20	11	0.002436875	0.002437792	0.0	3604768	0	0	0.005943125	1.11767578125
F	run2	iid@100	40	11	0.003611875	0.003613041	0.0	5195264	0	0	0.005936291	1.11767578125
v6	run2	iid@100	-1	0	1.4047009944915771	0	0	0	0	0	0	0
v6	run2	iid@100	0	0	4.961406042	4.960953542	0.102656208	1503847488	6	0	0.005943	1.09912109375
v6	run2	iid@100	20	1	0.002985458	0.002989834	0.0	3591136	0	0	0.005944375	1.0908203125
v6	run2	iid@100	40	1	0.00425025	0.004251708	0.0	5076032	0	0	0.005934208	1.0908203125
v6	run2	iid@100	20	2	0.002949708	0.002950958	0.0	3591136	0	0	0.005888959	1.0908203125
v6	run2	iid@100	40	2	0.004145875	0.004147833	0.0	5076032	0	0	0.005908458	1.0908203125
v6	run2	iid@100	20	3	0.002915333	0.00291675	0.0	3591136	0	0	0.0059355	1.0908203125
v6	run2	iid@100	40	3	0.004156375	0.004158125	0.0	5076032	0	0	0.005938417	1.0908203125
v6	run2	iid@100	20	4	0.0029035	0.002905	0.0	3591136	0	0	0.005938125	1.0908203125
v6	run2	iid@100	40	4	0.00417475	0.00417575	0.0	5076032	0	0	0.0059335	1.0908203125
v6	run2	iid@100	20	5	0.002917125	0.002918542	0.0	3591136	0	0	0.005878666	1.0908203125
v6	run2	iid@100	40	5	0.004139083	0.004140625	0.0	5076032	0	0	0.005891625	1.0908203125
v6	run2	iid@100	20	6	0.00283	0.002830625	0.0	3591136	0	0	0.005895125	1.0908203125
v6	run2	iid@100	40	6	0.004142375	0.004143625	0.0	5076032	0	0	0.005911625	1.0908203125
v6	run2	iid@100	20	7	0.00279325	0.002794042	0.0	3591136	0	0	0.005930583	1.0908203125
v6	run2	iid@100	40	7	0.004122125	0.004123625	0.0	5076032	0	0	0.00584775	1.0908203125
v6	run2	iid@100	20	8	0.00277975	0.002780625	0.0	3591136	0	0	0.005906709	1.0908203125
v6	run2	iid@100	40	8	0.004114416	0.004115208	0.0	5076032	0	0	0.005877917	1.0908203125
v6	run2	iid@100	20	9	0.002801208	0.00280225	0.0	3591136	0	0	0.005968625	1.0908203125
v6	run2	iid@100	40	9	0.004122459	0.004123458	0.0	5076032	0	0	0.005877833	1.0908203125
v6	run2	iid@100	20	10	0.002783292	0.00278475	0.0	3591136	0	0	0.005950708	1.0908203125
v6	run2	iid@100	40	10	0.004098375	0.004099417	0.0	5076032	0	0	0.005943042	1.0908203125
v6	run2	iid@100	20	11	0.002776875	0.002778083	0.0	3591136	0	0	0.005943541	1.0908203125
v6	run2	iid@100	40	11	0.004131875	0.004133	0.0	5076032	0	0	0.005872291	1.0908203125
FULLT	run2	iid@100	-1	0	1.289241075515747	0	0	0	0	0	0	0
FULLT	run2	iid@100	0	0	5.690014667	5.689477292	0.141279502	1813344640	6	1	0.005932875	1.07666015625
FULLT	run2	iid@100	20	1	0.003676958	0.003678125	0.0	4500576	0	0	0.005950625	1.0703125
FULLT	run2	iid@100	40	1	0.005098583	0.005099417	0.0	6415552	0	0	0.005961792	1.0703125
FULLT	run2	iid@100	20	2	0.003589875	0.00359125	0.0	4500576	0	0	0.005943417	1.0703125
FULLT	run2	iid@100	40	2	0.0050845	0.005085625	0.0	6415552	0	0	0.005892875	1.0703125
FULLT	run2	iid@100	20	3	0.003538459	0.0035395	0.0	4500576	0	0	0.005899792	1.0703125
FULLT	run2	iid@100	40	3	0.004945625	0.004946542	0.0	6415552	0	0	0.005903167	1.0703125
FULLT	run2	iid@100	20	4	0.003636375	0.003637458	0.0	4500576	0	0	0.005840042	1.0703125
FULLT	run2	iid@100	40	4	0.00497425	0.004975333	0.0	6415552	0	0	0.005925667	1.0703125
FULLT	run2	iid@100	20	5	0.003650875	0.003652459	0.0	4500576	0	0	0.005904167	1.0703125
FULLT	run2	iid@100	40	5	0.004987917	0.004988541	0.0	6415552	0	0	0.005935833	1.0703125
FULLT	run2	iid@100	20	6	0.003507959	0.003509	0.0	4500576	0	0	0.005932125	1.0703125
FULLT	run2	iid@100	40	6	0.004922666	0.00492325	0.0	6415552	0	0	0.0059615	1.0703125
FULLT	run2	iid@100	20	7	0.003620666	0.003621791	0.0	4500576	0	0	0.005943084	1.0703125
FULLT	run2	iid@100	40	7	0.00499475	0.004995458	0.0	6415552	0	0	0.005969292	1.0703125
FULLT	run2	iid@100	20	8	0.00354225	0.003543625	0.0	4500864	0	0	0.005966166	1.0703125
FULLT	run2	iid@100	40	8	0.004959292	0.004960209	0.0	6415552	0	0	0.005843833	1.0703125
FULLT	run2	iid@100	20	9	0.003505167	0.00350625	0.0	4500576	0	0	0.005904209	1.0703125
FULLT	run2	iid@100	40	9	0.004943417	0.004944375	0.0	6415552	0	0	0.0059165	1.0703125
FULLT	run2	iid@100	20	10	0.003504958	0.003506125	0.0	4500576	0	0	0.0059365	1.0703125
FULLT	run2	iid@100	40	10	0.004941292	0.004942208	0.0	6415552	0	0	0.005955667	1.0703125
FULLT	run2	iid@100	20	11	0.003516125	0.003517083	0.0	4500576	0	0	0.005963375	1.0703125
FULLT	run2	iid@100	40	11	0.004931667	0.004932625	0.0	6415552	0	0	0.005901041	1.0703125
v6	run3	iid@100	-1	0	1.4053399562835693	0	0	0	0	0	0	0
v6	run3	iid@100	0	0	4.960173541	4.959708625	0.103005958	1503923792	6	0	0.005952125	1.05908203125
v6	run3	iid@100	20	1	0.00304125	0.003042875	0.0	3591136	0	0	0.005963666	1.05419921875
v6	run3	iid@100	40	1	0.004279792	0.004281542	0.0	5076032	0	0	0.005940917	1.05419921875
v6	run3	iid@100	20	2	0.002856208	0.00285775	0.0	3591136	0	0	0.005968584	1.05419921875
v6	run3	iid@100	40	2	0.004309292	0.004311125	0.0	5076032	0	0	0.005866292	1.05419921875
v6	run3	iid@100	20	3	0.002878583	0.002879875	0.0	3591136	0	0	0.00593575	1.05419921875
v6	run3	iid@100	40	3	0.004306125	0.0043075	0.0	5076032	0	0	0.005885875	1.05419921875
v6	run3	iid@100	20	4	0.002859291	0.002861125	0.0	3591136	0	0	0.005921542	1.05419921875
v6	run3	iid@100	40	4	0.004293875	0.004295375	0.0	5076032	0	0	0.005840542	1.05419921875
v6	run3	iid@100	20	5	0.002864875	0.00286625	0.0	3591136	0	0	0.005893916	1.05419921875
v6	run3	iid@100	40	5	0.004293042	0.004294125	0.0	5076032	0	0	0.005841291	1.05419921875
v6	run3	iid@100	20	6	0.00287525	0.00287675	0.0	3591136	0	0	0.005944917	1.05419921875
v6	run3	iid@100	40	6	0.004152542	0.00415425	0.0	5076032	0	0	0.005939541	1.05419921875
v6	run3	iid@100	20	7	0.002844625	0.002845125	0.0	3591136	0	0	0.006121166	1.05419921875
v6	run3	iid@100	40	7	0.00425325	0.004254708	0.0	5076032	0	0	0.005925708	1.05419921875
v6	run3	iid@100	20	8	0.002838458	0.002839917	0.0	3591136	0	0	0.005930875	1.05419921875
v6	run3	iid@100	40	8	0.004229917	0.004231375	0.0	5076032	0	0	0.005933542	1.05419921875
v6	run3	iid@100	20	9	0.002877083	0.002878083	0.0	3591136	0	0	0.005967708	1.05419921875
v6	run3	iid@100	40	9	0.00426975	0.004271083	0.0	5076032	0	0	0.005901625	1.05419921875
v6	run3	iid@100	20	10	0.002870334	0.002871583	0.0	3591136	0	0	0.005949583	1.05419921875
v6	run3	iid@100	40	10	0.004187208	0.004191333	0.0	5076032	0	0	0.00586575	1.05419921875
v6	run3	iid@100	20	11	0.002818875	0.00282025	0.0	3591136	0	0	0.005900083	1.05419921875
v6	run3	iid@100	40	11	0.004145666	0.004146834	0.0	5076032	0	0	0.005901667	1.05419921875
FULLT	run3	iid@100	-1	0	1.296015977859497	0	0	0	0	0	0	0
FULLT	run3	iid@100	0	0	5.697682416	5.697141917	0.143848874	1813586208	6	1	0.005964625	1.04541015625
FULLT	run3	iid@100	20	1	0.003737584	0.003724	0.0	4500576	0	0	0.005925958	1.04150390625
FULLT	run3	iid@100	40	1	0.005084459	0.005086042	0.0	6415552	0	0	0.005926875	1.04150390625
FULLT	run3	iid@100	20	2	0.003666625	0.003667583	0.0	4500576	0	0	0.005927958	1.04150390625
FULLT	run3	iid@100	40	2	0.005003792	0.005005208	0.0	6415552	0	0	0.005941333	1.04150390625
FULLT	run3	iid@100	20	3	0.003541291	0.003542208	0.0	4500576	0	0	0.005937958	1.04150390625
FULLT	run3	iid@100	40	3	0.005106208	0.005107292	0.0	6415552	0	0	0.005884708	1.04150390625
FULLT	run3	iid@100	20	4	0.003536542	0.003537625	0.0	4500576	0	0	0.005899625	1.04150390625
FULLT	run3	iid@100	40	4	0.0050175	0.005018125	0.0	6415552	0	0	0.005852625	1.04150390625
FULLT	run3	iid@100	20	5	0.003509875	0.003511208	0.0	4500576	0	0	0.005932625	1.04150390625
FULLT	run3	iid@100	40	5	0.005070959	0.005072	0.0	6415552	0	0	0.00583575	1.04150390625
FULLT	run3	iid@100	20	6	0.003548917	0.003549958	0.0	4500576	0	0	0.005916917	1.04150390625
FULLT	run3	iid@100	40	6	0.00504475	0.005046125	0.0	6415552	0	0	0.005849625	1.04150390625
FULLT	run3	iid@100	20	7	0.003590708	0.00359125	0.0	4500576	0	0	0.005937875	1.04150390625
FULLT	run3	iid@100	40	7	0.004974208	0.00497525	0.0	6415552	0	0	0.005932041	1.04150390625
FULLT	run3	iid@100	20	8	0.003515	0.003515625	0.0	4500864	0	0	0.005892917	1.0380859375
FULLT	run3	iid@100	40	8	0.004977417	0.004978125	0.0	6415552	0	0	0.00593525	1.0380859375
FULLT	run3	iid@100	20	9	0.003496125	0.003497083	0.0	4500576	0	0	0.005945417	1.0380859375
FULLT	run3	iid@100	40	9	0.005011542	0.005012291	0.0	6415552	0	0	0.005946916	1.0380859375
FULLT	run3	iid@100	20	10	0.003522542	0.003523417	0.0	4500576	0	0	0.00589925	1.0380859375
FULLT	run3	iid@100	40	10	0.004948875	0.004949917	0.0	6415552	0	0	0.005922958	1.0380859375
FULLT	run3	iid@100	20	11	0.003556667	0.003545208	0.0	4500576	0	0	0.005944084	1.0380859375
FULLT	run3	iid@100	40	11	0.0049305	0.004931583	0.0	6415552	0	0	0.005902375	1.0380859375
F	run3	iid@100	-1	0	1.3061299324035645	0	0	0	0	0	0	0
F	run3	iid@100	0	0	5.950744833	5.950205417	0.173306833	2021421536	7	1	0.005925417	1.03466796875
F	run3	iid@100	20	1	0.0124675	0.012468833	0.0	4090816	0	0	0.005890792	1.18896484375
F	run3	iid@100	40	1	0.003941417	0.003942333	0.0	5195264	0	0	0.005968792	1.18896484375
F	run3	iid@100	20	2	0.00256675	0.002567375	0.0	3604768	0	0	0.005972417	1.18896484375
F	run3	iid@100	40	2	0.003863917	0.003865333	0.0	5195264	0	0	0.00592675	1.18896484375
F	run3	iid@100	20	3	0.002527667	0.002528542	0.0	3604768	0	0	0.005941958	1.18896484375
F	run3	iid@100	40	3	0.003788875	0.003789458	0.0	5195264	0	0	0.005942	1.18896484375
F	run3	iid@100	20	4	0.002635	0.002636084	0.0	3604768	0	0	0.00592	1.18896484375
F	run3	iid@100	40	4	0.003776542	0.003777375	0.0	5195264	0	0	0.005952541	1.18896484375
F	run3	iid@100	20	5	0.002635958	0.002636708	0.0	3604768	0	0	0.00588525	1.18896484375
F	run3	iid@100	40	5	0.003837958	0.003838833	0.0	5195264	0	0	0.006069708	1.18896484375
F	run3	iid@100	20	6	0.002634833	0.002636	0.0	3604768	0	0	0.005927417	1.18896484375
F	run3	iid@100	40	6	0.003821583	0.003822167	0.0	5195264	0	0	0.005988792	1.18896484375
F	run3	iid@100	20	7	0.002537417	0.002538125	0.0	3604768	0	0	0.005986625	1.18896484375
F	run3	iid@100	40	7	0.003805375	0.00380625	0.0	5195264	0	0	0.005948875	1.18896484375
F	run3	iid@100	20	8	0.002549	0.00254975	0.0	3605056	0	0	0.005962792	1.18896484375
F	run3	iid@100	40	8	0.003788083	0.003789125	0.0	5195264	0	0	0.005891917	1.18896484375
F	run3	iid@100	20	9	0.002512542	0.002513333	0.0	3604768	0	0	0.005934041	1.18896484375
F	run3	iid@100	40	9	0.003797084	0.003797916	0.0	5195264	0	0	0.005893125	1.18896484375
F	run3	iid@100	20	10	0.002521417	0.00252225	0.0	3604768	0	0	0.005894042	1.18896484375
F	run3	iid@100	40	10	0.003778334	0.003779042	0.0	5195264	0	0	0.005939666	1.18896484375
F	run3	iid@100	20	11	0.002550958	0.002551625	0.0	3604768	0	0	0.0058935	1.18896484375
F	run3	iid@100	40	11	0.003758708	0.00375975	0.0	5195264	0	0	0.005935875	1.18896484375
FULLT	run4	iid@100	-1	0	1.2916898727416992	0	0	0	0	0	0	0
FULLT	run4	iid@100	0	0	5.679231083	5.678715708	0.139805375	1813335568	6	1	0.005935791	1.15966796875
FULLT	run4	iid@100	20	1	0.003623625	0.003624583	0.0	4500576	0	0	0.005870667	1.146484375
FULLT	run4	iid@100	40	1	0.005024333	0.005011833	0.0	6415552	0	0	0.005903	1.146484375
FULLT	run4	iid@100	20	2	0.003535666	0.003537459	0.0	4500576	0	0	0.005921875	1.146484375
FULLT	run4	iid@100	40	2	0.004974292	0.004975375	0.0	6415552	0	0	0.005835125	1.146484375
FULLT	run4	iid@100	20	3	0.003487166	0.003488375	0.0	4500576	0	0	0.005922667	1.146484375
FULLT	run4	iid@100	40	3	0.0048575	0.004858625	0.0	6415552	0	0	0.005933	1.146484375
FULLT	run4	iid@100	20	4	0.003455708	0.003456667	0.0	4500576	0	0	0.005922209	1.146484375
FULLT	run4	iid@100	40	4	0.004867916	0.00486875	0.0	6415552	0	0	0.005924167	1.146484375
FULLT	run4	iid@100	20	5	0.003465708	0.003466583	0.0	4500576	0	0	0.005928791	1.146484375
FULLT	run4	iid@100	40	5	0.004931959	0.004933667	0.0	6415552	0	0	0.005892042	1.146484375
FULLT	run4	iid@100	20	6	0.003467958	0.003469083	0.0	4500576	0	0	0.00593075	1.146484375
FULLT	run4	iid@100	40	6	0.004961125	0.004961917	0.0	6415552	0	0	0.005937916	1.146484375
FULLT	run4	iid@100	20	7	0.00347925	0.003480792	0.0	4500576	0	0	0.005944625	1.146484375
FULLT	run4	iid@100	40	7	0.004893667	0.004895	0.0	6415552	0	0	0.005891667	1.146484375
FULLT	run4	iid@100	20	8	0.003476541	0.003477625	0.0	4500864	0	0	0.005891625	1.146484375
FULLT	run4	iid@100	40	8	0.004826875	0.004827958	0.0	6415552	0	0	0.005890583	1.146484375
FULLT	run4	iid@100	20	9	0.003478583	0.003479708	0.0	4500576	0	0	0.005920375	1.146484375
FULLT	run4	iid@100	40	9	0.0048155	0.004816333	0.0	6415552	0	0	0.005933292	1.146484375
FULLT	run4	iid@100	20	10	0.003479625	0.003480333	0.0	4500576	0	0	0.005903333	1.146484375
FULLT	run4	iid@100	40	10	0.004809042	0.004810459	0.0	6415552	0	0	0.005940417	1.146484375
FULLT	run4	iid@100	20	11	0.003483542	0.003484417	0.0	4500576	0	0	0.005925041	1.146484375
FULLT	run4	iid@100	40	11	0.004869916	0.00487075	0.0	6415552	0	0	0.005957334	1.146484375
F	run4	iid@100	-1	0	1.2924349308013916	0	0	0	0	0	0	0
F	run4	iid@100	0	0	5.958707084	5.95813275	0.182272874	2021434768	7	1	0.005979167	1.123046875
F	run4	iid@100	20	1	0.012413167	0.012414708	0.0	4090816	0	0	0.005934292	1.11279296875
F	run4	iid@100	40	1	0.003848917	0.003849916	0.0	5195264	0	0	0.005917334	1.11279296875
F	run4	iid@100	20	2	0.00244725	0.00244825	0.0	3604768	0	0	0.005936041	1.11279296875
F	run4	iid@100	40	2	0.003641792	0.003643	0.0	5195264	0	0	0.005941084	1.11279296875
F	run4	iid@100	20	3	0.002581541	0.002582542	0.0	3604768	0	0	0.005894375	1.11279296875
F	run4	iid@100	40	3	0.003658958	0.003660584	0.0	5195264	0	0	0.005901333	1.11279296875
F	run4	iid@100	20	4	0.002559792	0.002561125	0.0	3604768	0	0	0.005939708	1.11279296875
F	run4	iid@100	40	4	0.003742209	0.003743375	0.0	5195264	0	0	0.00586825	1.11279296875
F	run4	iid@100	20	5	0.002448584	0.002449958	0.0	3604768	0	0	0.005975542	1.11279296875
F	run4	iid@100	40	5	0.003737708	0.003739166	0.0	5195264	0	0	0.005890542	1.11279296875
F	run4	iid@100	20	6	0.002446041	0.00244775	0.0	3604768	0	0	0.005931708	1.11279296875
F	run4	iid@100	40	6	0.00357475	0.003575959	0.0	5195264	0	0	0.0059395	1.11279296875
F	run4	iid@100	20	7	0.002415041	0.002415792	0.0	3604768	0	0	0.005941125	1.11279296875
F	run4	iid@100	40	7	0.003620791	0.003622167	0.0	5195264	0	0	0.005935709	1.11279296875
F	run4	iid@100	20	8	0.002421	0.002421708	0.0	3605056	0	0	0.005928792	1.11279296875
F	run4	iid@100	40	8	0.003576167	0.003577334	0.0	5195264	0	0	0.005903958	1.11279296875
F	run4	iid@100	20	9	0.002442583	0.0024435	0.0	3604768	0	0	0.005930875	1.11279296875
F	run4	iid@100	40	9	0.003631708	0.003632625	0.0	5195264	0	0	0.005973625	1.11279296875
F	run4	iid@100	20	10	0.002449792	0.002450541	0.0	3604768	0	0	0.005962667	1.11279296875
F	run4	iid@100	40	10	0.003635833	0.003637084	0.0	5195264	0	0	0.005968875	1.11279296875
F	run4	iid@100	20	11	0.002416167	0.00241725	0.0	3604768	0	0	0.005965708	1.11279296875
F	run4	iid@100	40	11	0.003587834	0.003588542	0.0	5195264	0	0	0.005954875	1.11279296875
v6	run4	iid@100	-1	0	1.4022870063781738	0	0	0	0	0	0	0
v6	run4	iid@100	0	0	4.967810167	4.967306167	0.102524917	1503850576	6	0	0.005919791	1.16845703125
v6	run4	iid@100	20	1	0.002945917	0.002947208	0.0	3591136	0	0	0.005925792	1.23486328125
v6	run4	iid@100	40	1	0.004195167	0.004196541	0.0	5076032	0	0	0.005896042	1.23486328125
v6	run4	iid@100	20	2	0.002850459	0.002851709	0.0	3591136	0	0	0.005936375	1.23486328125
v6	run4	iid@100	40	2	0.00418875	0.004190167	0.0	5076032	0	0	0.0058755	1.23486328125
v6	run4	iid@100	20	3	0.00283075	0.002831833	0.0	3591136	0	0	0.005953917	1.23486328125
v6	run4	iid@100	40	3	0.004199459	0.004200958	0.0	5076032	0	0	0.005859917	1.23486328125
v6	run4	iid@100	20	4	0.002845417	0.002846833	0.0	3591136	0	0	0.005963209	1.23486328125
v6	run4	iid@100	40	4	0.004108958	0.004110458	0.0	5076032	0	0	0.005987541	1.23486328125
v6	run4	iid@100	20	5	0.002785083	0.002786042	0.0	3591136	0	0	0.005990583	1.23486328125
v6	run4	iid@100	40	5	0.004178167	0.004179916	0.0	5076032	0	0	0.005877833	1.23486328125
v6	run4	iid@100	20	6	0.002789458	0.002790584	0.0	3591136	0	0	0.005916542	1.23486328125
v6	run4	iid@100	40	6	0.004161709	0.004163542	0.0	5076032	0	0	0.005902958	1.23486328125
v6	run4	iid@100	20	7	0.002840834	0.002844333	0.0	3591136	0	0	0.0059345	1.23486328125
v6	run4	iid@100	40	7	0.00407525	0.004076334	0.0	5076032	0	0	0.005949458	1.23486328125
v6	run4	iid@100	20	8	0.002777583	0.002778541	0.0	3591136	0	0	0.005952125	1.23486328125
v6	run4	iid@100	40	8	0.004126459	0.004127375	0.0	5076032	0	0	0.005963417	1.23486328125
v6	run4	iid@100	20	9	0.002781125	0.002782375	0.0	3591136	0	0	0.005979792	1.23486328125
v6	run4	iid@100	40	9	0.004098	0.004099125	0.0	5076032	0	0	0.005980125	1.23486328125
v6	run4	iid@100	20	10	0.002812084	0.002813416	0.0	3591136	0	0	0.005904584	1.23486328125
v6	run4	iid@100	40	10	0.004098834	0.004099708	0.0	5076032	0	0	0.005970625	1.23486328125
v6	run4	iid@100	20	11	0.002788959	0.002790042	0.0	3591136	0	0	0.005894708	1.23486328125
v6	run4	iid@100	40	11	0.004062875	0.00406375	0.0	5076032	0	0	0.0059495	1.23486328125
F	run5	iid@100	-1	0	1.2917840480804443	0	0	0	0	0	0	0
F	run5	iid@100	0	0	5.9549375	5.954364209	0.17353996	2021664560	7	1	0.005954416	1.1982421875
F	run5	iid@100	20	1	0.012605542	0.012606833	0.0	4090816	0	0	0.005907333	1.18212890625
F	run5	iid@100	40	1	0.003820667	0.003821709	0.0	5195264	0	0	0.005869208	1.18212890625
F	run5	iid@100	20	2	0.002538583	0.002539791	0.0	3604768	0	0	0.005946292	1.18212890625
F	run5	iid@100	40	2	0.003833625	0.00383525	0.0	5195264	0	0	0.005892625	1.18212890625
F	run5	iid@100	20	3	0.002522209	0.002523541	0.0	3604768	0	0	0.005937625	1.18212890625
F	run5	iid@100	40	3	0.003789167	0.003790208	0.0	5195264	0	0	0.005866958	1.18212890625
F	run5	iid@100	20	4	0.002530834	0.002536875	0.0	3604768	0	0	0.00589475	1.18212890625
F	run5	iid@100	40	4	0.003712958	0.003714167	0.0	5195264	0	0	0.005899042	1.18212890625
F	run5	iid@100	20	5	0.002580792	0.00258175	0.0	3604768	0	0	0.005885875	1.18212890625
F	run5	iid@100	40	5	0.003718042	0.0037195	0.0	5195264	0	0	0.005955792	1.18212890625
F	run5	iid@100	20	6	0.00250575	0.002506667	0.0	3604768	0	0	0.005897875	1.18212890625
F	run5	iid@100	40	6	0.003667916	0.00366875	0.0	5195264	0	0	0.005978625	1.18212890625
F	run5	iid@100	20	7	0.002559459	0.002560458	0.0	3604768	0	0	0.005898417	1.18212890625
F	run5	iid@100	40	7	0.003691291	0.003692208	0.0	5195264	0	0	0.0059375	1.18212890625
F	run5	iid@100	20	8	0.002510708	0.002511792	0.0	3605056	0	0	0.005839916	1.16748046875
F	run5	iid@100	40	8	0.003726917	0.003727959	0.0	5195264	0	0	0.0059525	1.16748046875
F	run5	iid@100	20	9	0.002477083	0.00247775	0.0	3604768	0	0	0.005951042	1.16748046875
F	run5	iid@100	40	9	0.003697208	0.003698167	0.0	5195264	0	0	0.005937208	1.16748046875
F	run5	iid@100	20	10	0.002492583	0.00249375	0.0	3604768	0	0	0.005895459	1.16748046875
F	run5	iid@100	40	10	0.00366	0.003661167	0.0	5195264	0	0	0.005890333	1.16748046875
F	run5	iid@100	20	11	0.002481084	0.002482208	0.0	3604768	0	0	0.0059325	1.16748046875
F	run5	iid@100	40	11	0.003655625	0.003656542	0.0	5195264	0	0	0.005892792	1.16748046875
v6	run5	iid@100	-1	0	1.404561996459961	0	0	0	0	0	0	0
v6	run5	iid@100	0	0	4.965592583	4.965134084	0.103414418	1503846208	6	0	0.005966667	1.15380859375
v6	run5	iid@100	20	1	0.003010833	0.003011834	0.0	3591136	0	0	0.00593075	1.14111328125
v6	run5	iid@100	40	1	0.004307209	0.004296334	0.0	5076032	0	0	0.005972666	1.14111328125
v6	run5	iid@100	20	2	0.002902084	0.002903125	0.0	3591136	0	0	0.005888333	1.14111328125
v6	run5	iid@100	40	2	0.004239125	0.004240375	0.0	5076032	0	0	0.005873125	1.14111328125
v6	run5	iid@100	20	3	0.002833209	0.002836916	0.0	3591136	0	0	0.005914417	1.14111328125
v6	run5	iid@100	40	3	0.004130792	0.004131958	0.0	5076032	0	0	0.005926792	1.14111328125
v6	run5	iid@100	20	4	0.002781416	0.002782667	0.0	3591136	0	0	0.005937	1.14111328125
v6	run5	iid@100	40	4	0.004293125	0.004294458	0.0	5076032	0	0	0.005959	1.14111328125
v6	run5	iid@100	20	5	0.002884125	0.002885583	0.0	3591136	0	0	0.005935292	1.14111328125
v6	run5	iid@100	40	5	0.004272875	0.004274125	0.0	5076032	0	0	0.005934708	1.14111328125
v6	run5	iid@100	20	6	0.002850833	0.0028515	0.0	3591136	0	0	0.005984917	1.14111328125
v6	run5	iid@100	40	6	0.004171208	0.004172292	0.0	5076032	0	0	0.005934458	1.14111328125
v6	run5	iid@100	20	7	0.0028505	0.002851125	0.0	3591136	0	0	0.005862167	1.14111328125
v6	run5	iid@100	40	7	0.00414725	0.004148041	0.0	5076032	0	0	0.005899916	1.12939453125
v6	run5	iid@100	20	8	0.002795708	0.002796667	0.0	3591136	0	0	0.005895792	1.12939453125
v6	run5	iid@100	40	8	0.0040935	0.004094833	0.0	5076032	0	0	0.005907666	1.12939453125
v6	run5	iid@100	20	9	0.002779875	0.002780792	0.0	3591136	0	0	0.005894	1.12939453125
v6	run5	iid@100	40	9	0.004128875	0.004129625	0.0	5076032	0	0	0.005926042	1.12939453125
v6	run5	iid@100	20	10	0.002836459	0.002837375	0.0	3591136	0	0	0.005940875	1.12939453125
v6	run5	iid@100	40	10	0.004155583	0.00415675	0.0	5076032	0	0	0.00594075	1.12939453125
v6	run5	iid@100	20	11	0.002825208	0.002826125	0.0	3591136	0	0	0.00593525	1.12939453125
v6	run5	iid@100	40	11	0.004156208	0.004157167	0.0	5076032	0	0	0.005963458	1.12939453125
FULLT	run5	iid@100	-1	0	1.296267032623291	0	0	0	0	0	0	0
FULLT	run5	iid@100	0	0	5.682029042	5.68149325	0.143237041	1813314880	6	1	0.00590275	1.11865234375
FULLT	run5	iid@100	20	1	0.003679583	0.003680917	0.0	4500576	0	0	0.005960958	1.173828125
FULLT	run5	iid@100	40	1	0.005068416	0.005070125	0.0	6415552	0	0	0.005896042	1.173828125
FULLT	run5	iid@100	20	2	0.003540084	0.00354125	0.0	4500576	0	0	0.005898459	1.173828125
FULLT	run5	iid@100	40	2	0.005020667	0.005022	0.0	6415552	0	0	0.005862959	1.173828125
FULLT	run5	iid@100	20	3	0.003505542	0.003506709	0.0	4500576	0	0	0.005938167	1.173828125
FULLT	run5	iid@100	40	3	0.0050325	0.005036542	0.0	6415552	0	0	0.005938667	1.173828125
FULLT	run5	iid@100	20	4	0.00350075	0.003502125	0.0	4500576	0	0	0.005971583	1.173828125
FULLT	run5	iid@100	40	4	0.004972375	0.004973292	0.0	6415552	0	0	0.006004167	1.173828125
FULLT	run5	iid@100	20	5	0.003600375	0.003601833	0.0	4500576	0	0	0.005901167	1.173828125
FULLT	run5	iid@100	40	5	0.004944417	0.0049455	0.0	6415552	0	0	0.005969125	1.173828125
FULLT	run5	iid@100	20	6	0.003616083	0.003617458	0.0	4500576	0	0	0.005894541	1.173828125
FULLT	run5	iid@100	40	6	0.004936208	0.004937417	0.0	6415552	0	0	0.005936417	1.173828125
FULLT	run5	iid@100	20	7	0.003495917	0.003497041	0.0	4500576	0	0	0.005870791	1.173828125
FULLT	run5	iid@100	40	7	0.004909625	0.00491075	0.0	6415552	0	0	0.005904417	1.173828125
FULLT	run5	iid@100	20	8	0.003492791	0.003494042	0.0	4500864	0	0	0.005899125	1.173828125
FULLT	run5	iid@100	40	8	0.00485725	0.004858417	0.0	6415552	0	0	0.005921125	1.173828125
FULLT	run5	iid@100	20	9	0.003469667	0.003471	0.0	4500576	0	0	0.0059325	1.173828125
FULLT	run5	iid@100	40	9	0.004906375	0.004897	0.0	6415552	0	0	0.005933709	1.173828125
FULLT	run5	iid@100	20	10	0.003604458	0.003606375	0.0	4500576	0	0	0.00587525	1.173828125
FULLT	run5	iid@100	40	10	0.00492075	0.00492175	0.0	6415552	0	0	0.005930042	1.173828125
FULLT	run5	iid@100	20	11	0.003490167	0.00349075	0.0	4500576	0	0	0.005938625	1.173828125
FULLT	run5	iid@100	40	11	0.004983458	0.004984833	0.0	6415552	0	0	0.005942	1.173828125
FULLT	run1	iid@10000	-1	0	1.2985529899597168	0	0	0	0	0	0	0
FULLT	run1	iid@10000	0	0	6.244251333	6.24366975	0.306749124	2246372064	8	2	0.005908833	1.2939453125
FULLT	run1	iid@10000	20	1	0.412795125	0.412748667	0.076200584	437500336	1	0	0.005968583	1.99072265625
FULLT	run1	iid@10000	40	1	0.630007083	0.629958625	0.147164917	626327312	2	1	0.005957167	1.99072265625
FULLT	run1	iid@10000	20	2	0.403131625	0.403086	0.067147375	437500336	1	0	0.005981625	1.99072265625
FULLT	run1	iid@10000	40	2	0.616159417	0.616084083	0.1324615	626327312	2	1	0.00593025	1.99072265625
FULLT	run1	iid@10000	20	3	0.400190291	0.400159209	0.0628665	437500336	1	0	0.005930416	1.99072265625
FULLT	run1	iid@10000	40	3	0.61093175	0.610837167	0.128949501	626327312	2	1	0.005997625	1.99072265625
FULLT	run1	iid@10000	20	4	0.400566375	0.400533042	0.064194167	437500336	1	0	0.00589725	1.9111328125
FULLT	run1	iid@10000	40	4	0.548199958	0.54815675	0.074017	626327312	1	0	0.005923542	1.9111328125
FULLT	run1	iid@10000	20	5	0.409702916	0.40967975	0.074374458	437500336	1	0	0.00586275	1.9111328125
FULLT	run1	iid@10000	40	5	0.55335075	0.553307959	0.074138667	626327312	1	0	0.005935959	1.9111328125
FULLT	run1	iid@10000	20	6	0.410537542	0.410502459	0.074497667	437500336	1	0	0.005963375	1.9111328125
FULLT	run1	iid@10000	40	6	0.552506583	0.552464542	0.074366958	626327312	1	0	0.00596225	1.9111328125
FULLT	run1	iid@10000	20	7	0.410516083	0.410495166	0.07417525	437500336	1	0	0.005903625	1.9111328125
FULLT	run1	iid@10000	40	7	0.554535458	0.554484875	0.074849917	626327312	1	0	0.005983791	1.9111328125
FULLT	run1	iid@10000	20	8	0.410298416	0.410258958	0.074433042	437500624	1	0	0.005949375	1.9111328125
FULLT	run1	iid@10000	40	8	0.552196042	0.55215225	0.074515	626327312	1	0	0.005958334	1.9111328125
FULLT	run1	iid@10000	20	9	0.411177	0.41113975	0.074315209	437500336	1	0	0.005950375	1.91796875
FULLT	run1	iid@10000	40	9	0.552750125	0.552707958	0.074290625	626327312	1	0	0.0059755	1.91796875
FULLT	run1	iid@10000	20	10	0.411621125	0.411586083	0.074252625	437500336	1	0	0.00595925	1.91796875
FULLT	run1	iid@10000	40	10	0.554268333	0.554227333	0.074140334	626327312	1	0	0.005900791	1.91796875
FULLT	run1	iid@10000	20	11	0.414651625	0.414619458	0.075391084	437500336	1	0	0.005982125	1.91796875
FULLT	run1	iid@10000	40	11	0.554134083	0.554090042	0.074815125	626327312	1	0	0.00593775	1.91796875
F	run1	iid@10000	-1	0	1.2940099239349365	0	0	0	0	0	0	0
F	run1	iid@10000	0	0	6.414156292	6.413552667	0.362806252	2367019568	8	2	0.005970375	1.861328125
F	run1	iid@10000	20	1	0.240579959	0.24055275	0.0	349653776	0	0	0.005967417	1.7919921875
F	run1	iid@10000	40	1	0.428925292	0.428884583	0.069851209	505990224	1	0	0.0059285	1.7919921875
F	run1	iid@10000	20	2	0.22794	0.227917166	0.0	349167728	0	0	0.005918875	1.728515625
F	run1	iid@10000	40	2	0.418452042	0.418422292	0.0634505	505990224	1	0	0.00593075	1.728515625
F	run1	iid@10000	20	3	0.239047459	0.239033542	0.0	349167728	0	0	0.00616825	1.728515625
F	run1	iid@10000	40	3	0.429110958	0.429065542	0.064078125	505990224	1	0	0.005903834	1.728515625
F	run1	iid@10000	20	4	0.228044708	0.228022458	0.0	349167728	0	0	0.005927459	1.728515625
F	run1	iid@10000	40	4	0.4148325	0.414798209	0.062397625	505990224	1	0	0.005933875	1.728515625
F	run1	iid@10000	20	5	0.234716708	0.234694458	0.0	349167728	0	0	0.005834041	1.728515625
F	run1	iid@10000	40	5	0.420281834	0.420243917	0.063580291	505990224	1	0	0.005926208	1.728515625
F	run1	iid@10000	20	6	0.228889709	0.2288665	0.0	349167728	0	0	0.005945666	1.728515625
F	run1	iid@10000	40	6	0.4185595	0.41852375	0.064796209	505990224	1	0	0.006021792	1.728515625
F	run1	iid@10000	20	7	0.232773833	0.232764708	0.0	349167728	0	0	0.005916459	1.728515625
F	run1	iid@10000	40	7	0.42357875	0.423543542	0.063581375	505990224	1	0	0.005892167	1.728515625
F	run1	iid@10000	20	8	0.230291709	0.230268208	0.0	349168016	0	0	0.005901083	1.728515625
F	run1	iid@10000	40	8	0.4145685	0.414548375	0.062848833	505990224	1	0	0.005919583	1.669921875
F	run1	iid@10000	20	9	0.23321925	0.233208875	0.0	349167728	0	0	0.0059215	1.669921875
F	run1	iid@10000	40	9	0.425366166	0.42531975	0.063739	505990224	1	0	0.005992542	1.669921875
F	run1	iid@10000	20	10	0.229460917	0.229439625	0.0	349167728	0	0	0.005905541	1.669921875
F	run1	iid@10000	40	10	0.418846833	0.418815417	0.062714167	505990224	1	0	0.005976125	1.669921875
F	run1	iid@10000	20	11	0.235259708	0.23525025	0.0	349167728	0	0	0.005863625	1.669921875
F	run1	iid@10000	40	11	0.425293375	0.425260667	0.063609791	505990224	1	0	0.005942875	1.669921875
v6	run1	iid@10000	-1	0	1.4004249572753906	0	0	0	0	0	0	0
v6	run1	iid@10000	0	0	5.449883292	5.449363625	0.264673624	1844241440	7	1	0.005934917	1.662109375
v6	run1	iid@10000	20	1	0.345378041	0.345338042	0.059121791	343954224	1	0	0.00596325	1.60888671875
v6	run1	iid@10000	40	1	0.479848167	0.479811166	0.057079667	487999120	1	0	0.005909917	1.60888671875
v6	run1	iid@10000	20	2	0.342157041	0.342133333	0.061767708	343954224	1	0	0.005932125	1.60888671875
v6	run1	iid@10000	40	2	0.487056875	0.487009	0.062743	487999120	1	0	0.00591725	1.60888671875
v6	run1	iid@10000	20	3	0.275939042	0.275915083	0.0	343954224	0	0	0.005901042	1.60888671875
v6	run1	iid@10000	40	3	0.495562667	0.49552925	0.063108958	487999120	1	0	0.005994083	1.60888671875
v6	run1	iid@10000	20	4	0.276207333	0.2761705	0.0	343954224	0	0	0.005991542	1.60888671875
v6	run1	iid@10000	40	4	0.482452334	0.482407542	0.062701209	487999120	1	0	0.005968916	1.60888671875
v6	run1	iid@10000	20	5	0.278883416	0.278860875	0.0	343954224	0	0	0.005975459	1.60888671875
v6	run1	iid@10000	40	5	0.500292875	0.500246583	0.062970041	487999120	1	0	0.00596825	1.56005859375
v6	run1	iid@10000	20	6	0.272428333	0.272406667	0.0	343954224	0	0	0.005974667	1.56005859375
v6	run1	iid@10000	40	6	0.484382792	0.484349916	0.0624895	487999120	1	0	0.0059025	1.56005859375
v6	run1	iid@10000	20	7	0.277755958	0.277735625	0.0	343954224	0	0	0.006004334	1.56005859375
v6	run1	iid@10000	40	7	0.4994285	0.499375958	0.062499708	487999120	1	0	0.005940333	1.56005859375
v6	run1	iid@10000	20	8	0.271939208	0.271907667	0.0	343954224	0	0	0.005988833	1.56005859375
v6	run1	iid@10000	40	8	0.484101625	0.484055708	0.063036875	487999120	1	0	0.005895917	1.56005859375
v6	run1	iid@10000	20	9	0.276935042	0.276914417	0.0	343954224	0	0	0.005901458	1.56005859375
v6	run1	iid@10000	40	9	0.497731125	0.497690292	0.06242025	487999120	1	0	0.005937083	1.56005859375
v6	run1	iid@10000	20	10	0.268193875	0.268160125	0.0	343954224	0	0	0.005928458	1.56005859375
v6	run1	iid@10000	40	10	0.489817458	0.489784167	0.063574917	487999120	1	0	0.005988375	1.56005859375
v6	run1	iid@10000	20	11	0.281094041	0.281084042	0.0	343954224	0	0	0.005944459	1.51513671875
v6	run1	iid@10000	40	11	0.494360958	0.494329125	0.062720417	487999120	1	0	0.005892334	1.51513671875
F	run2	iid@10000	-1	0	1.2941510677337646	0	0	0	0	0	0	0
F	run2	iid@10000	0	0	6.429255125	6.428627834	0.379333416	2366957792	8	2	0.005972542	1.435546875
F	run2	iid@10000	20	1	0.31276725	0.312745625	0.068561	349653776	1	0	0.005880583	1.4482421875
F	run2	iid@10000	40	1	0.4202535	0.420214667	0.062035333	505990224	1	0	0.005924333	1.4482421875
F	run2	iid@10000	20	2	0.232485541	0.232462459	0.0	349167728	0	0	0.005938625	1.4482421875
F	run2	iid@10000	40	2	0.424065333	0.424031459	0.069538459	505990224	1	0	0.005976458	1.4482421875
F	run2	iid@10000	20	3	0.235534875	0.235516125	0.0	349167728	0	0	0.005955833	1.4482421875
F	run2	iid@10000	40	3	0.435373084	0.435342834	0.070929042	505990224	1	0	0.005976625	1.4482421875
F	run2	iid@10000	20	4	0.232040334	0.232019708	0.0	349167728	0	0	0.005895917	1.4482421875
F	run2	iid@10000	40	4	0.427587916	0.427553417	0.0700955	505990224	1	0	0.00596775	1.4482421875
F	run2	iid@10000	20	5	0.236250125	0.236239916	0.0	349167728	0	0	0.005936	1.4482421875
F	run2	iid@10000	40	5	0.435402458	0.43535575	0.071012541	505990224	1	0	0.005981167	1.4482421875
F	run2	iid@10000	20	6	0.230091916	0.230069709	0.0	349167728	0	0	0.005984834	1.4482421875
F	run2	iid@10000	40	6	0.422875209	0.422844834	0.070277	505990224	1	0	0.005887375	1.412109375
F	run2	iid@10000	20	7	0.245539708	0.245516625	0.0	349167728	0	0	0.006003875	1.412109375
F	run2	iid@10000	40	7	0.43760775	0.437574417	0.071306667	505990224	1	0	0.005937708	1.412109375
F	run2	iid@10000	20	8	0.232915208	0.232906084	0.0	349168016	0	0	0.005912458	1.412109375
F	run2	iid@10000	40	8	0.427934583	0.427885	0.070260583	505990224	1	0	0.005965541	1.412109375
F	run2	iid@10000	20	9	0.237271958	0.2372515	0.0	349167728	0	0	0.0059915	1.412109375
F	run2	iid@10000	40	9	0.438664209	0.438630542	0.070984709	505990224	1	0	0.005954042	1.412109375
F	run2	iid@10000	20	10	0.229989	0.229965625	0.0	349167728	0	0	0.005936167	1.412109375
F	run2	iid@10000	40	10	0.428102542	0.42806675	0.070471	505990224	1	0	0.005940166	1.412109375
F	run2	iid@10000	20	11	0.235230917	0.235221833	0.0	349167728	0	0	0.005893	1.412109375
F	run2	iid@10000	40	11	0.43643175	0.436397542	0.072396625	505990224	1	0	0.0059545	1.412109375
v6	run2	iid@10000	-1	0	1.4007019996643066	0	0	0	0	0	0	0
v6	run2	iid@10000	0	0	5.454342167	5.45384175	0.266997001	1844274384	7	1	0.00597775	1.3876953125
v6	run2	iid@10000	20	1	0.339733125	0.339711458	0.05526625	343954224	1	0	0.005985125	1.3564453125
v6	run2	iid@10000	40	1	0.476901584	0.476864625	0.058018583	487999120	1	0	0.005937958	1.3564453125
v6	run2	iid@10000	20	2	0.340069458	0.340032417	0.064069375	343954224	1	0	0.005939917	1.3564453125
v6	run2	iid@10000	40	2	0.471366375	0.471321708	0.058009917	487999120	1	0	0.005911541	1.3564453125
v6	run2	iid@10000	20	3	0.278503709	0.278483083	0.0	343954224	0	0	0.0059715	1.3564453125
v6	run2	iid@10000	40	3	0.484681375	0.4846465	0.063820875	487999120	1	0	0.005939625	1.32763671875
v6	run2	iid@10000	20	4	0.266444417	0.266434208	0.0	343954224	0	0	0.005850917	1.32763671875
v6	run2	iid@10000	40	4	0.474005208	0.473969625	0.064018791	487999120	1	0	0.005840875	1.32763671875
v6	run2	iid@10000	20	5	0.273470584	0.273438959	0.0	343954224	0	0	0.00592675	1.32763671875
v6	run2	iid@10000	40	5	0.489687333	0.489653084	0.06368175	487999120	1	0	0.005974833	1.32763671875
v6	run2	iid@10000	20	6	0.271565291	0.271552542	0.0	343954224	0	0	0.005921875	1.32763671875
v6	run2	iid@10000	40	6	0.476890583	0.476856708	0.063881042	487999120	1	0	0.006013709	1.32763671875
v6	run2	iid@10000	20	7	0.275483791	0.275459583	0.0	343954224	0	0	0.005937542	1.32763671875
v6	run2	iid@10000	40	7	0.488136666	0.488105167	0.063968834	487999120	1	0	0.005866458	1.32763671875
v6	run2	iid@10000	20	8	0.272181375	0.272150584	0.0	343954224	0	0	0.005965334	1.32763671875
v6	run2	iid@10000	40	8	0.484809541	0.484759584	0.06441175	487999120	1	0	0.005937084	1.32763671875
v6	run2	iid@10000	20	9	0.274386291	0.274363208	0.0	343954224	0	0	0.005902	1.32763671875
v6	run2	iid@10000	40	9	0.480459	0.480411416	0.064539709	487999120	1	0	0.005945209	1.30126953125
v6	run2	iid@10000	20	10	0.273875542	0.273852292	0.0	343954224	0	0	0.005871333	1.30126953125
v6	run2	iid@10000	40	10	0.477064458	0.477032334	0.064085417	487999120	1	0	0.005929708	1.30126953125
v6	run2	iid@10000	20	11	0.275033875	0.275009708	0.0	343954224	0	0	0.00593675	1.30126953125
v6	run2	iid@10000	40	11	0.487944959	0.487898291	0.06415425	487999120	1	0	0.00592175	1.30126953125
FULLT	run2	iid@10000	-1	0	1.2948899269104004	0	0	0	0	0	0	0
FULLT	run2	iid@10000	0	0	6.262744083	6.262157167	0.304749876	2246604512	8	2	0.005967709	1.23388671875
FULLT	run2	iid@10000	20	1	0.412201208	0.412151125	0.075455333	437500336	1	0	0.005982166	1.21484375
FULLT	run2	iid@10000	40	1	0.62049825	0.620450833	0.130144875	626327312	2	1	0.00590875	1.21484375
FULLT	run2	iid@10000	20	2	0.4002965	0.400272916	0.063038708	437500336	1	0	0.0059235	1.21484375
FULLT	run2	iid@10000	40	2	0.615786708	0.615738792	0.1277945	626327312	2	1	0.00593525	1.21484375
FULLT	run2	iid@10000	20	3	0.399810875	0.399789625	0.062955	437500336	1	0	0.005934209	1.21484375
FULLT	run2	iid@10000	40	3	0.557702417	0.55765875	0.072604834	626327312	1	0	0.00593725	1.21484375
FULLT	run2	iid@10000	20	4	0.399660417	0.399626583	0.060357	437500336	1	0	0.006063875	1.677734375
FULLT	run2	iid@10000	40	4	0.547153833	0.547105166	0.064892125	626327312	1	0	0.005951709	1.677734375
FULLT	run2	iid@10000	20	5	0.413137375	0.413104792	0.073358	437500336	1	0	0.005929834	1.677734375
FULLT	run2	iid@10000	40	5	0.559933375	0.559886083	0.074062833	626327312	1	0	0.0059375	1.677734375
FULLT	run2	iid@10000	20	6	0.411905166	0.411884833	0.075050708	437500336	1	0	0.005896375	1.677734375
FULLT	run2	iid@10000	40	6	0.559010458	0.558956083	0.075069542	626327312	1	0	0.005996334	1.677734375
FULLT	run2	iid@10000	20	7	0.41284275	0.41280675	0.074930583	437500336	1	0	0.005976375	1.677734375
FULLT	run2	iid@10000	40	7	0.558041583	0.557998291	0.074496917	626327312	1	0	0.005979041	1.677734375
FULLT	run2	iid@10000	20	8	0.413386875	0.413353167	0.07465	437500624	1	0	0.00595475	1.677734375
FULLT	run2	iid@10000	40	8	0.566209375	0.56616925	0.074682042	626327312	1	0	0.005973583	1.703125
FULLT	run2	iid@10000	20	9	0.420441541	0.420407583	0.075500875	437500336	1	0	0.005940334	1.703125
FULLT	run2	iid@10000	40	9	0.564855208	0.564813209	0.074575125	626327312	1	0	0.005981	1.703125
FULLT	run2	iid@10000	20	10	0.417435875	0.41739275	0.075560583	437500336	1	0	0.005932	1.703125
FULLT	run2	iid@10000	40	10	0.563053208	0.563008291	0.074391042	626327312	1	0	0.005943375	1.703125
FULLT	run2	iid@10000	20	11	0.415999333	0.415954292	0.078269667	437500336	1	0	0.005985667	1.703125
FULLT	run2	iid@10000	40	11	0.562145458	0.562092	0.075726208	626327312	1	0	0.005997666	1.703125
v6	run3	iid@10000	-1	0	1.410606861114502	0	0	0	0	0	0	0
v6	run3	iid@10000	0	0	5.441870875	5.441344	0.267781252	1844328400	7	1	0.005888583	1.54638671875
v6	run3	iid@10000	20	1	0.336735208	0.336711042	0.058854208	343954224	1	0	0.005964041	1.50244140625
v6	run3	iid@10000	40	1	0.481787959	0.481751334	0.062369708	487999120	1	0	0.0059	1.50244140625
v6	run3	iid@10000	20	2	0.328534917	0.328499459	0.056664167	343954224	1	0	0.005927792	1.50244140625
v6	run3	iid@10000	40	2	0.469287416	0.469237667	0.062296209	487999120	1	0	0.005986625	1.6220703125
v6	run3	iid@10000	20	3	0.274687416	0.2746655	0.0	343954224	0	0	0.005970917	1.6220703125
v6	run3	iid@10000	40	3	0.477196041	0.477150542	0.062548875	487999120	1	0	0.005979208	1.6220703125
v6	run3	iid@10000	20	4	0.269602333	0.269581583	0.0	343954224	0	0	0.005984334	1.6220703125
v6	run3	iid@10000	40	4	0.480390958	0.480332584	0.063586917	487999120	1	0	0.005983291	1.6220703125
v6	run3	iid@10000	20	5	0.27198175	0.271970917	0.0	343954224	0	0	0.005862625	1.6220703125
v6	run3	iid@10000	40	5	0.484208416	0.484175167	0.062700042	487999120	1	0	0.005889292	1.6220703125
v6	run3	iid@10000	20	6	0.270824167	0.270793167	0.0	343954224	0	0	0.0059255	1.6220703125
v6	run3	iid@10000	40	6	0.476097625	0.476050667	0.062729542	487999120	1	0	0.005929916	1.6220703125
v6	run3	iid@10000	20	7	0.271569333	0.2715455	0.0	343954224	0	0	0.005988709	1.6220703125
v6	run3	iid@10000	40	7	0.4756555	0.475621458	0.062330917	487999120	1	0	0.005895042	1.6220703125
v6	run3	iid@10000	20	8	0.269809875	0.269790375	0.0	343954224	0	0	0.005918333	1.6220703125
v6	run3	iid@10000	40	8	0.478094916	0.478050584	0.063021875	487999120	1	0	0.005977375	1.57177734375
v6	run3	iid@10000	20	9	0.270247458	0.270225792	0.0	343954224	0	0	0.00591025	1.57177734375
v6	run3	iid@10000	40	9	0.47162475	0.471578125	0.06257075	487999120	1	0	0.006019833	1.57177734375
v6	run3	iid@10000	20	10	0.270491625	0.270471666	0.0	343954224	0	0	0.005961542	1.57177734375
v6	run3	iid@10000	40	10	0.475143375	0.475096584	0.064199375	487999120	1	0	0.006005583	1.57177734375
v6	run3	iid@10000	20	11	0.274013042	0.273989417	0.0	343954224	0	0	0.005994334	1.57177734375
v6	run3	iid@10000	40	11	0.493245625	0.4932105	0.062890209	487999120	1	0	0.005968333	1.57177734375
FULLT	run3	iid@10000	-1	0	1.3047587871551514	0	0	0	0	0	0	0
FULLT	run3	iid@10000	0	0	6.199026583	6.198413375	0.276033083	2246341504	7	2	0.005956458	1.4443359375
FULLT	run3	iid@10000	20	1	0.411830125	0.41179025	0.071004375	437500336	1	0	0.005962583	1.40869140625
FULLT	run3	iid@10000	40	1	0.564017083	0.563982667	0.06889725	626327312	1	0	0.005881041	1.40869140625
FULLT	run3	iid@10000	20	2	0.405371833	0.405341708	0.059936291	437500336	1	0	0.00589175	1.40869140625
FULLT	run3	iid@10000	40	2	0.5596175	0.559574	0.063958541	626327312	1	0	0.005959	1.40869140625
FULLT	run3	iid@10000	20	3	0.419073084	0.419047667	0.073506	437500336	1	0	0.005888541	1.37548828125
FULLT	run3	iid@10000	40	3	0.571474834	0.571425708	0.074332709	626327312	1	0	0.005899625	1.37548828125
FULLT	run3	iid@10000	20	4	0.414411709	0.414377583	0.073725875	437500336	1	0	0.005958542	1.37548828125
FULLT	run3	iid@10000	40	4	0.561386083	0.561339208	0.064753375	626327312	1	0	0.005888666	1.37548828125
FULLT	run3	iid@10000	20	5	0.33727625	0.337248875	0.0	437500336	0	0	0.005936	1.37548828125
FULLT	run3	iid@10000	40	5	0.57108325	0.57103925	0.074115208	626327312	1	0	0.005977083	1.37548828125
FULLT	run3	iid@10000	20	6	0.34098175	0.340949208	0.0	437500336	0	0	0.005848375	1.37548828125
FULLT	run3	iid@10000	40	6	0.573437958	0.573391167	0.073453666	626327312	1	0	0.005912083	1.37548828125
FULLT	run3	iid@10000	20	7	0.341785542	0.3417525	0.0	437500336	0	0	0.005995	1.37548828125
FULLT	run3	iid@10000	40	7	0.577296041	0.577249834	0.07765725	626327312	1	0	0.005954333	1.34521484375
FULLT	run3	iid@10000	20	8	0.347790125	0.347771375	0.0	437500624	0	0	0.005925042	1.34521484375
FULLT	run3	iid@10000	40	8	0.570672292	0.57063025	0.074969042	626327312	1	0	0.005983958	1.34521484375
FULLT	run3	iid@10000	20	9	0.339393	0.339372125	0.0	437500336	0	0	0.005890333	1.34521484375
FULLT	run3	iid@10000	40	9	0.562852375	0.562808125	0.073767666	626327312	1	0	0.005860708	1.34521484375
FULLT	run3	iid@10000	20	10	0.340439708	0.340407041	0.0	437500336	0	0	0.005896084	1.34521484375
FULLT	run3	iid@10000	40	10	0.571309	0.571263084	0.0747475	626327312	1	0	0.005935375	1.34521484375
FULLT	run3	iid@10000	20	11	0.339247292	0.339215167	0.0	437500336	0	0	0.00597925	1.34521484375
FULLT	run3	iid@10000	40	11	0.567667083	0.567621875	0.07371075	626327312	1	0	0.005934708	1.34521484375
F	run3	iid@10000	-1	0	1.2941598892211914	0	0	0	0	0	0	0
F	run3	iid@10000	0	0	6.425236625	6.424635917	0.373405834	2366963920	8	2	0.005969167	1.26806640625
F	run3	iid@10000	20	1	0.309427084	0.309403208	0.066201834	349653776	1	0	0.005866042	1.2265625
F	run3	iid@10000	40	1	0.423138083	0.423101	0.060230417	505990224	1	0	0.005960334	1.2265625
F	run3	iid@10000	20	2	0.229898292	0.229876375	0.0	349167728	0	0	0.005951875	1.2265625
F	run3	iid@10000	40	2	0.426410625	0.426375292	0.069827583	505990224	1	0	0.005975416	1.2265625
F	run3	iid@10000	20	3	0.235453541	0.235443625	0.0	349167728	0	0	0.005864625	1.2265625
F	run3	iid@10000	40	3	0.440449375	0.440404167	0.070831667	505990224	1	0	0.00597675	1.2265625
F	run3	iid@10000	20	4	0.231975375	0.231951625	0.0	349167728	0	0	0.005951042	1.2265625
F	run3	iid@10000	40	4	0.427477042	0.427455125	0.069874709	505990224	1	0	0.005948125	1.2265625
F	run3	iid@10000	20	5	0.237535875	0.237525833	0.0	349167728	0	0	0.005977125	1.2265625
F	run3	iid@10000	40	5	0.433132959	0.433099958	0.071093541	505990224	1	0	0.00592425	1.2265625
F	run3	iid@10000	20	6	0.230455792	0.230432208	0.0	349167728	0	0	0.005989	1.2265625
F	run3	iid@10000	40	6	0.428470542	0.428440584	0.070579333	505990224	1	0	0.005932958	1.2265625
F	run3	iid@10000	20	7	0.235619458	0.235594291	0.0	349167728	0	0	0.005942209	1.2880859375
F	run3	iid@10000	40	7	0.431882875	0.431849	0.070835375	505990224	1	0	0.005909083	1.2880859375
F	run3	iid@10000	20	8	0.229019542	0.22901025	0.0	349168016	0	0	0.005891916	1.2880859375
F	run3	iid@10000	40	8	0.421430708	0.421387667	0.069645208	505990224	1	0	0.005991458	1.2880859375
F	run3	iid@10000	20	9	0.233955458	0.233944667	0.0	349167728	0	0	0.005940042	1.2880859375
F	run3	iid@10000	40	9	0.432945666	0.432909958	0.070555958	505990224	1	0	0.005961667	1.2880859375
F	run3	iid@10000	20	10	0.228013916	0.227990208	0.0	349167728	0	0	0.005966709	1.2880859375
F	run3	iid@10000	40	10	0.428605917	0.428570541	0.069653625	505990224	1	0	0.005978291	1.2880859375
F	run3	iid@10000	20	11	0.231777583	0.231755167	0.0	349167728	0	0	0.005941833	1.2880859375
F	run3	iid@10000	40	11	0.434623542	0.434593	0.070822333	505990224	1	0	0.005971458	1.2880859375
FULLT	run4	iid@10000	-1	0	1.2990739345550537	0	0	0	0	0	0	0
FULLT	run4	iid@10000	0	0	6.313388625	6.312790125	0.3742825	2246064912	8	2	0.006004833	1.2236328125
FULLT	run4	iid@10000	20	1	0.403901042	0.403878792	0.071125333	437500336	1	0	0.005898667	1.20556640625
FULLT	run4	iid@10000	40	1	0.548520708	0.548470125	0.059561083	626327312	1	0	0.005920791	1.20556640625
FULLT	run4	iid@10000	20	2	0.398646417	0.398625333	0.063644708	437500336	1	0	0.005917916	1.20556640625
FULLT	run4	iid@10000	40	2	0.550691833	0.550645709	0.063993959	626327312	1	0	0.005948917	1.34912109375
FULLT	run4	iid@10000	20	3	0.395015875	0.394995167	0.057519625	437500336	1	0	0.005915667	1.34912109375
FULLT	run4	iid@10000	40	3	0.560831042	0.560782792	0.073690458	626327312	1	0	0.00583375	1.34912109375
FULLT	run4	iid@10000	20	4	0.408886708	0.408852083	0.074302959	437500336	1	0	0.005987792	1.34912109375
FULLT	run4	iid@10000	40	4	0.555753292	0.55570675	0.075098041	626327312	1	0	0.005952875	1.34912109375
FULLT	run4	iid@10000	20	5	0.3330125	0.332991042	0.0	437500336	0	0	0.005937334	1.34912109375
FULLT	run4	iid@10000	40	5	0.545733625	0.545688291	0.064018917	626327312	1	0	0.00598125	1.34912109375
FULLT	run4	iid@10000	20	6	0.333333417	0.333293916	0.0	437500336	0	0	0.006015041	1.34912109375
FULLT	run4	iid@10000	40	6	0.548978333	0.548943459	0.0644935	626327312	1	0	0.005865292	1.34912109375
FULLT	run4	iid@10000	20	7	0.330495375	0.330474833	0.0	437500336	0	0	0.005915583	1.34912109375
FULLT	run4	iid@10000	40	7	0.549551875	0.549510542	0.064150083	626327312	1	0	0.006059875	1.32080078125
FULLT	run4	iid@10000	20	8	0.33537875	0.335348	0.0	437500624	0	0	0.005928166	1.32080078125
FULLT	run4	iid@10000	40	8	0.553391291	0.553348	0.064722625	626327312	1	0	0.005971666	1.32080078125
FULLT	run4	iid@10000	20	9	0.331742084	0.33171175	0.0	437500336	0	0	0.00592625	1.32080078125
FULLT	run4	iid@10000	40	9	0.545503667	0.545461959	0.063917917	626327312	1	0	0.005972958	1.32080078125
FULLT	run4	iid@10000	20	10	0.333469333	0.333448458	0.0	437500336	0	0	0.005937417	1.32080078125
FULLT	run4	iid@10000	40	10	0.549801667	0.549767709	0.064615833	626327312	1	0	0.005872417	1.32080078125
FULLT	run4	iid@10000	20	11	0.330583583	0.330566375	0.0	437500336	0	0	0.005943166	1.32080078125
FULLT	run4	iid@10000	40	11	0.539834	0.539787125	0.064015083	626327312	1	0	0.005920333	1.32080078125
F	run4	iid@10000	-1	0	1.2950007915496826	0	0	0	0	0	0	0
F	run4	iid@10000	0	0	6.432053041	6.431418792	0.368674209	2366951728	8	2	0.005977375	1.2490234375
F	run4	iid@10000	20	1	0.247643583	0.247624875	0.0	349653776	0	0	0.005893208	1.2841796875
F	run4	iid@10000	40	1	0.433622458	0.433584875	0.063048958	505990224	1	0	0.005885458	1.2841796875
F	run4	iid@10000	20	2	0.243173334	0.243163	0.0	349167728	0	0	0.00593575	1.2841796875
F	run4	iid@10000	40	2	0.447507625	0.447470625	0.07128225	505990224	1	0	0.005930375	1.2841796875
F	run4	iid@10000	20	3	0.23768425	0.237661541	0.0	349167728	0	0	0.005837791	1.2841796875
F	run4	iid@10000	40	3	0.456460625	0.456425125	0.073005709	505990224	1	0	0.005949666	1.2841796875
F	run4	iid@10000	20	4	0.242425667	0.242402292	0.0	349167728	0	0	0.005892333	1.2841796875
F	run4	iid@10000	40	4	0.449775083	0.449739542	0.071199	505990224	1	0	0.00586375	1.2841796875
F	run4	iid@10000	20	5	0.238321	0.238310333	0.0	349167728	0	0	0.005963625	1.2841796875
F	run4	iid@10000	40	5	0.443746875	0.443715709	0.070570833	505990224	1	0	0.005980542	1.2841796875
F	run4	iid@10000	20	6	0.244121958	0.244099	0.0	349167728	0	0	0.00589325	1.2841796875
F	run4	iid@10000	40	6	0.450824125	0.450791208	0.072100167	505990224	1	0	0.005933958	1.2841796875
F	run4	iid@10000	20	7	0.2378525	0.237845667	0.0	349167728	0	0	0.00594575	1.34130859375
F	run4	iid@10000	40	7	0.444663208	0.444630834	0.070467708	505990224	1	0	0.005936292	1.34130859375
F	run4	iid@10000	20	8	0.244759375	0.24473675	0.0	349168016	0	0	0.00594675	1.34130859375
F	run4	iid@10000	40	8	0.447429459	0.447397	0.071096833	505990224	1	0	0.005865708	1.34130859375
F	run4	iid@10000	20	9	0.239934166	0.239909916	0.0	349167728	0	0	0.005980541	1.34130859375
F	run4	iid@10000	40	9	0.443044	0.442999125	0.070359583	505990224	1	0	0.00593225	1.34130859375
F	run4	iid@10000	20	10	0.243325083	0.2433145	0.0	349167728	0	0	0.005970625	1.34130859375
F	run4	iid@10000	40	10	0.447275333	0.447245875	0.071241583	505990224	1	0	0.00598825	1.34130859375
F	run4	iid@10000	20	11	0.237012375	0.23698575	0.0	349167728	0	0	0.0059725	1.34130859375
F	run4	iid@10000	40	11	0.4408315	0.440798125	0.070255417	505990224	1	0	0.005944958	1.34130859375
v6	run4	iid@10000	-1	0	1.4055960178375244	0	0	0	0	0	0	0
v6	run4	iid@10000	0	0	5.447221541	5.446689792	0.263918917	1844204640	7	1	0.005976792	1.3388671875
v6	run4	iid@10000	20	1	0.336569459	0.336550417	0.054792125	343954224	1	0	0.005981417	1.3916015625
v6	run4	iid@10000	40	1	0.47969925	0.479669625	0.05716925	487999120	1	0	0.005891875	1.3916015625
v6	run4	iid@10000	20	2	0.340043666	0.340005917	0.062751458	343954224	1	0	0.005976	1.3916015625
v6	run4	iid@10000	40	2	0.48311975	0.483086	0.057540542	487999120	1	0	0.0059415	1.3916015625
v6	run4	iid@10000	20	3	0.28517575	0.285155042	0.0	343954224	0	0	0.005949542	1.3916015625
v6	run4	iid@10000	40	3	0.491930292	0.491896	0.062402458	487999120	1	0	0.005910334	1.3916015625
v6	run4	iid@10000	20	4	0.272710834	0.272679042	0.0	343954224	0	0	0.005936708	1.35986328125
v6	run4	iid@10000	40	4	0.487134791	0.48708875	0.062712792	487999120	1	0	0.005998958	1.35986328125
v6	run4	iid@10000	20	5	0.276653625	0.276630084	0.0	343954224	0	0	0.005962958	1.35986328125
v6	run4	iid@10000	40	5	0.496670125	0.496635416	0.062597	487999120	1	0	0.005866042	1.35986328125
v6	run4	iid@10000	20	6	0.280462917	0.280429458	0.0	343954224	0	0	0.005940458	1.35986328125
v6	run4	iid@10000	40	6	0.499938917	0.499892333	0.064238583	487999120	1	0	0.005979041	1.35986328125
v6	run4	iid@10000	20	7	0.281052417	0.281029708	0.0	343954224	0	0	0.005957667	1.35986328125
v6	run4	iid@10000	40	7	0.489834292	0.489787958	0.06243525	487999120	1	0	0.005959833	1.35986328125
v6	run4	iid@10000	20	8	0.272995875	0.272971458	0.0	343954224	0	0	0.005953	1.35986328125
v6	run4	iid@10000	40	8	0.483538	0.483494	0.062976334	487999120	1	0	0.0059795	1.35986328125
v6	run4	iid@10000	20	9	0.282683083	0.282664834	0.0	343954224	0	0	0.005930083	1.35986328125
v6	run4	iid@10000	40	9	0.496186375	0.496158958	0.064286791	487999120	1	0	0.005920625	1.49072265625
v6	run4	iid@10000	20	10	0.274008375	0.273999958	0.0	343954224	0	0	0.005873583	1.49072265625
v6	run4	iid@10000	40	10	0.491450084	0.491420042	0.063570084	487999120	1	0	0.005872041	1.49072265625
v6	run4	iid@10000	20	11	0.278989292	0.27897	0.0	343954224	0	0	0.00598575	1.49072265625
v6	run4	iid@10000	40	11	0.494030666	0.493980584	0.062497125	487999120	1	0	0.005939917	1.49072265625
F	run5	iid@10000	-1	0	1.301279067993164	0	0	0	0	0	0	0
F	run5	iid@10000	0	0	6.431173667	6.430559625	0.372212166	2366971360	8	2	0.005945083	1.455078125
F	run5	iid@10000	20	1	0.319574875	0.319552834	0.068611375	349653776	1	0	0.005874125	1.57861328125
F	run5	iid@10000	40	1	0.445214875	0.44516675	0.069709541	505990224	1	0	0.005958875	1.57861328125
F	run5	iid@10000	20	2	0.237759916	0.237737791	0.0	349167728	0	0	0.006000667	1.57861328125
F	run5	iid@10000	40	2	0.415983667	0.415946833	0.056249667	505990224	1	0	0.005885292	1.57861328125
F	run5	iid@10000	20	3	0.242521541	0.242498542	0.0	349167728	0	0	0.005971667	1.57861328125
F	run5	iid@10000	40	3	0.432722958	0.432689125	0.057627459	505990224	1	0	0.005927042	1.57861328125
F	run5	iid@10000	20	4	0.236830875	0.236813042	0.0	349167728	0	0	0.005973542	1.5322265625
F	run5	iid@10000	40	4	0.419212875	0.419183	0.057447375	505990224	1	0	0.005946417	1.5322265625
F	run5	iid@10000	20	5	0.243053541	0.243042709	0.0	349167728	0	0	0.0058405	1.5322265625
F	run5	iid@10000	40	5	0.432901166	0.432869584	0.058588	505990224	1	0	0.005978417	1.5322265625
F	run5	iid@10000	20	6	0.235682916	0.235658708	0.0	349167728	0	0	0.005905458	1.5322265625
F	run5	iid@10000	40	6	0.4212035	0.421167083	0.058363125	505990224	1	0	0.005991083	1.5322265625
F	run5	iid@10000	20	7	0.243260583	0.2432375	0.0	349167728	0	0	0.005926042	1.5322265625
F	run5	iid@10000	40	7	0.438318208	0.438274833	0.0590925	505990224	1	0	0.005992	1.5322265625
F	run5	iid@10000	20	8	0.235516833	0.23550575	0.0	349168016	0	0	0.005988208	1.5322265625
F	run5	iid@10000	40	8	0.420177958	0.420141166	0.058251625	505990224	1	0	0.005966667	1.5322265625
F	run5	iid@10000	20	9	0.242614875	0.242592583	0.0	349167728	0	0	0.005982584	1.5322265625
F	run5	iid@10000	40	9	0.438671542	0.438637333	0.059818917	505990224	1	0	0.00595475	1.5322265625
F	run5	iid@10000	20	10	0.237612792	0.237607958	0.0	349167728	0	0	0.005978666	1.5322265625
F	run5	iid@10000	40	10	0.422456458	0.422426208	0.058605292	505990224	1	0	0.005974292	1.4892578125
F	run5	iid@10000	20	11	0.242298458	0.242277542	0.0	349167728	0	0	0.005958209	1.4892578125
F	run5	iid@10000	40	11	0.430777417	0.430728958	0.060262791	505990224	1	0	0.005995375	1.4892578125
v6	run5	iid@10000	-1	0	1.4033000469207764	0	0	0	0	0	0	0
v6	run5	iid@10000	0	0	5.451883583	5.451376083	0.262805832	1844278512	7	1	0.005927041	1.41357421875
v6	run5	iid@10000	20	1	0.340050208	0.3400165	0.054408916	343954224	1	0	0.005964666	1.46044921875
v6	run5	iid@10000	40	1	0.485999875	0.48596	0.05702675	487999120	1	0	0.005994292	1.42333984375
v6	run5	iid@10000	20	2	0.3471615	0.34712775	0.062605125	343954224	1	0	0.005990875	1.42333984375
v6	run5	iid@10000	40	2	0.475781833	0.475747959	0.057455875	487999120	1	0	0.005978458	1.42333984375
v6	run5	iid@10000	20	3	0.279407416	0.27939625	0.0	343954224	0	0	0.005953834	1.42333984375
v6	run5	iid@10000	40	3	0.502862333	0.502825291	0.06217	487999120	1	0	0.005899208	1.42333984375
v6	run5	iid@10000	20	4	0.279248333	0.279227792	0.0	343954224	0	0	0.005991791	1.42333984375
v6	run5	iid@10000	40	4	0.484329625	0.484294958	0.063000041	487999120	1	0	0.005889541	1.42333984375
v6	run5	iid@10000	20	5	0.281499667	0.281489625	0.0	343954224	0	0	0.0058955	1.42333984375
v6	run5	iid@10000	40	5	0.494042834	0.494003833	0.06226425	487999120	1	0	0.005938625	1.42333984375
v6	run5	iid@10000	20	6	0.284874625	0.284835375	0.0	343954224	0	0	0.005979208	1.42333984375
v6	run5	iid@10000	40	6	0.493769459	0.493721791	0.063807583	487999120	1	0	0.006014125	1.42333984375
v6	run5	iid@10000	20	7	0.280050875	0.280034083	0.0	343954224	0	0	0.005977584	1.38916015625
v6	run5	iid@10000	40	7	0.496543208	0.496498291	0.063197791	487999120	1	0	0.005927667	1.38916015625
v6	run5	iid@10000	20	8	0.273853125	0.273832375	0.0	343954224	0	0	0.005933292	1.38916015625
v6	run5	iid@10000	40	8	0.489392958	0.489346208	0.063094958	487999120	1	0	0.006004	1.38916015625
v6	run5	iid@10000	20	9	0.281233875	0.281211208	0.0	343954224	0	0	0.005970042	1.38916015625
v6	run5	iid@10000	40	9	0.486732209	0.4866905	0.062580791	487999120	1	0	0.005902084	1.38916015625
v6	run5	iid@10000	20	10	0.272346833	0.272329209	0.0	343954224	0	0	0.006004875	1.38916015625
v6	run5	iid@10000	40	10	0.486285084	0.486240291	0.062981208	487999120	1	0	0.005981792	1.38916015625
v6	run5	iid@10000	20	11	0.28178525	0.281763375	0.0	343954224	0	0	0.00592775	1.38916015625
v6	run5	iid@10000	40	11	0.493071916	0.493037667	0.062276041	487999120	1	0	0.005952917	1.38916015625
FULLT	run5	iid@10000	-1	0	1.2979779243469238	0	0	0	0	0	0	0
FULLT	run5	iid@10000	0	0	6.276726291	6.276141042	0.299969709	2246341328	8	2	0.006048667	1.302734375
FULLT	run5	iid@10000	20	1	0.41265475	0.412633166	0.069522041	437500336	1	0	0.005931667	1.2783203125
FULLT	run5	iid@10000	40	1	0.647208166	0.64714775	0.143521334	626327312	2	1	0.005892417	1.2783203125
FULLT	run5	iid@10000	20	2	0.405902208	0.405866625	0.062831625	437500336	1	0	0.005954375	1.255859375
FULLT	run5	iid@10000	40	2	0.633500584	0.6334435	0.126275708	626327312	2	1	0.005941959	1.255859375
FULLT	run5	iid@10000	20	3	0.410005166	0.409970958	0.062431666	437500336	1	0	0.005974333	1.255859375
FULLT	run5	iid@10000	40	3	0.641548	0.641501583	0.136059125	626327312	2	1	0.005861708	1.255859375
FULLT	run5	iid@10000	20	4	0.416700959	0.416643791	0.074155583	437500336	1	0	0.005987416	1.255859375
FULLT	run5	iid@10000	40	4	0.57510475	0.575045459	0.0749725	626327312	1	0	0.005968541	1.255859375
FULLT	run5	iid@10000	20	5	0.414145834	0.414115584	0.070876625	437500336	1	0	0.005984584	1.255859375
FULLT	run5	iid@10000	40	5	0.572352375	0.57230875	0.0697645	626327312	1	0	0.005920458	1.255859375
FULLT	run5	iid@10000	20	6	0.413501958	0.413464542	0.070256667	437500336	1	0	0.005977667	1.255859375
FULLT	run5	iid@10000	40	6	0.570611375	0.570567041	0.069922166	626327312	1	0	0.005991334	1.2353515625
FULLT	run5	iid@10000	20	7	0.414281542	0.414245667	0.070047041	437500336	1	0	0.005966208	1.2353515625
FULLT	run5	iid@10000	40	7	0.568454792	0.568406125	0.069875167	626327312	1	0	0.005930084	1.2353515625
FULLT	run5	iid@10000	20	8	0.412926083	0.412905	0.071141041	437500624	1	0	0.005887209	1.2353515625
FULLT	run5	iid@10000	40	8	0.571491209	0.571444916	0.06967375	626327312	1	0	0.005923458	1.2353515625
FULLT	run5	iid@10000	20	9	0.409798542	0.409777791	0.070244666	437500336	1	0	0.005843625	1.2353515625
FULLT	run5	iid@10000	40	9	0.56638325	0.566332	0.070126833	626327312	1	0	0.005899375	1.2353515625
FULLT	run5	iid@10000	20	10	0.410887458	0.410850125	0.070177708	437500336	1	0	0.005873583	1.2353515625
FULLT	run5	iid@10000	40	10	0.569920792	0.56987625	0.070197084	626327312	1	0	0.005968417	1.2353515625
FULLT	run5	iid@10000	20	11	0.412817167	0.412782833	0.070164791	437500336	1	0	0.005938209	1.21630859375
FULLT	run5	iid@10000	40	11	0.570531625	0.570488166	0.070778875	626327312	1	0	0.005971916	1.21630859375
FULLT	run1	iid@100000	-1	0	1.2932510375976562	0	0	0	0	0	0	0
FULLT	run1	iid@100000	0	0	13.258160167	13.256940958	2.804986249	6184961136	14	4	0.005918959	1.16796875
FULLT	run1	iid@100000	20	1	7.718704042	7.718066042	2.754847084	4375882848	7	3	0.005992583	1.21533203125
FULLT	run1	iid@100000	40	1	11.000438	10.9994295	3.256206374	6263909824	11	3	0.005942333	1.40283203125
FULLT	run1	iid@100000	20	2	7.20671475	7.2061045	2.252492041	4375882848	6	2	0.0059605	1.34033203125
FULLT	run1	iid@100000	40	2	10.136386875	10.135519959	2.568409834	6263909824	10	3	0.0059755	1.28759765625
FULLT	run1	iid@100000	20	3	6.6136525	6.613101125	1.709586124	4375882848	3	1	0.005975958	1.24267578125
FULLT	run1	iid@100000	40	3	11.085871291	11.084920833	3.2852975	6263909824	11	3	0.005965625	1.22314453125
FULLT	run1	iid@100000	20	4	6.939030125	6.938385792	2.240556082	4375882848	5	2	0.005978125	1.1884765625
FULLT	run1	iid@100000	40	4	10.029045	10.028205875	2.631596373	6263909824	9	2	0.00596625	1.38671875
FULLT	run1	iid@100000	20	5	6.710149583	6.709590583	2.135311125	4375882848	6	2	0.005932666	1.400390625
FULLT	run1	iid@100000	40	5	10.516029	10.515136584	2.632176126	6263909824	10	3	0.005957375	1.3681640625
F	run1	iid@100000	-1	0	1.3029310703277588	0	0	0	0	0	0	0
F	run1	iid@100000	0	0	12.193543709	12.19243475	2.702200293	5510736816	13	4	0.005890958	1.33056640625
F	run1	iid@100000	20	1	5.345260958	5.344819291	2.039309459	3497612736	6	2	0.006000416	1.279296875
F	run1	iid@100000	40	1	8.41759175	8.416873875	2.375162582	5065149184	10	2	0.005932042	1.2568359375
F	run1	iid@100000	20	2	5.28861475	5.288147583	1.96567454	3492932384	5	2	0.005977459	1.216796875
F	run1	iid@100000	40	2	8.012152292	8.01139325	2.416023667	5065149184	7	2	0.006024333	1.279296875
F	run1	iid@100000	20	3	5.879218417	5.878726125	2.091020834	3497126688	5	2	0.005983458	1.31591796875
F	run1	iid@100000	40	3	8.040855459	8.040195542	2.469772249	5065149184	7	2	0.005862334	1.29052734375
F	run1	iid@100000	20	4	5.748583833	5.748097125	2.135820292	3497126688	5	2	0.005933583	1.24560546875
F	run1	iid@100000	40	4	8.00767925	8.006866625	2.454831749	5065149184	7	2	0.005930666	1.2255859375
F	run1	iid@100000	20	5	5.638325958	5.637838417	2.151064543	3497126688	5	2	0.005957167	1.20751953125
F	run1	iid@100000	40	5	8.032710542	8.032019125	2.502525	5065149184	7	2	0.005930291	1.32861328125
v6	run1	iid@100000	-1	0	1.4059779644012451	0	0	0	0	0	0	0
v6	run1	iid@100000	0	0	12.71638725	12.715202708	2.816534459	4939773520	12	4	0.005930833	1.4482421875
v6	run1	iid@100000	20	1	7.345232792	7.344607333	2.089920998	3439462528	7	2	0.005947458	1.5576171875
v6	run1	iid@100000	40	1	11.906842334	11.905837958	2.857208334	4879507424	10	3	0.005979833	1.47119140625
v6	run1	iid@100000	20	2	7.230373875	7.229765667	1.984273582	3439462528	6	2	0.005895583	1.47802734375
v6	run1	iid@100000	40	2	10.840674458	10.839767375	2.407552045	4879507424	10	2	0.005973917	1.439453125
v6	run1	iid@100000	20	3	7.231720292	7.231116542	1.981499875	3439462528	6	2	0.0059575	1.34130859375
v6	run1	iid@100000	40	3	11.250179708	11.249230667	2.36717275	4879507424	10	2	0.005880667	1.31396484375
v6	run1	iid@100000	20	4	7.251286125	7.250692625	1.998894085	3439462528	6	2	0.005970334	1.26513671875
v6	run1	iid@100000	40	4	11.056666292	11.05568875	2.383627666	4879507424	10	2	0.005955875	1.22412109375
v6	run1	iid@100000	20	5	7.291380417	7.290755917	2.030182833	3439462528	6	2	0.0059855	1.189453125
v6	run1	iid@100000	40	5	11.195231542	11.194285375	2.413094876	4879507424	10	2	0.005972292	1.15966796875
F	run2	iid@100000	-1	0	1.2971539497375488	0	0	0	0	0	0	0
F	run2	iid@100000	0	0	12.231456208	12.230307375	2.706940334	5510984528	13	4	0.005927	1.05126953125
F	run2	iid@100000	20	1	5.335682333	5.335223125	2.027825083	3493156288	6	2	0.005983125	1.04296875
F	run2	iid@100000	40	1	7.859387666	7.858740625	2.286092415	5060692736	10	2	0.005864042	1.119140625
F	run2	iid@100000	20	2	5.290585542	5.29012875	1.937480042	3492670240	5	2	0.0059755	1.173828125
F	run2	iid@100000	40	2	7.92516275	7.924484916	2.401797166	5060692736	7	2	0.005986875	1.23974609375
F	run2	iid@100000	20	3	5.669894917	5.669408917	2.022208791	3492670240	5	2	0.00586025	1.22021484375
F	run2	iid@100000	40	3	8.058327833	8.057625625	2.429499624	5060692736	7	2	0.005985709	1.25927734375
F	run2	iid@100000	20	4	5.986595125	5.985999459	2.13081625	3492670240	5	2	0.005895666	1.23828125
F	run2	iid@100000	40	4	8.043795708	8.043122833	2.475407751	5060692736	7	2	0.005922875	1.201171875
F	run2	iid@100000	20	5	5.704431625	5.703943292	2.113303459	3492670240	5	2	0.005938083	1.18505859375
F	run2	iid@100000	40	5	8.064816834	8.064146333	2.489716166	5060692736	7	2	0.005943417	1.169921875
v6	run2	iid@100000	-1	0	1.4053208827972412	0	0	0	0	0	0	0
v6	run2	iid@100000	0	0	12.738369375	12.737191125	2.809137124	4939770992	12	4	0.005927792	1.31005859375
v6	run2	iid@100000	20	1	7.248951375	7.2483315	2.072211335	3439462528	7	2	0.005960791	1.314453125
v6	run2	iid@100000	40	1	11.804395708	11.803415	2.802391627	4879507424	10	3	0.005945084	1.369140625
v6	run2	iid@100000	20	2	7.142066417	7.141472875	1.988015791	3439462528	6	2	0.0060175	1.57568359375
v6	run2	iid@100000	40	2	10.859115	10.858180125	2.426914038	4879507424	10	2	0.005965041	1.609375
v6	run2	iid@100000	20	3	7.169939875	7.169297833	1.978290166	3439462528	6	2	0.00593525	1.6689453125
v6	run2	iid@100000	40	3	11.134327458	11.13339225	2.412357835	4879507424	10	2	0.005962292	1.56591796875
v6	run2	iid@100000	20	4	7.252788125	7.252167584	1.998277083	3439462528	6	2	0.005952958	1.478515625
v6	run2	iid@100000	40	4	11.116915083	11.115944458	2.361230959	4879507424	10	2	0.005921958	1.404296875
v6	run2	iid@100000	20	5	7.275308875	7.274680459	2.026113126	3439462528	6	2	0.006016458	1.4150390625
v6	run2	iid@100000	40	5	11.286814916	11.285849667	2.435615334	4879507424	10	2	0.005977417	1.38134765625
FULLT	run2	iid@100000	-1	0	1.316058874130249	0	0	0	0	0	0	0
FULLT	run2	iid@100000	0	0	13.981857	13.980519875	3.222139041	6185269520	14	5	0.00588575	1.44189453125
FULLT	run2	iid@100000	20	1	7.810015042	7.809293042	2.841113458	4376144992	8	3	0.005982833	1.34326171875
FULLT	run2	iid@100000	40	1	11.055769	11.054829417	3.252219916	6267841984	11	3	0.005989583	1.2900390625
FULLT	run2	iid@100000	20	2	7.175085584	7.174426542	2.243895624	4379815008	6	2	0.005959334	1.2451171875
FULLT	run2	iid@100000	40	2	10.205316833	10.204447792	2.584018251	6267841984	10	3	0.005977	1.22509765625
FULLT	run2	iid@100000	20	3	6.651455041	6.650901958	1.710079126	4379815008	3	1	0.005966458	1.1904296875
FULLT	run2	iid@100000	40	3	11.076232	11.075300708	3.19507071	6267841984	11	3	0.005936667	1.38818359375
FULLT	run2	iid@100000	20	4	6.879337208	6.878738542	2.21703925	4379815008	5	2	0.005921292	1.328125
FULLT	run2	iid@100000	40	4	10.119677084	10.118848792	2.571367791	6267841984	9	2	0.005868833	1.3017578125
FULLT	run2	iid@100000	20	5	6.704112666	6.703540209	2.112348209	4376144992	6	2	0.005974791	1.3701171875
FULLT	run2	iid@100000	40	5	10.5445215	10.54363425	2.647397083	6267841984	10	3	0.005973708	1.50048828125
v6	run3	iid@100000	-1	0	1.4177441596984863	0	0	0	0	0	0	0
v6	run3	iid@100000	0	0	12.738492458	12.737304	2.826695791	4939785536	12	4	0.005993916	1.388671875
v6	run3	iid@100000	20	1	7.250237833	7.249587708	2.087600542	3439462528	7	2	0.006004666	1.30224609375
v6	run3	iid@100000	40	1	11.820414959	11.819411666	2.851884456	4879507424	10	3	0.006004958	1.25537109375
v6	run3	iid@100000	20	2	7.192087583	7.191490541	1.980999876	3439462528	6	2	0.005975125	1.2158203125
v6	run3	iid@100000	40	2	10.887854709	10.8869265	2.403520708	4879507424	10	2	0.005889834	1.1982421875
v6	run3	iid@100000	20	3	7.232294	7.231685166	1.977139457	3439462528	6	2	0.005859166	1.30126953125
v6	run3	iid@100000	40	3	11.189517084	11.188596667	2.38149075	4879507424	10	2	0.005869958	1.35693359375
v6	run3	iid@100000	20	4	7.291571708	7.290929958	2.037677083	3439462528	6	2	0.005834792	1.37548828125
v6	run3	iid@100000	40	4	11.112433916	11.1114505	2.365177459	4879507424	10	2	0.005960042	1.39111328125
v6	run3	iid@100000	20	5	7.29070675	7.290092583	2.035299	3439462528	6	2	0.005956625	1.40380859375
v6	run3	iid@100000	40	5	11.302923292	11.301961	2.4522945	4879507424	10	2	0.005894541	1.4150390625
FULLT	run3	iid@100000	-1	0	1.2956140041351318	0	0	0	0	0	0	0
FULLT	run3	iid@100000	0	0	13.964329209	13.963017041	3.255559585	6185013712	14	5	0.005932125	1.55810546875
FULLT	run3	iid@100000	20	1	7.776103875	7.775442667	2.804101207	4376144992	8	3	0.005984167	1.54541015625
FULLT	run3	iid@100000	40	1	10.81630375	10.815377333	3.22571671	6267841984	11	3	0.005976417	1.6083984375
FULLT	run3	iid@100000	20	2	7.1043285	7.1037505	2.216806625	4379815008	6	2	0.005939459	1.5947265625
FULLT	run3	iid@100000	40	2	9.895084458	9.894222167	2.560870458	6267841984	10	3	0.00600175	1.5029296875
FULLT	run3	iid@100000	20	3	6.600647833	6.600108042	1.699935667	4379815008	3	1	0.0059535	1.50537109375
FULLT	run3	iid@100000	40	3	11.158418459	11.157501209	3.275621791	6267841984	11	3	0.005979041	1.46484375
FULLT	run3	iid@100000	20	4	6.896197666	6.895616375	2.191623332	4379815008	5	2	0.005975333	1.46630859375
FULLT	run3	iid@100000	40	4	10.061496166	10.060677625	2.594963001	6267841984	9	2	0.005905917	1.39404296875
FULLT	run3	iid@100000	20	5	6.677472125	6.676900917	2.125181999	4376144992	6	2	0.005903708	1.4130859375
FULLT	run3	iid@100000	40	5	10.340235166	10.339390709	2.632518667	6267841984	10	3	0.005909458	1.3798828125
F	run3	iid@100000	-1	0	1.3021039962768555	0	0	0	0	0	0	0
F	run3	iid@100000	0	0	12.198229291	12.197111625	2.706318832	5510758688	13	4	0.005940416	1.3388671875
F	run3	iid@100000	20	1	5.358889959	5.358421875	2.044144374	3497612736	6	2	0.00597425	1.35986328125
F	run3	iid@100000	40	1	8.431772917	8.431067458	2.378890375	5065149184	10	2	0.005939875	1.33056640625
F	run3	iid@100000	20	2	5.266418708	5.265980958	1.96884171	3492932384	5	2	0.006002084	1.35302734375
F	run3	iid@100000	40	2	7.932570791	7.931890458	2.411664292	5065149184	7	2	0.005927417	1.32470703125
F	run3	iid@100000	20	3	5.882917208	5.882377583	2.091140417	3497126688	5	2	0.005910917	1.2744140625
F	run3	iid@100000	40	3	7.990539458	7.989808042	2.451275084	5065149184	7	2	0.005980334	1.251953125
F	run3	iid@100000	20	4	5.653837917	5.653348167	2.09082725	3497126688	5	2	0.005970833	1.212890625
F	run3	iid@100000	40	4	8.003453458	8.002781625	2.478201792	5065149184	7	2	0.005898583	1.19580078125
F	run3	iid@100000	20	5	5.58403125	5.583544125	2.155948958	3497126688	5	2	0.005972375	1.1796875
F	run3	iid@100000	40	5	7.992644042	7.991962458	2.501850375	5065149184	7	2	0.00596375	1.1513671875
FULLT	run4	iid@100000	-1	0	1.2977209091186523	0	0	0	0	0	0	0
FULLT	run4	iid@100000	0	0	14.031014167	14.029760417	3.266321668	6185035056	14	5	0.005984333	1.2587890625
FULLT	run4	iid@100000	20	1	7.169434292	7.168846708	2.228618334	4376144992	7	3	0.005920208	1.3486328125
FULLT	run4	iid@100000	40	1	9.886962458	9.886117834	2.058749582	6267841984	7	1	0.005961084	1.37451171875
FULLT	run4	iid@100000	20	2	6.842029458	6.841454875	2.050204583	4376144992	7	3	0.005976375	1.4765625
FULLT	run4	iid@100000	40	2	9.818867916	9.818049583	1.991839625	6267841984	6	1	0.00597375	1.43798828125
FULLT	run4	iid@100000	20	3	6.777634667	6.777071458	2.070612168	4376144992	6	2	0.005962291	1.3701171875
FULLT	run4	iid@100000	40	3	10.1648045	10.163972459	2.610752253	6267841984	10	3	0.005891916	1.38671875
FULLT	run4	iid@100000	20	4	6.675495	6.674935	1.72142675	4379815008	3	1	0.005944625	1.32666015625
FULLT	run4	iid@100000	40	4	11.022828417	11.02189775	3.256175333	6267841984	11	3	0.005967791	1.30029296875
FULLT	run4	iid@100000	20	5	6.867743833	6.86718125	2.211759708	4379815008	5	2	0.006007958	1.25341796875
FULLT	run4	iid@100000	40	5	10.205524625	10.20466775	2.632787293	6267841984	9	2	0.005928125	1.2138671875
F	run4	iid@100000	-1	0	1.2985460758209229	0	0	0	0	0	0	0
F	run4	iid@100000	0	0	12.195903375	12.194749458	2.691321043	5510685568	13	4	0.005996417	1.3193359375
F	run4	iid@100000	20	1	5.283080417	5.282625292	2.028533001	3497612736	6	2	0.006038	1.24755859375
F	run4	iid@100000	40	1	8.29055975	8.289866334	2.357518584	5065149184	10	2	0.005987125	1.2275390625
F	run4	iid@100000	20	2	5.247998542	5.247546875	1.97270671	3492932384	5	2	0.005964542	1.208984375
F	run4	iid@100000	40	2	7.893016042	7.892363833	2.422171042	5065149184	7	2	0.005957458	1.17626953125
F	run4	iid@100000	20	3	5.867201417	5.8667025	2.092398084	3497126688	5	2	0.005925125	1.162109375
F	run4	iid@100000	40	3	7.965960125	7.96528975	2.4397675	5065149184	7	2	0.005930875	1.14892578125
F	run4	iid@100000	20	4	5.740768083	5.740255958	2.148278375	3497126688	5	2	0.0059705	1.19921875
F	run4	iid@100000	40	4	7.976557875	7.975811958	2.495011208	5065149184	7	2	0.005958	1.18310546875
F	run4	iid@100000	20	5	5.513842708	5.513346833	2.149429918	3497126688	5	2	0.005970791	1.154296875
F	run4	iid@100000	40	5	8.023229167	8.02256425	2.511097542	5065149184	7	2	0.0059505	1.1416015625
v6	run4	iid@100000	-1	0	1.4065790176391602	0	0	0	0	0	0	0
v6	run4	iid@100000	0	0	12.742615	12.741469958	2.816899499	4939784896	12	4	0.005935666	1.20166015625
v6	run4	iid@100000	20	1	7.258524041	7.257876166	2.074528332	3439462528	7	2	0.005998833	1.169921875
v6	run4	iid@100000	40	1	11.802204291	11.801197333	2.848081291	4879507424	10	3	0.005985959	1.1435546875
v6	run4	iid@100000	20	2	7.158505333	7.157898416	1.985222	3439462528	6	2	0.005961541	1.12109375
v6	run4	iid@100000	40	2	11.020488084	11.019543541	2.422855377	4879507424	10	2	0.005933375	1.10205078125
v6	run4	iid@100000	20	3	7.239501792	7.238897709	1.990502168	3439462528	6	2	0.005984917	1.0859375
v6	run4	iid@100000	40	3	11.257097208	11.256130792	2.427144625	4879507424	10	2	0.005868708	1.07861328125
v6	run4	iid@100000	20	4	7.300378042	7.299772959	2.010319166	3439462528	6	2	0.005966459	1.27587890625
v6	run4	iid@100000	40	4	11.070546625	11.069616334	2.369821249	4879507424	10	2	0.00598325	1.33349609375
v6	run4	iid@100000	20	5	7.274269709	7.273599958	2.022174584	3439462528	6	2	0.005977875	1.36181640625
v6	run4	iid@100000	40	5	11.22036925	11.219411875	2.38112654	4879507424	10	2	0.00592075	1.3056640625
F	run5	iid@100000	-1	0	1.303764820098877	0	0	0	0	0	0	0
F	run5	iid@100000	0	0	12.24189225	12.240751666	2.712565331	5510793440	13	4	0.005982417	1.40380859375
F	run5	iid@100000	20	1	5.343602458	5.343107167	2.032662626	3497612736	6	2	0.005930083	1.34130859375
F	run5	iid@100000	40	1	8.437017708	8.436292208	2.378627042	5065149184	10	2	0.006205792	1.31396484375
F	run5	iid@100000	20	2	5.309683708	5.30923475	1.984074334	3492932384	5	2	0.005931292	1.3388671875
F	run5	iid@100000	40	2	8.027114083	8.026440958	2.405033415	5065149184	7	2	0.005926875	1.3115234375
F	run5	iid@100000	20	3	5.89796725	5.897441333	2.097632124	3497126688	5	2	0.005984292	1.33642578125
F	run5	iid@100000	40	3	8.042896583	8.042223875	2.443501749	5065149184	7	2	0.005935375	1.62939453125
F	run5	iid@100000	20	4	5.730636292	5.730151625	2.127425708	3497126688	5	2	0.005974541	1.5322265625
F	run5	iid@100000	40	4	8.069576959	8.068908125	2.485592375	5065149184	7	2	0.005972667	1.4892578125
F	run5	iid@100000	20	5	5.620129417	5.619648084	2.163573208	3497126688	5	2	0.005906875	1.41357421875
F	run5	iid@100000	40	5	8.035059709	8.034384625	2.508313877	5065149184	7	2	0.005986791	1.38037109375
v6	run5	iid@100000	-1	0	1.4069900512695312	0	0	0	0	0	0	0
v6	run5	iid@100000	0	0	12.759801833	12.758631167	2.824122874	4939785392	12	4	0.005929875	1.4404296875
v6	run5	iid@100000	20	1	7.268016583	7.267394625	2.067746834	3439462528	7	2	0.005951666	1.3720703125
v6	run5	iid@100000	40	1	11.890069666	11.889053792	2.848971044	4879507424	10	3	0.005993209	1.39404296875
v6	run5	iid@100000	20	2	7.164752	7.164147375	1.986581919	3439462528	6	2	0.005965625	1.3330078125
v6	run5	iid@100000	40	2	11.048983584	11.048037125	2.433651961	4879507424	10	2	0.005935875	1.30615234375
v6	run5	iid@100000	20	3	7.226829083	7.226215333	1.967586665	3439462528	6	2	0.005924459	1.3173828125
v6	run5	iid@100000	40	3	11.243578875	11.242611	2.419199417	4879507424	10	2	0.00594875	1.29150390625
v6	run5	iid@100000	20	4	7.254738917	7.25410275	2.016331751	3439462528	6	2	0.005924792	1.24658203125
v6	run5	iid@100000	40	4	11.224897125	11.223910042	2.377701917	4879507424	10	2	0.0059405	1.2080078125
v6	run5	iid@100000	20	5	7.256278167	7.255659708	2.028296834	3439462528	6	2	0.005974042	1.25537109375
v6	run5	iid@100000	40	5	11.195225	11.194273708	2.414464333	4879507424	10	2	0.005893875	1.2158203125
FULLT	run5	iid@100000	-1	0	1.3025507926940918	0	0	0	0	0	0	0
FULLT	run5	iid@100000	0	0	13.9711625	13.9699085	3.217499541	6184972928	14	5	0.005973041	1.40087890625
FULLT	run5	iid@100000	20	1	7.788046209	7.787363583	2.819282375	4376144992	8	3	0.00592225	1.37939453125
FULLT	run5	iid@100000	40	1	11.078181958	11.077253209	3.233974626	6267841984	11	3	0.005919709	1.3486328125
FULLT	run5	iid@100000	20	2	7.224940834	7.224307666	2.247633667	4379815008	6	2	0.005975042	1.29443359375
FULLT	run5	iid@100000	40	2	10.190984125	10.190115375	2.595614918	6267841984	10	3	0.005928375	1.24853515625
FULLT	run5	iid@100000	20	3	6.570451625	6.569913084	1.6652555	4379815008	3	1	0.005964958	1.36376953125
FULLT	run5	iid@100000	40	3	11.113943625	11.113014375	3.20715725	6267841984	11	3	0.005965917	1.33447265625
FULLT	run5	iid@100000	20	4	6.887074	6.886488542	2.216185416	4379815008	5	2	0.005930083	1.28271484375
FULLT	run5	iid@100000	40	4	10.143183208	10.142316875	2.596702126	6267841984	9	2	0.005954333	1.23876953125
FULLT	run5	iid@100000	20	5	6.709723542	6.70917075	2.129533542	4376144992	6	2	0.005893583	1.20166015625
FULLT	run5	iid@100000	40	5	10.508547375	10.507675667	2.630182542	6267841984	10	3	0.00591975	1.18505859375
FULLT	run1	betabern@50000	-1	0	1.29630708694458	0	0	0	0	0	0	0
FULLT	run1	betabern@50000	0	0	6.298462417	6.297843333	0.642995543	2418484736	8	2	0.00596925	1.1318359375
FULLT	run1	betabern@50000	1	1	1.073957666	1.073872916	0.277983042	878225392	2	1	0.00593075	1.12109375
FULLT	run1	betabern@50000	1	2	0.945570083	0.945486167	0.1566835	878225392	1	0	0.005975292	1.111328125
FULLT	run1	betabern@50000	1	3	0.942868041	0.942791583	0.154981042	878225392	1	0	0.005887917	1.111328125
FULLT	run1	betabern@50000	1	4	0.951619166	0.951541042	0.156494625	878225392	1	0	0.005903666	1.111328125
FULLT	run1	betabern@50000	1	5	0.944903333	0.944840375	0.15487575	878225392	1	0	0.005932	1.111328125
F	run1	betabern@50000	-1	0	1.2928740978240967	0	0	0	0	0	0	0
F	run1	betabern@50000	0	0	6.261809667	6.261200959	0.465473791	2431067248	7	2	0.00598525	1.15380859375
F	run1	betabern@50000	1	1	0.475477291	0.475439542	0.0	681440560	0	0	0.005835208	1.14111328125
F	run1	betabern@50000	1	2	0.643120583	0.64307625	0.187612292	679821232	1	0	0.0058855	1.14111328125
F	run1	betabern@50000	1	3	0.458057875	0.458019833	0.0	679821232	0	0	0.005932834	1.14111328125
F	run1	betabern@50000	1	4	0.457182584	0.457140542	0.0	679821232	0	0	0.005982292	1.14111328125
F	run1	betabern@50000	1	5	0.4568945	0.456859209	0.0	679821232	0	0	0.005937166	1.14111328125
v6	run1	betabern@50000	-1	0	1.4059138298034668	0	0	0	0	0	0	0
v6	run1	betabern@50000	0	0	5.483910208	5.483381125	0.638267249	2023430128	8	2	0.005920459	1.11865234375
v6	run1	betabern@50000	1	1	0.877509958	0.877421958	0.299238833	718794240	2	1	0.0059035	1.10009765625
v6	run1	betabern@50000	1	2	0.7582755	0.7582045	0.193265208	718794240	1	0	0.005929042	1.10009765625
v6	run1	betabern@50000	1	3	0.743852958	0.743797416	0.164389333	718794240	1	0	0.005890875	1.10009765625
v6	run1	betabern@50000	1	4	0.743888416	0.743831959	0.163545375	718794240	1	0	0.005931625	1.10009765625
v6	run1	betabern@50000	1	5	0.74723475	0.747166792	0.164237625	718794240	1	0	0.005934	1.10009765625
F	run2	betabern@50000	-1	0	1.3007609844207764	0	0	0	0	0	0	0
F	run2	betabern@50000	0	0	6.269234125	6.268639125	0.489436626	2431042816	8	2	0.0059685	1.0771484375
F	run2	betabern@50000	1	1	0.47912325	0.479085708	0.0	681440560	0	0	0.005880833	1.07080078125
F	run2	betabern@50000	1	2	0.624541041	0.624479958	0.1668925	679821232	1	0	0.005945167	1.07080078125
F	run2	betabern@50000	1	3	0.627405584	0.62736225	0.168990458	679821232	1	0	0.005891	1.07080078125
F	run2	betabern@50000	1	4	0.624394416	0.624322708	0.168661417	679821232	1	0	0.005939125	1.07080078125
F	run2	betabern@50000	1	5	0.621605875	0.621558709	0.169124583	679821232	1	0	0.005927375	1.07080078125
v6	run2	betabern@50000	-1	0	1.4019591808319092	0	0	0	0	0	0	0
v6	run2	betabern@50000	0	0	5.345663417	5.345135708	0.473851251	2023502576	7	2	0.005922917	1.0595703125
v6	run2	betabern@50000	1	1	0.563226791	0.563186583	0.0	718794240	0	0	0.005965041	1.05029296875
v6	run2	betabern@50000	1	2	0.742756209	0.742696417	0.167117167	718794240	1	0	0.005869625	1.05029296875
v6	run2	betabern@50000	1	3	0.735648834	0.735590583	0.166273459	718794240	1	0	0.005926333	1.05029296875
v6	run2	betabern@50000	1	4	0.736886292	0.736813834	0.165331333	718794240	1	0	0.005949167	1.05029296875
v6	run2	betabern@50000	1	5	0.739993125	0.739925125	0.167292792	718794240	1	0	0.005934792	1.05029296875
FULLT	run2	betabern@50000	-1	0	1.2913899421691895	0	0	0	0	0	0	0
FULLT	run2	betabern@50000	0	0	6.345997208	6.345416084	0.705376166	2418495168	8	2	0.005867875	1.0419921875
FULLT	run2	betabern@50000	1	1	1.09049875	1.090418916	0.305200541	878225392	2	1	0.005891542	1.03515625
FULLT	run2	betabern@50000	1	2	0.968724458	0.968668417	0.171120125	878225392	1	0	0.005917458	1.03515625
FULLT	run2	betabern@50000	1	3	0.942033334	0.941961333	0.158912167	878225392	1	0	0.005871084	1.03515625
FULLT	run2	betabern@50000	1	4	0.946835083	0.946756	0.158300625	878225392	1	0	0.005938625	1.03515625
FULLT	run2	betabern@50000	1	5	0.9419145	0.941834917	0.159457958	878225392	1	0	0.005946333	1.0322265625
v6	run3	betabern@50000	-1	0	1.3998939990997314	0	0	0	0	0	0	0
v6	run3	betabern@50000	0	0	5.50434475	5.503814208	0.633573708	2023505568	8	2	0.005982459	1.02685546875
v6	run3	betabern@50000	1	1	0.8346165	0.834540709	0.246895	718794240	2	1	0.005972458	1.0244140625
v6	run3	betabern@50000	1	2	0.765169291	0.765116625	0.194875875	718794240	1	0	0.005928	1.0244140625
v6	run3	betabern@50000	1	3	0.7428775	0.742811708	0.161742792	718794240	1	0	0.005954709	1.02197265625
v6	run3	betabern@50000	1	4	0.739243208	0.739164042	0.163470292	718794240	1	0	0.005890375	1.02197265625
v6	run3	betabern@50000	1	5	0.736523375	0.736452333	0.162487042	718794240	1	0	0.005973875	1.02197265625
FULLT	run3	betabern@50000	-1	0	1.2924339771270752	0	0	0	0	0	0	0
FULLT	run3	betabern@50000	0	0	6.30756425	6.306975875	0.648891501	2418511792	8	2	0.005985458	1.01806640625
FULLT	run3	betabern@50000	1	1	1.073818959	1.073739708	0.278579	878225392	2	1	0.005917042	1.0166015625
FULLT	run3	betabern@50000	1	2	0.945069875	0.945007041	0.151995958	878225392	1	0	0.005930083	1.01513671875
FULLT	run3	betabern@50000	1	3	0.947032042	0.946943	0.153134792	878225392	1	0	0.005923542	1.01513671875
FULLT	run3	betabern@50000	1	4	0.944981792	0.944902291	0.153141	878225392	1	0	0.005952083	1.01513671875
FULLT	run3	betabern@50000	1	5	0.943069792	0.94299225	0.15276075	878225392	1	0	0.005931667	1.01513671875
F	run3	betabern@50000	-1	0	1.2929530143737793	0	0	0	0	0	0	0
F	run3	betabern@50000	0	0	6.288693208	6.288112583	0.505765752	2431083184	7	2	0.0059345	1.23193359375
F	run3	betabern@50000	1	1	0.486399542	0.486363667	0.0	681440560	0	0	0.00593575	1.212890625
F	run3	betabern@50000	1	2	0.626908625	0.626850583	0.166920916	679821232	1	0	0.005954542	1.212890625
F	run3	betabern@50000	1	3	0.631360958	0.631315417	0.167722292	679821232	1	0	0.005938458	1.212890625
F	run3	betabern@50000	1	4	0.627987209	0.62794275	0.167756958	679821232	1	0	0.005867417	1.212890625
F	run3	betabern@50000	1	5	0.634232375	0.63419125	0.168607208	679821232	1	0	0.005891333	1.19580078125
FULLT	run4	betabern@50000	-1	0	1.2941830158233643	0	0	0	0	0	0	0
FULLT	run4	betabern@50000	0	0	6.341407541	6.340809791	0.697745624	2418499392	8	2	0.005923625	1.1650390625
FULLT	run4	betabern@50000	1	1	1.070503084	1.07042825	0.272828625	878225392	2	1	0.005995958	1.4716796875
FULLT	run4	betabern@50000	1	2	0.943176375	0.943098458	0.153397583	878225392	1	0	0.005955125	1.4716796875
FULLT	run4	betabern@50000	1	3	0.932572709	0.932489208	0.14717	878225392	1	0	0.005934958	1.513671875
FULLT	run4	betabern@50000	1	4	0.932086458	0.9320085	0.146241667	878225392	1	0	0.005940542	1.513671875
FULLT	run4	betabern@50000	1	5	0.936099208	0.936034208	0.146685083	878225392	1	0	0.005939792	1.513671875
F	run4	betabern@50000	-1	0	1.2936410903930664	0	0	0	0	0	0	0
F	run4	betabern@50000	0	0	6.289910125	6.289302875	0.505423043	2431076096	7	2	0.005938	1.51416015625
F	run4	betabern@50000	1	1	0.476736916	0.476695583	0.0	681440560	0	0	0.005985417	1.5146484375
F	run4	betabern@50000	1	2	0.624507083	0.624456	0.168348041	679821232	1	0	0.005923958	1.5146484375
F	run4	betabern@50000	1	3	0.631919542	0.631862	0.168800958	679821232	1	0	0.005925833	1.5146484375
F	run4	betabern@50000	1	4	0.624513959	0.6244475	0.168578167	679821232	1	0	0.005936792	1.5146484375
F	run4	betabern@50000	1	5	0.627455666	0.627411792	0.168650542	679821232	1	0	0.00593625	1.5146484375
v6	run4	betabern@50000	-1	0	1.3981359004974365	0	0	0	0	0	0	0
v6	run4	betabern@50000	0	0	5.480795166	5.480288708	0.632178166	2023450528	8	2	0.005985541	1.5888671875
v6	run4	betabern@50000	1	1	0.889089042	0.889005334	0.31389025	718794240	2	1	0.005952666	1.54150390625
v6	run4	betabern@50000	1	2	0.760233667	0.760165584	0.193999333	718794240	1	0	0.006000334	1.578125
v6	run4	betabern@50000	1	3	0.755120375	0.75505275	0.166924291	718794240	1	0	0.005944125	1.578125
v6	run4	betabern@50000	1	4	0.736758167	0.73669725	0.163793333	718794240	1	0	0.005965833	1.578125
v6	run4	betabern@50000	1	5	0.749828083	0.749759208	0.16764775	718794240	1	0	0.00598425	1.578125
F	run5	betabern@50000	-1	0	1.298105001449585	0	0	0	0	0	0	0
F	run5	betabern@50000	0	0	6.303319	6.30273175	0.503559957	2431084640	7	2	0.005894375	1.72900390625
F	run5	betabern@50000	1	1	0.479703792	0.479669458	0.0	681440560	0	0	0.005836125	1.61669921875
F	run5	betabern@50000	1	2	0.624244292	0.624197458	0.167856125	679821232	1	0	0.005904458	1.61669921875
F	run5	betabern@50000	1	3	0.628480708	0.628437083	0.168594708	679821232	1	0	0.005929083	1.61669921875
F	run5	betabern@50000	1	4	0.623335167	0.623258708	0.168718291	679821232	1	0	0.005937875	1.61669921875
F	run5	betabern@50000	1	5	0.623448	0.623402	0.168655167	679821232	1	0	0.005978542	1.61669921875
v6	run5	betabern@50000	-1	0	1.399087905883789	0	0	0	0	0	0	0
v6	run5	betabern@50000	0	0	5.268587958	5.268107292	0.425370667	2023512656	7	2	0.005895875	1.521484375
v6	run5	betabern@50000	1	1	0.887317375	0.88722575	0.315339291	718794240	2	1	0.005950417	1.52099609375
v6	run5	betabern@50000	1	2	0.560486458	0.560440875	0.0	718794240	0	0	0.005927584	1.52099609375
v6	run5	betabern@50000	1	3	0.73603875	0.735944917	0.165370792	718794240	1	0	0.005936209	1.52099609375
v6	run5	betabern@50000	1	4	0.746809834	0.746741541	0.166508375	718794240	1	0	0.0058965	1.52099609375
v6	run5	betabern@50000	1	5	0.739091708	0.739035542	0.168771333	718794240	1	0	0.005920459	1.52099609375
FULLT	run5	betabern@50000	-1	0	1.2948431968688965	0	0	0	0	0	0	0
FULLT	run5	betabern@50000	0	0	6.366911	6.366277958	0.721707708	2418482128	8	2	0.005979041	1.4404296875
FULLT	run5	betabern@50000	1	1	1.092591834	1.092500625	0.304763125	878225392	2	1	0.005928958	1.51953125
FULLT	run5	betabern@50000	1	2	0.950963708	0.9508895	0.166187625	878225392	1	0	0.005972459	1.51953125
FULLT	run5	betabern@50000	1	3	0.940983	0.940902041	0.158606583	878225392	1	0	0.006063542	1.51953125
FULLT	run5	betabern@50000	1	4	0.945058917	0.944983667	0.157777334	878225392	1	0	0.005910667	1.51953125
FULLT	run5	betabern@50000	1	5	0.941762375	0.941697291	0.1577195	878225392	1	0	0.00583425	1.4775390625
