FULLT	run1	ssm1	1	1	0.054425625	0.052469209	0.0	63913536	0	0	0.005967042	1.98095703125
FULLT	run1	ssm1	1	2	0.053722417	0.051773667	0.0	63913536	0	0	0.005897417	1.98095703125
FULLT	run1	ssm1	1	3	0.054188	0.052218042	0.0	63913536	0	0	0.005937375	1.98095703125
FULLT	run1	ssm1	1	4	0.053489292	0.05152575	0.0	63913536	0	0	0.005909	1.98095703125
FULLT	run1	ssm1	1	5	0.053798917	0.051853167	0.0	63913536	0	0	0.005949458	1.98095703125
F	run1	ssm1	1	1	0.036581042	0.03604	0.0	53134208	0	0	0.005994834	1.70166015625
F	run1	ssm1	1	2	0.036258834	0.03570375	0.0	53134208	0	0	0.005930292	1.70166015625
F	run1	ssm1	1	3	0.035817375	0.035290125	0.0	53134208	0	0	0.005902625	1.70166015625
F	run1	ssm1	1	4	0.036016209	0.035488583	0.0	53134208	0	0	0.005950708	1.70166015625
F	run1	ssm1	1	5	0.036109709	0.035571917	0.0	53134208	0	0	0.005934166	1.70166015625
v6	run1	ssm1	1	1	0.041376708	0.040845417	0.0	58018608	0	0	0.006286125	1.54541015625
v6	run1	ssm1	1	2	0.040716375	0.04018575	0.0	58018608	0	0	0.00589725	1.54541015625
v6	run1	ssm1	1	3	0.040707416	0.040174458	0.0	58018608	0	0	0.005953792	1.54541015625
v6	run1	ssm1	1	4	0.04080675	0.040267208	0.0	58018608	0	0	0.005923875	1.54541015625
v6	run1	ssm1	1	5	0.041412917	0.040878708	0.0	58018608	0	0	0.005948416	1.54541015625
F	run2	ssm1	1	1	0.036465583	0.035904959	0.0	53134208	0	0	0.00597625	1.3896484375
F	run2	ssm1	1	2	0.036236875	0.03570275	0.0	53134208	0	0	0.0058885	1.3896484375
F	run2	ssm1	1	3	0.036288334	0.035749959	0.0	53134208	0	0	0.005925167	1.3896484375
F	run2	ssm1	1	4	0.036722541	0.036180666	0.0	53134208	0	0	0.005987083	1.3896484375
F	run2	ssm1	1	5	0.036095375	0.035558458	0.0	53134208	0	0	0.005865792	1.3896484375
v6	run2	ssm1	1	1	0.041624542	0.041079208	0.0	58018608	0	0	0.005930084	1.37060546875
v6	run2	ssm1	1	2	0.041099333	0.040548792	0.0	58018608	0	0	0.005897334	1.37060546875
v6	run2	ssm1	1	3	0.041446459	0.040903959	0.0	58018608	0	0	0.005929083	1.37060546875
v6	run2	ssm1	1	4	0.041061667	0.040524375	0.0	58018608	0	0	0.005909541	1.37060546875
v6	run2	ssm1	1	5	0.041221667	0.0406795	0.0	58018608	0	0	0.005939417	1.37060546875
FULLT	run2	ssm1	1	1	0.055112666	0.053122917	0.0	63913536	0	0	0.005935542	1.400390625
FULLT	run2	ssm1	1	2	0.055364458	0.053374084	0.0	63913536	0	0	0.005955792	1.400390625
FULLT	run2	ssm1	1	3	0.054938541	0.052973792	0.0	63913536	0	0	0.005843417	1.400390625
FULLT	run2	ssm1	1	4	0.055547209	0.053545875	0.0	63913536	0	0	0.005929833	1.400390625
FULLT	run2	ssm1	1	5	0.055028833	0.053085208	0.0	63913536	0	0	0.0059455	1.400390625
v6	run3	ssm1	1	1	0.0417155	0.0411755	0.0	58018608	0	0	0.007049833	1.458984375
v6	run3	ssm1	1	2	0.041272583	0.040726875	0.0	58018608	0	0	0.005953458	1.458984375
v6	run3	ssm1	1	3	0.040745334	0.040227791	0.0	58018608	0	0	0.005917459	1.458984375
v6	run3	ssm1	1	4	0.041126875	0.040595625	0.0	58018608	0	0	0.005868	1.458984375
v6	run3	ssm1	1	5	0.040845208	0.040326083	0.0	58018608	0	0	0.005931042	1.458984375
FULLT	run3	ssm1	1	1	0.054677625	0.05271475	0.0	63913536	0	0	0.006152875	1.43017578125
FULLT	run3	ssm1	1	2	0.05466075	0.052675834	0.0	63913536	0	0	0.005934958	1.43017578125
FULLT	run3	ssm1	1	3	0.054112667	0.052155333	0.0	63913536	0	0	0.005914542	1.4755859375
FULLT	run3	ssm1	1	4	0.054477292	0.052503667	0.0	63913536	0	0	0.005975916	1.4755859375
FULLT	run3	ssm1	1	5	0.054428334	0.052490542	0.0	63913536	0	0	0.005879791	1.4755859375
F	run3	ssm1	1	1	0.034731791	0.034185042	0.0	53134208	0	0	0.005970833	1.4375
F	run3	ssm1	1	2	0.034576584	0.034034166	0.0	53134208	0	0	0.005885333	1.4375
F	run3	ssm1	1	3	0.034496959	0.033973625	0.0	53134208	0	0	0.005898292	1.4375
F	run3	ssm1	1	4	0.034629917	0.034099375	0.0	53134208	0	0	0.005858166	1.4375
F	run3	ssm1	1	5	0.034773917	0.0342375	0.0	53134208	0	0	0.00594975	1.4375
FULLT	run4	ssm1	1	1	0.056333583	0.054375917	0.0	63913536	0	0	0.005978	1.38671875
FULLT	run4	ssm1	1	2	0.055493292	0.053547834	0.0	63913536	0	0	0.00592125	1.38671875
FULLT	run4	ssm1	1	3	0.055354583	0.053404792	0.0	63913536	0	0	0.005942708	1.38671875
FULLT	run4	ssm1	1	4	0.055605125	0.053655291	0.0	63913536	0	0	0.005896625	1.38671875
FULLT	run4	ssm1	1	5	0.056836708	0.05489	0.0	63913536	0	0	0.005930083	1.38671875
F	run4	ssm1	1	1	0.036858458	0.036315291	0.0	53134208	0	0	0.006307625	1.30029296875
F	run4	ssm1	1	2	0.036515334	0.035988459	0.0	53134208	0	0	0.005956167	1.30029296875
F	run4	ssm1	1	3	0.036445	0.035902209	0.0	53134208	0	0	0.005936083	1.30029296875
F	run4	ssm1	1	4	0.036351459	0.035813458	0.0	53134208	0	0	0.005975834	1.30029296875
F	run4	ssm1	1	5	0.036418083	0.035888458	0.0	53134208	0	0	0.005906583	1.30029296875
v6	run4	ssm1	1	1	0.041363625	0.040818167	0.0	58018608	0	0	0.006011	1.23291015625
v6	run4	ssm1	1	2	0.0403405	0.039785125	0.0	58018608	0	0	0.005950333	1.2138671875
v6	run4	ssm1	1	3	0.040167083	0.0396315	0.0	58018608	0	0	0.005946375	1.2138671875
v6	run4	ssm1	1	4	0.040119625	0.0395835	0.0	58018608	0	0	0.005930791	1.2138671875
v6	run4	ssm1	1	5	0.040244875	0.039712833	0.0	58018608	0	0	0.005929625	1.2138671875
F	run5	ssm1	1	1	0.035463792	0.034923416	0.0	53134208	0	0	0.005976541	1.31298828125
F	run5	ssm1	1	2	0.034474375	0.033941791	0.0	53134208	0	0	0.005936458	1.31298828125
F	run5	ssm1	1	3	0.03450975	0.033954875	0.0	53134208	0	0	0.005979459	1.31298828125
F	run5	ssm1	1	4	0.034470417	0.033932083	0.0	53134208	0	0	0.005936042	1.31298828125
F	run5	ssm1	1	5	0.034638167	0.034100334	0.0	53134208	0	0	0.0059175	1.31298828125
v6	run5	ssm1	1	1	0.042231833	0.041699875	0.0	58018608	0	0	0.005977916	1.4462890625
v6	run5	ssm1	1	2	0.041266208	0.040744542	0.0	58018608	0	0	0.006134667	1.4462890625
v6	run5	ssm1	1	3	0.041262833	0.040722792	0.0	58018608	0	0	0.005922916	1.4462890625
v6	run5	ssm1	1	4	0.041330834	0.040773083	0.0	58018608	0	0	0.005891792	1.4462890625
v6	run5	ssm1	1	5	0.041219125	0.040678042	0.0	58018608	0	0	0.005931583	1.4462890625
FULLT	run5	ssm1	1	1	0.056465292	0.054472292	0.0	63913536	0	0	0.006028833	1.38671875
FULLT	run5	ssm1	1	2	0.055186083	0.053246959	0.0	63913536	0	0	0.00588175	1.38671875
FULLT	run5	ssm1	1	3	0.05539825	0.053434209	0.0	63913536	0	0	0.005965834	1.38671875
FULLT	run5	ssm1	1	4	0.055433084	0.053466958	0.0	63913536	0	0	0.005978167	1.38671875
FULLT	run5	ssm1	1	5	0.055075833	0.053143209	0.0	63913536	0	0	0.005869334	1.38671875
FULLT	run1	ssm2	1	1	0.096057667	0.09311275	0.0	104833248	0	0	0.0059355	1.349609375
FULLT	run1	ssm2	1	2	0.095591125	0.092666042	0.0	104833248	0	0	0.005943291	1.349609375
FULLT	run1	ssm2	1	3	0.095966083	0.093042333	0.0	104833248	0	0	0.005939583	1.349609375
FULLT	run1	ssm2	1	4	0.095471042	0.092546167	0.0	104833248	0	0	0.005933375	1.349609375
FULLT	run1	ssm2	1	5	0.096641458	0.093690792	0.0	104833248	0	0	0.005972791	1.349609375
F	run1	ssm2	1	1	0.065197333	0.064360083	0.0	88842880	0	0	0.00601625	1.24951171875
F	run1	ssm2	1	2	0.065321875	0.064493083	0.0	88842880	0	0	0.00589525	1.2294921875
F	run1	ssm2	1	3	0.064887334	0.064046292	0.0	88842880	0	0	0.005914791	1.2294921875
F	run1	ssm2	1	4	0.064885166	0.0640305	0.0	88842880	0	0	0.005931625	1.2294921875
F	run1	ssm2	1	5	0.065153708	0.064326	0.0	88842880	0	0	0.005875916	1.2294921875
v6	run1	ssm2	1	1	0.0777505	0.0771505	0.0	94319312	0	0	0.00597425	1.326171875
v6	run1	ssm2	1	2	0.076437458	0.075816625	0.0	94319312	0	0	0.005985583	1.326171875
v6	run1	ssm2	1	3	0.076625375	0.076004167	0.0	94319312	0	0	0.005957417	1.326171875
v6	run1	ssm2	1	4	0.076685208	0.076063834	0.0	94319312	0	0	0.005896917	1.326171875
v6	run1	ssm2	1	5	0.07726925	0.076642125	0.0	94319312	0	0	0.005966959	1.326171875
F	run2	ssm2	1	1	0.064642375	0.063824708	0.0	88842880	0	0	0.005970875	1.232421875
F	run2	ssm2	1	2	0.064514542	0.063666208	0.0	88842880	0	0	0.005968667	1.37353515625
F	run2	ssm2	1	3	0.064105125	0.063282583	0.0	88842880	0	0	0.005912958	1.37353515625
F	run2	ssm2	1	4	0.064687458	0.063823125	0.0	88842880	0	0	0.005971916	1.37353515625
F	run2	ssm2	1	5	0.064463375	0.063626083	0.0	88842880	0	0	0.005953875	1.37353515625
v6	run2	ssm2	1	1	0.076692958	0.076087667	0.0	94319312	0	0	0.005899917	1.2900390625
v6	run2	ssm2	1	2	0.075988292	0.075358625	0.0	94319312	0	0	0.005887042	1.2900390625
v6	run2	ssm2	1	3	0.076145125	0.075528542	0.0	94319312	0	0	0.005951041	1.2900390625
v6	run2	ssm2	1	4	0.0759275	0.075301792	0.0	94319312	0	0	0.005837333	1.2900390625
v6	run2	ssm2	1	5	0.07645975	0.075828167	0.0	94319312	0	0	0.005950166	1.2900390625
FULLT	run2	ssm2	1	1	0.095506167	0.092594541	0.0	104833248	0	0	0.006049709	1.20703125
FULLT	run2	ssm2	1	2	0.095392708	0.092423083	0.0	104833248	0	0	0.0058975	1.1904296875
FULLT	run2	ssm2	1	3	0.095322292	0.092391583	0.0	104833248	0	0	0.005855125	1.1904296875
FULLT	run2	ssm2	1	4	0.095700625	0.092608083	0.0	104833248	0	0	0.005930458	1.1904296875
FULLT	run2	ssm2	1	5	0.095484042	0.0925265	0.0	104833248	0	0	0.006024042	1.1904296875
v6	run3	ssm2	1	1	0.076812084	0.076203084	0.0	94319312	0	0	0.006014458	1.1474609375
v6	run3	ssm2	1	2	0.0759615	0.075336708	0.0	94319312	0	0	0.005960958	1.1474609375
v6	run3	ssm2	1	3	0.076182125	0.0755855	0.0	94319312	0	0	0.005979792	1.1474609375
v6	run3	ssm2	1	4	0.076243375	0.075611458	0.0	94319312	0	0	0.005931583	1.1474609375
v6	run3	ssm2	1	5	0.075942334	0.07531975	0.0	94319312	0	0	0.005956416	1.1474609375
FULLT	run3	ssm2	1	1	0.097360709	0.09444575	0.0	104833248	0	0	0.00583425	1.24951171875
FULLT	run3	ssm2	1	2	0.095312166	0.092424417	0.0	104833248	0	0	0.005932875	1.24951171875
FULLT	run3	ssm2	1	3	0.095548292	0.092648	0.0	104833248	0	0	0.005958792	1.24951171875
FULLT	run3	ssm2	1	4	0.095150833	0.092234292	0.0	104833248	0	0	0.00589875	1.24951171875
FULLT	run3	ssm2	1	5	0.0949965	0.092107917	0.0	104833248	0	0	0.00592375	1.24951171875
F	run3	ssm2	1	1	0.06601	0.065200792	0.0	88842880	0	0	0.006186625	1.3994140625
F	run3	ssm2	1	2	0.065024583	0.064181917	0.0	88842880	0	0	0.00594475	1.3994140625
F	run3	ssm2	1	3	0.064618541	0.063795708	0.0	88842880	0	0	0.005917083	1.3994140625
F	run3	ssm2	1	4	0.065678875	0.064854959	0.0	88842880	0	0	0.005853542	1.3994140625
F	run3	ssm2	1	5	0.065708458	0.064871625	0.0	88842880	0	0	0.005961167	1.3994140625
FULLT	run4	ssm2	1	1	0.095903083	0.092919625	0.0	104833248	0	0	0.006016417	1.43310546875
FULLT	run4	ssm2	1	2	0.0958845	0.092937541	0.0	104833248	0	0	0.005986125	1.43310546875
FULLT	run4	ssm2	1	3	0.095844375	0.092933042	0.0	104833248	0	0	0.005896292	1.43310546875
FULLT	run4	ssm2	1	4	0.095198042	0.092233917	0.0	104833248	0	0	0.005910416	1.43310546875
FULLT	run4	ssm2	1	5	0.095512834	0.092545458	0.0	104833248	0	0	0.005994833	1.43310546875
F	run4	ssm2	1	1	0.065038	0.064199	0.0	88842880	0	0	0.006050375	1.37646484375
F	run4	ssm2	1	2	0.064956208	0.064134792	0.0	88842880	0	0	0.005910708	1.37646484375
F	run4	ssm2	1	3	0.063930667	0.063109792	0.0	88842880	0	0	0.005932167	1.34619140625
F	run4	ssm2	1	4	0.064838584	0.063996917	0.0	88842880	0	0	0.005942208	1.34619140625
F	run4	ssm2	1	5	0.064433125	0.063616584	0.0	88842880	0	0	0.0059435	1.34619140625
v6	run4	ssm2	1	1	0.077333875	0.076738833	0.0	94319312	0	0	0.006002834	1.26904296875
v6	run4	ssm2	1	2	0.076197375	0.075568083	0.0	94319312	0	0	0.005936209	1.26904296875
v6	run4	ssm2	1	3	0.075921833	0.075299167	0.0	94319312	0	0	0.005909334	1.26904296875
v6	run4	ssm2	1	4	0.075911041	0.075302291	0.0	94319312	0	0	0.005964875	1.26904296875
v6	run4	ssm2	1	5	0.075864083	0.0752345	0.0	94319312	0	0	0.005984667	1.26904296875
F	run5	ssm2	1	1	0.064850708	0.064030875	0.0	88842880	0	0	0.005997458	1.19140625
F	run5	ssm2	1	2	0.064976208	0.064142125	0.0	88842880	0	0	0.005874375	1.19140625
F	run5	ssm2	1	3	0.064763333	0.063934125	0.0	88842880	0	0	0.006000667	1.17578125
F	run5	ssm2	1	4	0.0651035	0.064273708	0.0	88842880	0	0	0.005943875	1.17578125
F	run5	ssm2	1	5	0.064536625	0.063707125	0.0	88842880	0	0	0.005891458	1.17578125
v6	run5	ssm2	1	1	0.077146208	0.076551833	0.0	94319312	0	0	0.006035125	1.13623046875
v6	run5	ssm2	1	2	0.076976375	0.076376125	0.0	94319312	0	0	0.005959334	1.13623046875
v6	run5	ssm2	1	3	0.077232	0.076632291	0.0	94319312	0	0	0.005924875	1.13623046875
v6	run5	ssm2	1	4	0.076491917	0.075882417	0.0	94319312	0	0	0.005953416	1.13623046875
v6	run5	ssm2	1	5	0.076668708	0.076071709	0.0	94319312	0	0	0.005866959	1.13623046875
FULLT	run5	ssm2	1	1	0.095776208	0.092839834	0.0	104833248	0	0	0.006034167	1.0966796875
FULLT	run5	ssm2	1	2	0.095555041	0.092653792	0.0	104833248	0	0	0.0059705	1.0888671875
FULLT	run5	ssm2	1	3	0.096506084	0.093587875	0.0	104833248	0	0	0.005915291	1.0888671875
FULLT	run5	ssm2	1	4	0.095267792	0.092309875	0.0	104833248	0	0	0.005930958	1.0888671875
FULLT	run5	ssm2	1	5	0.0959005	0.092980916	0.0	104833248	0	0	0.005871375	1.0888671875
FULLT	run1	iid	20	1	0.028779375	0.028780542	0.0	44062848	0	0	0.005854083	1.068359375
FULLT	run1	iid	40	1	0.04049425	0.040484125	0.0	62969824	0	0	0.006022458	1.068359375
FULLT	run1	iid	20	2	0.028757875	0.028749292	0.0	44062848	0	0	0.005973958	1.068359375
FULLT	run1	iid	40	2	0.04027525	0.040276791	0.0	62969824	0	0	0.005874416	1.068359375
FULLT	run1	iid	20	3	0.029057625	0.029059459	0.0	44062848	0	0	0.00597725	1.068359375
FULLT	run1	iid	40	3	0.0399695	0.039971334	0.0	62969824	0	0	0.00584325	1.068359375
FULLT	run1	iid	20	4	0.0289005	0.028901875	0.0	44062848	0	0	0.005968791	1.068359375
FULLT	run1	iid	40	4	0.040250917	0.040252084	0.0	62969824	0	0	0.005942917	1.068359375
FULLT	run1	iid	20	5	0.028697583	0.028699541	0.0	44062848	0	0	0.005916	1.068359375
FULLT	run1	iid	40	5	0.040469208	0.040470583	0.0	62969824	0	0	0.005970125	1.068359375
F	run1	iid	20	1	0.020679458	0.020680791	0.0	35218240	0	0	0.006350292	1.1201171875
F	run1	iid	40	1	0.030969375	0.030970167	0.0	50920736	0	0	0.0063265	1.1201171875
F	run1	iid	20	2	0.02036375	0.020365334	0.0	35218240	0	0	0.005938167	1.1201171875
F	run1	iid	40	2	0.030105959	0.030097416	0.0	50920736	0	0	0.0059015	1.1201171875
F	run1	iid	20	3	0.020276167	0.020279333	0.0	35218240	0	0	0.0059325	1.1201171875
F	run1	iid	40	3	0.030642417	0.030643167	0.0	50920736	0	0	0.00595425	1.1201171875
F	run1	iid	20	4	0.020343042	0.020332541	0.0	35218240	0	0	0.005953333	1.1201171875
F	run1	iid	40	4	0.030518125	0.030519208	0.0	50920736	0	0	0.00587875	1.1201171875
F	run1	iid	20	5	0.02053025	0.02053125	0.0	35218240	0	0	0.005898458	1.1201171875
F	run1	iid	40	5	0.030330083	0.030320041	0.0	50920736	0	0	0.005961084	1.1201171875
v6	run1	iid	20	1	0.022619791	0.022607834	0.0	34735808	0	0	0.006029959	1.0927734375
v6	run1	iid	40	1	0.033883209	0.033884208	0.0	49180704	0	0	0.005970916	1.0927734375
v6	run1	iid	20	2	0.022900166	0.022901375	0.0	34735808	0	0	0.00595125	1.0927734375
v6	run1	iid	40	2	0.03332375	0.033312583	0.0	49180704	0	0	0.005975042	1.0927734375
v6	run1	iid	20	3	0.022615708	0.022616375	0.0	34735808	0	0	0.005938083	1.0927734375
v6	run1	iid	40	3	0.03382525	0.033826625	0.0	49180704	0	0	0.005936834	1.0927734375
v6	run1	iid	20	4	0.022676792	0.022667042	0.0	34735808	0	0	0.005973792	1.0927734375
v6	run1	iid	40	4	0.033544625	0.033534375	0.0	49180704	0	0	0.005966083	1.0927734375
v6	run1	iid	20	5	0.022855792	0.022857209	0.0	34735808	0	0	0.00587	1.0927734375
v6	run1	iid	40	5	0.033713666	0.033715125	0.0	49180704	0	0	0.005911291	1.0927734375
F	run2	iid	20	1	0.020724375	0.020725667	0.0	35218240	0	0	0.006248875	1.1396484375
F	run2	iid	40	1	0.030203291	0.030204666	0.0	50920736	0	0	0.005972667	1.1396484375
F	run2	iid	20	2	0.020098459	0.020089916	0.0	35218240	0	0	0.005987541	1.1396484375
F	run2	iid	40	2	0.030482	0.030482792	0.0	50920736	0	0	0.005940417	1.1396484375
F	run2	iid	20	3	0.020419042	0.020420417	0.0	35218240	0	0	0.005929	1.1396484375
F	run2	iid	40	3	0.030058417	0.030046292	0.0	50920736	0	0	0.005899208	1.1396484375
F	run2	iid	20	4	0.0200995	0.020100916	0.0	35218240	0	0	0.00589675	1.1396484375
F	run2	iid	40	4	0.030491917	0.030493584	0.0	50920736	0	0	0.0059455	1.1396484375
F	run2	iid	20	5	0.02045075	0.020452625	0.0	35218240	0	0	0.0059375	1.1396484375
F	run2	iid	40	5	0.029694208	0.029683416	0.0	50920736	0	0	0.005891041	1.1396484375
v6	run2	iid	20	1	0.023179625	0.023180708	0.0	34735808	0	0	0.006071041	1.10791015625
v6	run2	iid	40	1	0.034359125	0.034362667	0.0	49180704	0	0	0.006035833	1.10791015625
v6	run2	iid	20	2	0.023226	0.023228125	0.0	34735808	0	0	0.005973417	1.10791015625
v6	run2	iid	40	2	0.033875625	0.033863833	0.0	49180704	0	0	0.005928792	1.10791015625
v6	run2	iid	20	3	0.023140792	0.02314175	0.0	34735808	0	0	0.005937459	1.10791015625
v6	run2	iid	40	3	0.0341005	0.034102542	0.0	49180704	0	0	0.005937708	1.10791015625
v6	run2	iid	20	4	0.023002542	0.022995541	0.0	34735808	0	0	0.005987	1.10791015625
v6	run2	iid	40	4	0.033869417	0.03387125	0.0	49180704	0	0	0.005897583	1.10791015625
v6	run2	iid	20	5	0.02300925	0.023010417	0.0	34735808	0	0	0.005926583	1.10791015625
v6	run2	iid	40	5	0.034123042	0.034111958	0.0	49180704	0	0	0.005975208	1.10791015625
FULLT	run2	iid	20	1	0.028439625	0.028440416	0.0	44062848	0	0	0.005958792	1.15673828125
FULLT	run2	iid	40	1	0.039401625	0.039402916	0.0	62969824	0	0	0.00598325	1.15673828125
FULLT	run2	iid	20	2	0.028166166	0.028167083	0.0	44062848	0	0	0.005919583	1.15673828125
FULLT	run2	iid	40	2	0.03892825	0.038929083	0.0	62969824	0	0	0.005845458	1.15673828125
FULLT	run2	iid	20	3	0.028288791	0.028290375	0.0	44062848	0	0	0.005941333	1.15673828125
FULLT	run2	iid	40	3	0.038803334	0.0387955	0.0	62969824	0	0	0.005956917	1.15673828125
FULLT	run2	iid	20	4	0.028128542	0.028129458	0.0	44062848	0	0	0.005970625	1.15673828125
FULLT	run2	iid	40	4	0.039390375	0.039391667	0.0	62969824	0	0	0.005931583	1.15673828125
FULLT	run2	iid	20	5	0.028143708	0.028133375	0.0	44062848	0	0	0.00597775	1.15673828125
FULLT	run2	iid	40	5	0.038706917	0.038711167	0.0	62969824	0	0	0.005994375	1.14404296875
v6	run3	iid	20	1	0.022691334	0.0226925	0.0	34735808	0	0	0.006063083	1.12158203125
v6	run3	iid	40	1	0.033125416	0.033129792	0.0	49180704	0	0	0.006276167	1.12158203125
v6	run3	iid	20	2	0.022347708	0.022348791	0.0	34735808	0	0	0.005937542	1.12158203125
v6	run3	iid	40	2	0.032725125	0.03272675	0.0	49180704	0	0	0.00590975	1.19189453125
v6	run3	iid	20	3	0.022460667	0.022461709	0.0	34735808	0	0	0.005936958	1.19189453125
v6	run3	iid	40	3	0.032557167	0.032559292	0.0	49180704	0	0	0.005896292	1.19189453125
v6	run3	iid	20	4	0.02236875	0.022369583	0.0	34735808	0	0	0.005945	1.19189453125
v6	run3	iid	40	4	0.032878584	0.032880084	0.0	49180704	0	0	0.005932083	1.19189453125
v6	run3	iid	20	5	0.022159125	0.022161333	0.0	34735808	0	0	0.005921333	1.19189453125
v6	run3	iid	40	5	0.032966625	0.032967667	0.0	49180704	0	0	0.00596225	1.19189453125
FULLT	run3	iid	20	1	0.030027542	0.030028333	0.0	44062848	0	0	0.00680825	1.14892578125
FULLT	run3	iid	40	1	0.041945042	0.041946292	0.0	62969824	0	0	0.006206708	1.14892578125
FULLT	run3	iid	20	2	0.029511708	0.029512542	0.0	44062848	0	0	0.005933917	1.14892578125
FULLT	run3	iid	40	2	0.042241583	0.042232708	0.0	62969824	0	0	0.005987625	1.14892578125
FULLT	run3	iid	20	3	0.029661166	0.029662208	0.0	44062848	0	0	0.005969209	1.14892578125
FULLT	run3	iid	40	3	0.04207975	0.04208175	0.0	62969824	0	0	0.005924792	1.14892578125
FULLT	run3	iid	20	4	0.029578792	0.029571291	0.0	44062848	0	0	0.00598075	1.14892578125
FULLT	run3	iid	40	4	0.042073959	0.042075208	0.0	62969824	0	0	0.005892583	1.14892578125
FULLT	run3	iid	20	5	0.029910083	0.029911	0.0	44062848	0	0	0.005978583	1.14892578125
FULLT	run3	iid	40	5	0.041849458	0.041839666	0.0	62969824	0	0	0.005946083	1.14892578125
F	run3	iid	20	1	0.02034025	0.020341792	0.0	35218240	0	0	0.006027542	1.115234375
F	run3	iid	40	1	0.030377917	0.030362958	0.0	50920736	0	0	0.006025375	1.115234375
F	run3	iid	20	2	0.020056208	0.020056792	0.0	35218240	0	0	0.005844833	1.115234375
F	run3	iid	40	2	0.030312791	0.030313875	0.0	50920736	0	0	0.005930125	1.115234375
F	run3	iid	20	3	0.020191875	0.020192666	0.0	35218240	0	0	0.00593775	1.115234375
F	run3	iid	40	3	0.030175709	0.030163042	0.0	50920736	0	0	0.005937208	1.115234375
F	run3	iid	20	4	0.020144125	0.020145458	0.0	35218240	0	0	0.005928708	1.115234375
F	run3	iid	40	4	0.030283209	0.03028425	0.0	50920736	0	0	0.005896333	1.115234375
F	run3	iid	20	5	0.020222958	0.020224625	0.0	35218240	0	0	0.005932292	1.10595703125
F	run3	iid	40	5	0.03026625	0.030269417	0.0	50920736	0	0	0.005894291	1.10595703125
FULLT	run4	iid	20	1	0.030154	0.0301555	0.0	44062848	0	0	0.006305666	1.28515625
FULLT	run4	iid	40	1	0.042051083	0.042052208	0.0	62969824	0	0	0.006018792	1.28515625
FULLT	run4	iid	20	2	0.030024834	0.030026292	0.0	44062848	0	0	0.005968125	1.28515625
FULLT	run4	iid	40	2	0.042023084	0.042025083	0.0	62969824	0	0	0.005902292	1.28515625
FULLT	run4	iid	20	3	0.029616458	0.029605459	0.0	44062848	0	0	0.0059355	1.28515625
FULLT	run4	iid	40	3	0.041944167	0.041945833	0.0	62969824	0	0	0.005972625	1.28515625
FULLT	run4	iid	20	4	0.029794958	0.029796416	0.0	44062848	0	0	0.005956	1.28515625
FULLT	run4	iid	40	4	0.042109417	0.042100959	0.0	62969824	0	0	0.005988125	1.28515625
FULLT	run4	iid	20	5	0.02970625	0.029707083	0.0	44062848	0	0	0.005860875	1.28515625
FULLT	run4	iid	40	5	0.041778375	0.041769208	0.0	62969824	0	0	0.005941584	1.28515625
F	run4	iid	20	1	0.019770667	0.019771417	0.0	35218240	0	0	0.00594175	1.2890625
F	run4	iid	40	1	0.029514209	0.029515333	0.0	50920736	0	0	0.005954959	1.2890625
F	run4	iid	20	2	0.019658833	0.019646708	0.0	35218240	0	0	0.005923125	1.2890625
F	run4	iid	40	2	0.02973875	0.029740291	0.0	50920736	0	0	0.006240667	1.2890625
F	run4	iid	20	3	0.019896667	0.019898125	0.0	35218240	0	0	0.005938375	1.2890625
F	run4	iid	40	3	0.029525791	0.029527541	0.0	50920736	0	0	0.005917833	1.2890625
F	run4	iid	20	4	0.019842959	0.019843458	0.0	35218240	0	0	0.005875167	1.2890625
F	run4	iid	40	4	0.029719084	0.029720041	0.0	50920736	0	0	0.005938125	1.2890625
F	run4	iid	20	5	0.019977792	0.019979084	0.0	35218240	0	0	0.005938541	1.2890625
F	run4	iid	40	5	0.0296345	0.029635709	0.0	50920736	0	0	0.005936292	1.2890625
v6	run4	iid	20	1	0.02316175	0.02316325	0.0	34735808	0	0	0.005977209	1.2978515625
v6	run4	iid	40	1	0.034454917	0.034456083	0.0	49180704	0	0	0.005990209	1.2978515625
v6	run4	iid	20	2	0.02315175	0.023141	0.0	34735808	0	0	0.005965	1.2978515625
v6	run4	iid	40	2	0.034299667	0.034301125	0.0	49180704	0	0	0.005986167	1.2978515625
v6	run4	iid	20	3	0.023196417	0.023197709	0.0	34735808	0	0	0.005976166	1.2978515625
v6	run4	iid	40	3	0.034184959	0.034174583	0.0	49180704	0	0	0.005914458	1.2978515625
v6	run4	iid	20	4	0.023112	0.023100375	0.0	34735808	0	0	0.005932375	1.35400390625
v6	run4	iid	40	4	0.034801375	0.034802959	0.0	49180704	0	0	0.00600075	1.35400390625
v6	run4	iid	20	5	0.023354917	0.023355792	0.0	34735808	0	0	0.005982375	1.35400390625
v6	run4	iid	40	5	0.034011042	0.033998458	0.0	49180704	0	0	0.005932125	1.35400390625
F	run5	iid	20	1	0.02022	0.020210167	0.0	35218240	0	0	0.006051125	1.2744140625
F	run5	iid	40	1	0.03010575	0.03010725	0.0	50920736	0	0	0.006001459	1.2744140625
F	run5	iid	20	2	0.020085333	0.020086792	0.0	35218240	0	0	0.005888292	1.2744140625
F	run5	iid	40	2	0.030256125	0.030257334	0.0	50920736	0	0	0.005870458	1.2744140625
F	run5	iid	20	3	0.020455	0.0204565	0.0	35218240	0	0	0.005889209	1.2744140625
F	run5	iid	40	3	0.029874834	0.029863375	0.0	50920736	0	0	0.0059005	1.2744140625
F	run5	iid	20	4	0.020358042	0.020358875	0.0	35218240	0	0	0.005939667	1.2744140625
F	run5	iid	40	4	0.030634167	0.030635084	0.0	50920736	0	0	0.005940416	1.2744140625
F	run5	iid	20	5	0.020371917	0.020373583	0.0	35218240	0	0	0.005969917	1.2744140625
F	run5	iid	40	5	0.030377875	0.030379209	0.0	50920736	0	0	0.005913917	1.2744140625
v6	run5	iid	20	1	0.022396833	0.02239725	0.0	34735808	0	0	0.00586825	1.3662109375
v6	run5	iid	40	1	0.033533	0.033534666	0.0	49180704	0	0	0.006010042	1.3662109375
v6	run5	iid	20	2	0.022291834	0.022293291	0.0	34735808	0	0	0.005938083	1.3662109375
v6	run5	iid	40	2	0.032859959	0.032846708	0.0	49180704	0	0	0.005931958	1.3662109375
v6	run5	iid	20	3	0.022179375	0.022180667	0.0	34735808	0	0	0.005834625	1.3662109375
v6	run5	iid	40	3	0.033051875	0.033053125	0.0	49180704	0	0	0.005956459	1.3662109375
v6	run5	iid	20	4	0.022509417	0.022510334	0.0	34735808	0	0	0.005958	1.3662109375
v6	run5	iid	40	4	0.033127292	0.033128708	0.0	49180704	0	0	0.005956625	1.3662109375
v6	run5	iid	20	5	0.022351167	0.022340917	0.0	34735808	0	0	0.005946042	1.3662109375
v6	run5	iid	40	5	0.032513416	0.032515167	0.0	49180704	0	0	0.005834375	1.3662109375
FULLT	run5	iid	20	1	0.030203875	0.030204292	0.0	44062848	0	0	0.005976708	1.35791015625
FULLT	run5	iid	40	1	0.042382459	0.042383167	0.0	62969824	0	0	0.005885083	1.35791015625
FULLT	run5	iid	20	2	0.029987958	0.029989417	0.0	44062848	0	0	0.005944541	1.35791015625
FULLT	run5	iid	40	2	0.042409208	0.042399833	0.0	62969824	0	0	0.005966875	1.35791015625
FULLT	run5	iid	20	3	0.029898	0.029899291	0.0	44062848	0	0	0.005887833	1.35791015625
FULLT	run5	iid	40	3	0.042159166	0.042160667	0.0	62969824	0	0	0.005898834	1.3291015625
FULLT	run5	iid	20	4	0.030239791	0.03022925	0.0	44062848	0	0	0.005957416	1.3291015625
FULLT	run5	iid	40	4	0.04236	0.042360583	0.0	62969824	0	0	0.005873292	1.3291015625
FULLT	run5	iid	20	5	0.029983625	0.02998525	0.0	44062848	0	0	0.005933	1.3291015625
FULLT	run5	iid	40	5	0.042230833	0.042222375	0.0	62969824	0	0	0.005923417	1.3291015625
FULLT	run1	betabern	1	1	0.071663958	0.071666041	0.0	87502448	0	0	0.005872208	1.4833984375
FULLT	run1	betabern	1	2	0.072165167	0.072166417	0.0	87502448	0	0	0.005947625	1.4833984375
FULLT	run1	betabern	1	3	0.071295875	0.071285709	0.0	87502448	0	0	0.005949208	1.4833984375
FULLT	run1	betabern	1	4	0.071266667	0.071254542	0.0	87502448	0	0	0.005934125	1.4833984375
FULLT	run1	betabern	1	5	0.071155667	0.071147042	0.0	87502448	0	0	0.005929583	1.4833984375
F	run1	betabern	1	1	0.040350667	0.040352834	0.0	67658288	0	0	0.005926167	1.5107421875
F	run1	betabern	1	2	0.0406265	0.040618167	0.0	67658288	0	0	0.005969583	1.5107421875
F	run1	betabern	1	3	0.039956666	0.039958709	0.0	67658288	0	0	0.005925125	1.5107421875
F	run1	betabern	1	4	0.040239375	0.040228208	0.0	67658288	0	0	0.005967208	1.5107421875
F	run1	betabern	1	5	0.040239833	0.040241458	0.0	67658288	0	0	0.005918833	1.5107421875
v6	run1	betabern	1	1	0.050729	0.050730625	0.0	71649232	0	0	0.00586775	1.591796875
v6	run1	betabern	1	2	0.050585125	0.050587125	0.0	71649232	0	0	0.005894958	1.591796875
v6	run1	betabern	1	3	0.050224042	0.050226042	0.0	71649232	0	0	0.005929458	1.591796875
v6	run1	betabern	1	4	0.050189666	0.050179417	0.0	71649232	0	0	0.00597025	1.591796875
v6	run1	betabern	1	5	0.050140292	0.050142209	0.0	71649232	0	0	0.005863792	1.5439453125
F	run2	betabern	1	1	0.040528791	0.04053	0.0	67658288	0	0	0.005903166	1.533203125
F	run2	betabern	1	2	0.040234333	0.040223625	0.0	67658288	0	0	0.005928542	1.533203125
F	run2	betabern	1	3	0.04055075	0.040552709	0.0	67658288	0	0	0.005929792	1.533203125
F	run2	betabern	1	4	0.040235625	0.040225167	0.0	67658288	0	0	0.005938833	1.490234375
F	run2	betabern	1	5	0.040125417	0.040114334	0.0	67658288	0	0	0.005932708	1.490234375
v6	run2	betabern	1	1	0.050443792	0.050444875	0.0	71649232	0	0	0.005996542	1.41455078125
v6	run2	betabern	1	2	0.04978925	0.049780125	0.0	71649232	0	0	0.005975875	1.41455078125
v6	run2	betabern	1	3	0.049497208	0.049499291	0.0	71649232	0	0	0.005860042	1.41455078125
v6	run2	betabern	1	4	0.049837125	0.049838708	0.0	71649232	0	0	0.005965	1.41455078125
v6	run2	betabern	1	5	0.049210084	0.049211666	0.0	71649232	0	0	0.005910083	1.41455078125
FULLT	run2	betabern	1	1	0.072374125	0.07236325	0.0	87502448	0	0	0.006040333	1.322265625
FULLT	run2	betabern	1	2	0.071599417	0.071601042	0.0	87502448	0	0	0.005922625	1.322265625
FULLT	run2	betabern	1	3	0.07093575	0.070936792	0.0	87502448	0	0	0.005923708	1.322265625
FULLT	run2	betabern	1	4	0.071982083	0.071973916	0.0	87502448	0	0	0.005955416	1.322265625
FULLT	run2	betabern	1	5	0.071488083	0.071480625	0.0	87502448	0	0	0.005977958	1.322265625
v6	run3	betabern	1	1	0.05052775	0.05053	0.0	71649232	0	0	0.005970791	1.318359375
v6	run3	betabern	1	2	0.050677416	0.050678708	0.0	71649232	0	0	0.005946041	1.318359375
v6	run3	betabern	1	3	0.049795834	0.049786667	0.0	71649232	0	0	0.005904167	1.318359375
v6	run3	betabern	1	4	0.050584916	0.050585959	0.0	71649232	0	0	0.005922875	1.318359375
v6	run3	betabern	1	5	0.050086917	0.050091209	0.0	71649232	0	0	0.005935208	1.318359375
FULLT	run3	betabern	1	1	0.073331625	0.073333083	0.0	87502448	0	0	0.006054958	1.2470703125
FULLT	run3	betabern	1	2	0.07079325	0.070783375	0.0	87502448	0	0	0.005936708	1.2470703125
FULLT	run3	betabern	1	3	0.0710555	0.071049333	0.0	87502448	0	0	0.005953209	1.2470703125
FULLT	run3	betabern	1	4	0.070377166	0.070369	0.0	87502448	0	0	0.005905125	1.2470703125
FULLT	run3	betabern	1	5	0.0714085	0.071399583	0.0	87502448	0	0	0.005937708	1.2470703125
F	run3	betabern	1	1	0.040832583	0.040836125	0.0	67658288	0	0	0.00605925	1.3271484375
F	run3	betabern	1	2	0.040345541	0.040349833	0.0	67658288	0	0	0.005984708	1.3271484375
F	run3	betabern	1	3	0.040254333	0.040244416	0.0	67658288	0	0	0.005950875	1.3271484375
F	run3	betabern	1	4	0.040447625	0.040449542	0.0	67658288	0	0	0.005938	1.3271484375
F	run3	betabern	1	5	0.040001875	0.040003792	0.0	67658288	0	0	0.005926	1.3271484375
FULLT	run4	betabern	1	1	0.073005	0.073006667	0.0	87502448	0	0	0.005998208	1.25390625
FULLT	run4	betabern	1	2	0.071361	0.0713625	0.0	87502448	0	0	0.005937875	1.25390625
FULLT	run4	betabern	1	3	0.071198792	0.071195292	0.0	87502448	0	0	0.005941208	1.25390625
FULLT	run4	betabern	1	4	0.070849334	0.070841834	0.0	87502448	0	0	0.005922875	1.25390625
FULLT	run4	betabern	1	5	0.071248625	0.071240584	0.0	87502448	0	0	0.005927042	1.25390625
F	run4	betabern	1	1	0.040683042	0.040684417	0.0	67658288	0	0	0.005933958	1.19677734375
F	run4	betabern	1	2	0.04033175	0.040333792	0.0	67658288	0	0	0.005945667	1.19677734375
F	run4	betabern	1	3	0.040759084	0.04076025	0.0	67658288	0	0	0.005933167	1.19677734375
F	run4	betabern	1	4	0.040472334	0.040463	0.0	67658288	0	0	0.005895375	1.19677734375
F	run4	betabern	1	5	0.040489333	0.040491333	0.0	67658288	0	0	0.005942167	1.19677734375
v6	run4	betabern	1	1	0.050548708	0.050535208	0.0	71649232	0	0	0.006010792	1.15234375
v6	run4	betabern	1	2	0.050601458	0.050603166	0.0	71649232	0	0	0.005975708	1.15234375
v6	run4	betabern	1	3	0.050876375	0.050866917	0.0	71649232	0	0	0.005948959	1.15234375
v6	run4	betabern	1	4	0.050341125	0.050333167	0.0	71649232	0	0	0.005970584	1.15234375
v6	run4	betabern	1	5	0.050128958	0.050130625	0.0	71649232	0	0	0.005932084	1.15234375
F	run5	betabern	1	1	0.040386417	0.040373083	0.0	67658288	0	0	0.006043833	1.19189453125
F	run5	betabern	1	2	0.0401645	0.040166458	0.0	67658288	0	0	0.005922667	1.19189453125
F	run5	betabern	1	3	0.040562958	0.040564459	0.0	67658288	0	0	0.005973125	1.19189453125
F	run5	betabern	1	4	0.040417708	0.040405292	0.0	67658288	0	0	0.005980292	1.19189453125
F	run5	betabern	1	5	0.040259959	0.040261291	0.0	67658288	0	0	0.005936458	1.19189453125
v6	run5	betabern	1	1	0.051206125	0.051207	0.0	71649232	0	0	0.00598175	1.14892578125
v6	run5	betabern	1	2	0.050590916	0.050579583	0.0	71649232	0	0	0.005928708	1.14892578125
v6	run5	betabern	1	3	0.050283167	0.050272458	0.0	71649232	0	0	0.005970292	1.14892578125
v6	run5	betabern	1	4	0.050395667	0.050397583	0.0	71649232	0	0	0.005883458	1.14892578125
v6	run5	betabern	1	5	0.050126209	0.050116667	0.0	71649232	0	0	0.005943875	1.14892578125
FULLT	run5	betabern	1	1	0.071952583	0.071945375	0.0	87502448	0	0	0.006112	1.115234375
FULLT	run5	betabern	1	2	0.071018	0.071005833	0.0	87502448	0	0	0.005969042	1.115234375
FULLT	run5	betabern	1	3	0.07052075	0.070511959	0.0	87502448	0	0	0.005930834	1.115234375
FULLT	run5	betabern	1	4	0.071118041	0.071119584	0.0	87502448	0	0	0.005924834	1.115234375
FULLT	run5	betabern	1	5	0.070931208	0.070935416	0.0	87502448	0	0	0.005930708	1.115234375
FULLT	run1	nl	10	1	0.043004167	0.042227083	0.0	47053712	0	0	0.00626275	1.13720703125
FULLT	run1	nl	20	1	0.060600292	0.059806834	0.0	65308288	0	0	0.006019208	1.13720703125
FULLT	run1	nl	10	2	0.043041583	0.042287166	0.0	47053712	0	0	0.00593025	1.13720703125
FULLT	run1	nl	20	2	0.060540833	0.05975125	0.0	65308288	0	0	0.005922792	1.13720703125
FULLT	run1	nl	10	3	0.042868125	0.042084125	0.0	47053712	0	0	0.005899334	1.13720703125
FULLT	run1	nl	20	3	0.060477291	0.059717	0.0	65308288	0	0	0.005941208	1.13720703125
FULLT	run1	nl	10	4	0.0430825	0.042308334	0.0	47053712	0	0	0.005950333	1.13720703125
FULLT	run1	nl	20	4	0.0617095	0.060932959	0.0	65308288	0	0	0.0059495	1.13720703125
FULLT	run1	nl	10	5	0.04331775	0.042556792	0.0	47053712	0	0	0.005902292	1.13720703125
FULLT	run1	nl	20	5	0.060317375	0.059529292	0.0	65308288	0	0	0.005933167	1.13720703125
F	run1	nl	10	1	0.032183417	0.0320395	0.0	40478032	0	0	0.006043083	1.09765625
F	run1	nl	20	1	0.04696775	0.046835791	0.0	56046048	0	0	0.005958833	1.09765625
F	run1	nl	10	2	0.031951625	0.03182375	0.0	40478032	0	0	0.005931959	1.09765625
F	run1	nl	20	2	0.047019166	0.046876583	0.0	56046048	0	0	0.005890708	1.09765625
F	run1	nl	10	3	0.032214541	0.032083458	0.0	40478032	0	0	0.005923875	1.09765625
F	run1	nl	20	3	0.047417167	0.047288083	0.0	56046048	0	0	0.005867875	1.09765625
F	run1	nl	10	4	0.032379458	0.032249584	0.0	40478032	0	0	0.005952292	1.09765625
F	run1	nl	20	4	0.047427959	0.047296625	0.0	56046048	0	0	0.005930125	1.09765625
F	run1	nl	10	5	0.032535584	0.032407917	0.0	40478032	0	0	0.005937208	1.09765625
F	run1	nl	20	5	0.047325958	0.04720225	0.0	56046048	0	0	0.005970458	1.08935546875
v6	run1	nl	10	1	0.044650792	0.044522584	0.0	50586336	0	0	0.00631675	1.06884765625
v6	run1	nl	20	1	0.074881166	0.074739667	0.0	75846352	0	0	0.006005542	1.06884765625
v6	run1	nl	10	2	0.044375792	0.0442465	0.0	50586336	0	0	0.005909875	1.06884765625
v6	run1	nl	20	2	0.074315375	0.074189791	0.0	75846352	0	0	0.0061505	1.06884765625
v6	run1	nl	10	3	0.044356	0.044216042	0.0	50586336	0	0	0.005930917	1.06884765625
v6	run1	nl	20	3	0.074086625	0.073945208	0.0	75846352	0	0	0.005942084	1.06884765625
v6	run1	nl	10	4	0.044647917	0.044525916	0.0	50586336	0	0	0.005893458	1.06884765625
v6	run1	nl	20	4	0.074233791	0.074092834	0.0	75846352	0	0	0.005954	1.06884765625
v6	run1	nl	10	5	0.044570583	0.04444275	0.0	50586336	0	0	0.005921708	1.14306640625
v6	run1	nl	20	5	0.074038709	0.073895584	0.0	75846352	0	0	0.005908417	1.14306640625
F	run2	nl	10	1	0.032749	0.03261675	0.0	40478032	0	0	0.005987542	1.23779296875
F	run2	nl	20	1	0.047875	0.047736292	0.0	56046048	0	0	0.006319792	1.23779296875
F	run2	nl	10	2	0.032412416	0.0322825	0.0	40478032	0	0	0.00595375	1.23779296875
F	run2	nl	20	2	0.048350709	0.048222791	0.0	56046048	0	0	0.005893625	1.23779296875
F	run2	nl	10	3	0.032311	0.032164667	0.0	40478032	0	0	0.005966458	1.23779296875
F	run2	nl	20	3	0.047575833	0.047446625	0.0	56046048	0	0	0.005930833	1.23779296875
F	run2	nl	10	4	0.032088375	0.031957541	0.0	40478032	0	0	0.005930833	1.23779296875
F	run2	nl	20	4	0.048001708	0.047862916	0.0	56046048	0	0	0.005934833	1.23779296875
F	run2	nl	10	5	0.032376292	0.032249917	0.0	40478032	0	0	0.005897792	1.23779296875
F	run2	nl	20	5	0.047689084	0.047560083	0.0	56046048	0	0	0.005832875	1.23779296875
v6	run2	nl	10	1	0.044688791	0.044559208	0.0	50586336	0	0	0.006216875	1.373046875
v6	run2	nl	20	1	0.0743395	0.0741985	0.0	75846352	0	0	0.005991	1.373046875
v6	run2	nl	10	2	0.044271292	0.044129042	0.0	50586336	0	0	0.005933	1.373046875
v6	run2	nl	20	2	0.073699083	0.07357025	0.0	75846352	0	0	0.00592725	1.373046875
v6	run2	nl	10	3	0.044532916	0.044412333	0.0	50586336	0	0	0.005864833	1.373046875
v6	run2	nl	20	3	0.073959791	0.073808709	0.0	75846352	0	0	0.0059335	1.373046875
v6	run2	nl	10	4	0.044463875	0.044335084	0.0	50586336	0	0	0.005930458	1.373046875
v6	run2	nl	20	4	0.074233125	0.074104459	0.0	75846352	0	0	0.005873959	1.373046875
v6	run2	nl	10	5	0.044483708	0.044337459	0.0	50586336	0	0	0.005943708	1.373046875
v6	run2	nl	20	5	0.074349375	0.074206667	0.0	75846352	0	0	0.005897375	1.373046875
FULLT	run2	nl	10	1	0.043227291	0.042438	0.0	47053712	0	0	0.006044209	1.625
FULLT	run2	nl	20	1	0.061447167	0.060665	0.0	65308288	0	0	0.006061166	1.625
FULLT	run2	nl	10	2	0.043168583	0.042391792	0.0	47053712	0	0	0.005958375	1.65478515625
FULLT	run2	nl	20	2	0.060873292	0.060109667	0.0	65308288	0	0	0.005894583	1.65478515625
FULLT	run2	nl	10	3	0.042700958	0.041942916	0.0	47053712	0	0	0.005935917	1.65478515625
FULLT	run2	nl	20	3	0.061201458	0.060431125	0.0	65308288	0	0	0.00592375	1.65478515625
FULLT	run2	nl	10	4	0.043035083	0.042269334	0.0	47053712	0	0	0.005930334	1.65478515625
FULLT	run2	nl	20	4	0.061218792	0.060447667	0.0	65308288	0	0	0.005913875	1.65478515625
FULLT	run2	nl	10	5	0.043054958	0.042285625	0.0	47053712	0	0	0.005895458	1.65478515625
FULLT	run2	nl	20	5	0.06106275	0.060289083	0.0	65308288	0	0	0.005927	1.65478515625
v6	run3	nl	10	1	0.046534208	0.046406208	0.0	50586336	0	0	0.006020834	1.54833984375
v6	run3	nl	20	1	0.078039334	0.077927292	0.0	75846352	0	0	0.006	1.54833984375
v6	run3	nl	10	2	0.046287084	0.046149792	0.0	50586336	0	0	0.005917208	1.54833984375
v6	run3	nl	20	2	0.076929334	0.076797833	0.0	75846352	0	0	0.005937625	1.54833984375
v6	run3	nl	10	3	0.046310417	0.046179667	0.0	50586336	0	0	0.005942458	1.54833984375
v6	run3	nl	20	3	0.077372083	0.077234042	0.0	75846352	0	0	0.005959208	1.54833984375
v6	run3	nl	10	4	0.046136667	0.046005375	0.0	50586336	0	0	0.005975166	1.54833984375
v6	run3	nl	20	4	0.077017167	0.076876833	0.0	75846352	0	0	0.005940917	1.54833984375
v6	run3	nl	10	5	0.046097792	0.045974667	0.0	50586336	0	0	0.006008	1.54833984375
v6	run3	nl	20	5	0.077750333	0.077623708	0.0	75846352	0	0	0.005975708	1.54833984375
FULLT	run3	nl	10	1	0.042947709	0.042165458	0.0	47053712	0	0	0.005841333	1.4541015625
FULLT	run3	nl	20	1	0.061206	0.060439334	0.0	65308288	0	0	0.006006625	1.4541015625
FULLT	run3	nl	10	2	0.043354792	0.042571583	0.0	47053712	0	0	0.005938791	1.4541015625
FULLT	run3	nl	20	2	0.060462667	0.059685459	0.0	65308288	0	0	0.0058875	1.4541015625
FULLT	run3	nl	10	3	0.042530625	0.04176825	0.0	47053712	0	0	0.005942083	1.4541015625
FULLT	run3	nl	20	3	0.060446834	0.059659958	0.0	65308288	0	0	0.005886125	1.4541015625
FULLT	run3	nl	10	4	0.043131042	0.04235275	0.0	47053712	0	0	0.00592525	1.4541015625
FULLT	run3	nl	20	4	0.060530792	0.05974275	0.0	65308288	0	0	0.00593625	1.4541015625
FULLT	run3	nl	10	5	0.042816875	0.042042375	0.0	47053712	0	0	0.005868333	1.4541015625
FULLT	run3	nl	20	5	0.060643875	0.059876958	0.0	65308288	0	0	0.005898042	1.4541015625
F	run3	nl	10	1	0.03290775	0.032783084	0.0	40478032	0	0	0.005963709	1.54248046875
F	run3	nl	20	1	0.049956959	0.0498205	0.0	56046048	0	0	0.00603425	1.54248046875
F	run3	nl	10	2	0.033148375	0.033017208	0.0	40478032	0	0	0.005968292	1.54248046875
F	run3	nl	20	2	0.049501041	0.049361708	0.0	56046048	0	0	0.005967416	1.54248046875
F	run3	nl	10	3	0.033194666	0.033072291	0.0	40478032	0	0	0.005936208	1.54248046875
F	run3	nl	20	3	0.049729541	0.049611291	0.0	56046048	0	0	0.005839875	1.54248046875
F	run3	nl	10	4	0.033010291	0.032887125	0.0	40478032	0	0	0.005979458	1.54248046875
F	run3	nl	20	4	0.049450166	0.049322291	0.0	56046048	0	0	0.005950875	1.54248046875
F	run3	nl	10	5	0.032979708	0.032841542	0.0	40478032	0	0	0.005937709	1.54248046875
F	run3	nl	20	5	0.049786083	0.049656625	0.0	56046048	0	0	0.005939209	1.54248046875
FULLT	run4	nl	10	1	0.043221541	0.042467916	0.0	47053712	0	0	0.006017542	1.57470703125
FULLT	run4	nl	20	1	0.06132775	0.060547792	0.0	65308288	0	0	0.006044333	1.57470703125
FULLT	run4	nl	10	2	0.042764292	0.042004209	0.0	47053712	0	0	0.005896583	1.57470703125
FULLT	run4	nl	20	2	0.060842458	0.060065375	0.0	65308288	0	0	0.00606425	1.57470703125
FULLT	run4	nl	10	3	0.043392334	0.042628125	0.0	47053712	0	0	0.005960875	1.57470703125
FULLT	run4	nl	20	3	0.060992375	0.060230708	0.0	65308288	0	0	0.005909833	1.5283203125
FULLT	run4	nl	10	4	0.043174084	0.042394167	0.0	47053712	0	0	0.005975334	1.5283203125
FULLT	run4	nl	20	4	0.061187292	0.060410792	0.0	65308288	0	0	0.005959667	1.5283203125
FULLT	run4	nl	10	5	0.043155708	0.042368	0.0	47053712	0	0	0.005964625	1.5283203125
FULLT	run4	nl	20	5	0.060862417	0.060110708	0.0	65308288	0	0	0.005932333	1.5283203125
F	run4	nl	10	1	0.032687292	0.032555708	0.0	40478032	0	0	0.006037	1.37744140625
F	run4	nl	20	1	0.047489333	0.047344125	0.0	56046048	0	0	0.005999625	1.37744140625
F	run4	nl	10	2	0.032340333	0.032208708	0.0	40478032	0	0	0.005931125	1.37744140625
F	run4	nl	20	2	0.047474625	0.047335708	0.0	56046048	0	0	0.005934708	1.37744140625
F	run4	nl	10	3	0.032367417	0.032238542	0.0	40478032	0	0	0.005981667	1.37744140625
F	run4	nl	20	3	0.046931667	0.0468005	0.0	56046048	0	0	0.005919875	1.37744140625
F	run4	nl	10	4	0.032407625	0.0322815	0.0	40478032	0	0	0.005965416	1.37744140625
F	run4	nl	20	4	0.04722275	0.047096416	0.0	56046048	0	0	0.005939333	1.37744140625
F	run4	nl	10	5	0.0323715	0.032238417	0.0	40478032	0	0	0.00598125	1.37744140625
F	run4	nl	20	5	0.047210208	0.047082875	0.0	56046048	0	0	0.005896875	1.37744140625
v6	run4	nl	10	1	0.045416	0.045294917	0.0	50586336	0	0	0.00596475	1.26953125
v6	run4	nl	20	1	0.075795917	0.0756685	0.0	75846352	0	0	0.006061	1.26953125
v6	run4	nl	10	2	0.045085792	0.0449595	0.0	50586336	0	0	0.005891083	1.26953125
v6	run4	nl	20	2	0.075429708	0.075302292	0.0	75846352	0	0	0.005980625	1.26953125
v6	run4	nl	10	3	0.045301084	0.045171208	0.0	50586336	0	0	0.005959083	1.26953125
v6	run4	nl	20	3	0.07607675	0.075937875	0.0	75846352	0	0	0.005946833	1.26953125
v6	run4	nl	10	4	0.04572525	0.045603583	0.0	50586336	0	0	0.005938	1.26953125
v6	run4	nl	20	4	0.075957542	0.075830917	0.0	75846352	0	0	0.005976625	1.26953125
v6	run4	nl	10	5	0.045239083	0.045103125	0.0	50586336	0	0	0.005941333	1.26953125
v6	run4	nl	20	5	0.075674875	0.075537292	0.0	75846352	0	0	0.005906	1.26953125
F	run5	nl	10	1	0.033047	0.032928542	0.0	40478032	0	0	0.005989458	1.17626953125
F	run5	nl	20	1	0.0490385	0.048908417	0.0	56046048	0	0	0.005864292	1.17626953125
F	run5	nl	10	2	0.032720583	0.03259275	0.0	40478032	0	0	0.005926708	1.17626953125
F	run5	nl	20	2	0.048839875	0.048701167	0.0	56046048	0	0	0.0059315	1.17626953125
F	run5	nl	10	3	0.033081041	0.032943291	0.0	40478032	0	0	0.005897208	1.17626953125
F	run5	nl	20	3	0.048888375	0.048757292	0.0	56046048	0	0	0.005956584	1.17626953125
F	run5	nl	10	4	0.033037208	0.032921083	0.0	40478032	0	0	0.005915125	1.17626953125
F	run5	nl	20	4	0.049491875	0.049356292	0.0	56046048	0	0	0.005964541	1.17626953125
F	run5	nl	10	5	0.033033375	0.032893458	0.0	40478032	0	0	0.005959542	1.17626953125
F	run5	nl	20	5	0.049006625	0.0488795	0.0	56046048	0	0	0.005893416	1.17626953125
v6	run5	nl	10	1	0.045492875	0.045357583	0.0	50586336	0	0	0.005968375	1.12548828125
v6	run5	nl	20	1	0.075615208	0.075473333	0.0	75846352	0	0	0.006051583	1.12548828125
v6	run5	nl	10	2	0.044852458	0.044721333	0.0	50586336	0	0	0.005929708	1.12548828125
v6	run5	nl	20	2	0.075204584	0.075064708	0.0	75846352	0	0	0.005898417	1.12548828125
v6	run5	nl	10	3	0.045049833	0.04491425	0.0	50586336	0	0	0.005948917	1.12548828125
v6	run5	nl	20	3	0.075380958	0.075251292	0.0	75846352	0	0	0.005867792	1.12548828125
v6	run5	nl	10	4	0.044645292	0.04450375	0.0	50586336	0	0	0.005939625	1.12548828125
v6	run5	nl	20	4	0.074784458	0.074640708	0.0	75846352	0	0	0.005924375	1.12548828125
v6	run5	nl	10	5	0.04511075	0.044979667	0.0	50586336	0	0	0.005864209	1.12548828125
v6	run5	nl	20	5	0.074909959	0.074771583	0.0	75846352	0	0	0.005962417	1.12548828125
FULLT	run5	nl	10	1	0.04363675	0.042861583	0.0	47053712	0	0	0.006078417	1.08935546875
FULLT	run5	nl	20	1	0.061315375	0.060575291	0.0	65308288	0	0	0.006047166	1.08935546875
FULLT	run5	nl	10	2	0.04282275	0.042058042	0.0	47053712	0	0	0.0059545	1.08935546875
FULLT	run5	nl	20	2	0.060942084	0.060179416	0.0	65308288	0	0	0.005891417	1.08935546875
FULLT	run5	nl	10	3	0.043049125	0.042272708	0.0	47053712	0	0	0.005926667	1.08935546875
FULLT	run5	nl	20	3	0.061201083	0.06046	0.0	65308288	0	0	0.005907792	1.08935546875
FULLT	run5	nl	10	4	0.042898333	0.042127875	0.0	47053712	0	0	0.005927583	1.08935546875
FULLT	run5	nl	20	4	0.061364417	0.060569417	0.0	65308288	0	0	0.005933375	1.08935546875
FULLT	run5	nl	10	5	0.04418025	0.043420667	0.0	47053712	0	0	0.005933375	1.08203125
FULLT	run5	nl	20	5	0.061018209	0.060249458	0.0	65308288	0	0	0.005939667	1.08203125
FULLT	run1	hmm	20	1	0.059410417	0.058866625	0.0	88273456	0	0	0.006017917	1.0576171875
FULLT	run1	hmm	40	1	0.104504458	0.103539667	0.0	155554128	0	0	0.006056583	1.0576171875
FULLT	run1	hmm	20	2	0.059006292	0.058470166	0.0	88273456	0	0	0.005881625	1.0576171875
FULLT	run1	hmm	40	2	0.104348125	0.103402417	0.0	155554128	0	0	0.005930375	1.0576171875
FULLT	run1	hmm	20	3	0.059381708	0.058855584	0.0	88273456	0	0	0.005939542	1.0576171875
FULLT	run1	hmm	40	3	0.104443084	0.103486291	0.0	155554128	0	0	0.00596725	1.052734375
FULLT	run1	hmm	20	4	0.058920083	0.058410292	0.0	88273456	0	0	0.005938458	1.052734375
FULLT	run1	hmm	40	4	0.103020167	0.102078042	0.0	155554128	0	0	0.005927875	1.052734375
FULLT	run1	hmm	20	5	0.0591125	0.058563916	0.0	88273456	0	0	0.005937083	1.052734375
FULLT	run1	hmm	40	5	0.103836875	0.102888208	0.0	155554128	0	0	0.005870833	1.052734375
F	run1	hmm	20	1	0.050543375	0.050137333	0.0	80341088	0	0	0.00603925	1.037109375
F	run1	hmm	40	1	0.092526416	0.091698625	0.0	143681600	0	0	0.006018459	1.11376953125
F	run1	hmm	20	2	0.050912375	0.050483417	0.0	80341088	0	0	0.005990416	1.11376953125
F	run1	hmm	40	2	0.091458875	0.090648166	0.0	143681600	0	0	0.005848209	1.11376953125
F	run1	hmm	20	3	0.050555875	0.050119625	0.0	80341088	0	0	0.005954375	1.11376953125
F	run1	hmm	40	3	0.092744042	0.091885917	0.0	143681600	0	0	0.0059915	1.11376953125
F	run1	hmm	20	4	0.050956041	0.050524	0.0	80341088	0	0	0.005857791	1.11376953125
F	run1	hmm	40	4	0.092462291	0.091645042	0.0	143681600	0	0	0.00594475	1.11376953125
F	run1	hmm	20	5	0.050633959	0.05020875	0.0	80341088	0	0	0.005952166	1.11376953125
F	run1	hmm	40	5	0.091931375	0.091116459	0.0	143681600	0	0	0.005931167	1.11376953125
v6	run1	hmm	20	1	0.056149833	0.0557065	0.0	71811232	0	0	0.005968709	1.80029296875
v6	run1	hmm	40	1	0.1044595	0.10356925	0.0	125968384	0	0	0.006047333	1.80029296875
v6	run1	hmm	20	2	0.05604025	0.055625166	0.0	71811232	0	0	0.005945667	1.80029296875
v6	run1	hmm	40	2	0.110032625	0.109196167	0.0	125968384	0	0	0.005956167	1.80029296875
v6	run1	hmm	20	3	0.055868875	0.055448834	0.0	71811232	0	0	0.005988583	1.80029296875
v6	run1	hmm	40	3	0.102874041	0.102024333	0.0	125968384	0	0	0.005936417	1.80029296875
v6	run1	hmm	20	4	0.056214333	0.055797416	0.0	71811232	0	0	0.005868792	1.80029296875
v6	run1	hmm	40	4	0.1020255	0.10124175	0.0	125968384	0	0	0.005934084	1.80029296875
v6	run1	hmm	20	5	0.055948666	0.055542083	0.0	71811232	0	0	0.005954708	1.80029296875
v6	run1	hmm	40	5	0.103573542	0.102729375	0.0	125968384	0	0	0.005903584	1.80029296875
F	run2	hmm	20	1	0.049330958	0.048892625	0.0	80341088	0	0	0.006022667	1.8564453125
F	run2	hmm	40	1	0.08983225	0.088997792	0.0	143681600	0	0	0.005983	1.8564453125
F	run2	hmm	20	2	0.0495255	0.049073667	0.0	80341088	0	0	0.00593475	1.8564453125
F	run2	hmm	40	2	0.089824875	0.088982	0.0	143681600	0	0	0.005965208	1.8564453125
F	run2	hmm	20	3	0.049330375	0.048901792	0.0	80341088	0	0	0.005867	1.8564453125
F	run2	hmm	40	3	0.089849958	0.089026167	0.0	143681600	0	0	0.00593325	1.8564453125
F	run2	hmm	20	4	0.049089833	0.048663917	0.0	80341088	0	0	0.005945375	1.8564453125
F	run2	hmm	40	4	0.089646375	0.088773792	0.0	143681600	0	0	0.005942292	1.78759765625
F	run2	hmm	20	5	0.04943325	0.048973291	0.0	80341088	0	0	0.005925625	1.78759765625
F	run2	hmm	40	5	0.089381875	0.08852175	0.0	143681600	0	0	0.005903542	1.78759765625
v6	run2	hmm	20	1	0.055999125	0.055587167	0.0	71811232	0	0	0.005967	1.78564453125
v6	run2	hmm	40	1	0.102753167	0.101943959	0.0	125968384	0	0	0.006034166	1.78564453125
v6	run2	hmm	20	2	0.056240833	0.055804083	0.0	71811232	0	0	0.00599125	1.78564453125
v6	run2	hmm	40	2	0.101925209	0.101121791	0.0	125968384	0	0	0.005880417	1.78564453125
v6	run2	hmm	20	3	0.055839	0.055412833	0.0	71811232	0	0	0.00593075	1.78564453125
v6	run2	hmm	40	3	0.102153208	0.101290958	0.0	125968384	0	0	0.005894166	1.78564453125
v6	run2	hmm	20	4	0.055609667	0.055155875	0.0	71811232	0	0	0.005847583	1.78564453125
v6	run2	hmm	40	4	0.1026845	0.101854208	0.0	125968384	0	0	0.005942041	1.78564453125
v6	run2	hmm	20	5	0.056091083	0.0556515	0.0	71811232	0	0	0.00595575	1.78564453125
v6	run2	hmm	40	5	0.101866792	0.101038875	0.0	125968384	0	0	0.00584475	1.78564453125
FULLT	run2	hmm	20	1	0.058631417	0.058109792	0.0	88273456	0	0	0.006048084	1.8369140625
FULLT	run2	hmm	40	1	0.101459291	0.100483667	0.0	155554128	0	0	0.006055542	1.8369140625
FULLT	run2	hmm	20	2	0.058264875	0.057726042	0.0	88273456	0	0	0.005911917	1.8369140625
FULLT	run2	hmm	40	2	0.101591417	0.100655958	0.0	155554128	0	0	0.005898542	1.8369140625
FULLT	run2	hmm	20	3	0.058448333	0.05792975	0.0	88273456	0	0	0.005955	1.8369140625
FULLT	run2	hmm	40	3	0.101427042	0.100528083	0.0	155554128	0	0	0.005892166	1.8369140625
FULLT	run2	hmm	20	4	0.058419125	0.057891916	0.0	88273456	0	0	0.005946167	1.8369140625
FULLT	run2	hmm	40	4	0.101572083	0.100607709	0.0	155554128	0	0	0.005875417	1.8369140625
FULLT	run2	hmm	20	5	0.058573625	0.058062042	0.0	88273456	0	0	0.005981208	1.8369140625
FULLT	run2	hmm	40	5	0.101631292	0.100691167	0.0	155554128	0	0	0.005919666	1.8369140625
v6	run3	hmm	20	1	0.055783459	0.055353584	0.0	71811232	0	0	0.006032333	1.6298828125
v6	run3	hmm	40	1	0.101432917	0.100565958	0.0	125968384	0	0	0.006007459	1.6298828125
v6	run3	hmm	20	2	0.055697542	0.055264584	0.0	71811232	0	0	0.005973375	1.6298828125
v6	run3	hmm	40	2	0.101159541	0.100266166	0.0	125968384	0	0	0.005922833	1.6298828125
v6	run3	hmm	20	3	0.055651	0.055220375	0.0	71811232	0	0	0.005882541	1.6298828125
v6	run3	hmm	40	3	0.101156625	0.100304125	0.0	125968384	0	0	0.005915542	1.6298828125
v6	run3	hmm	20	4	0.055359125	0.054922208	0.0	71811232	0	0	0.005935167	1.6298828125
v6	run3	hmm	40	4	0.101538541	0.100693792	0.0	125968384	0	0	0.005968	1.6298828125
v6	run3	hmm	20	5	0.055058917	0.05462	0.0	71811232	0	0	0.005862042	1.6298828125
v6	run3	hmm	40	5	0.101617083	0.100820458	0.0	125968384	0	0	0.005935875	1.6298828125
FULLT	run3	hmm	20	1	0.05915475	0.058623375	0.0	88273456	0	0	0.00599975	1.4765625
FULLT	run3	hmm	40	1	0.104231083	0.103278459	0.0	155554128	0	0	0.006052916	1.4765625
FULLT	run3	hmm	20	2	0.058757	0.058212792	0.0	88273456	0	0	0.005864708	1.4765625
FULLT	run3	hmm	40	2	0.103730167	0.102777333	0.0	155554128	0	0	0.005969625	1.4765625
FULLT	run3	hmm	20	3	0.05896925	0.0584045	0.0	88273456	0	0	0.005891917	1.4765625
FULLT	run3	hmm	40	3	0.102890375	0.101928083	0.0	155554128	0	0	0.005975625	1.4765625
FULLT	run3	hmm	20	4	0.05937675	0.058846458	0.0	88273456	0	0	0.005977125	1.4765625
FULLT	run3	hmm	40	4	0.104375917	0.103434166	0.0	155554128	0	0	0.00594125	1.4765625
FULLT	run3	hmm	20	5	0.059107625	0.058595125	0.0	88273456	0	0	0.005929291	1.4765625
FULLT	run3	hmm	40	5	0.103856125	0.102930125	0.0	155554128	0	0	0.00593175	1.4765625
F	run3	hmm	20	1	0.050900625	0.050474166	0.0	80341088	0	0	0.005990958	1.31298828125
F	run3	hmm	40	1	0.091925917	0.091088292	0.0	143681600	0	0	0.0059655	1.31298828125
F	run3	hmm	20	2	0.050557167	0.0501485	0.0	80341088	0	0	0.005908083	1.31298828125
F	run3	hmm	40	2	0.09168625	0.090821375	0.0	143681600	0	0	0.005925375	1.31298828125
F	run3	hmm	20	3	0.0504105	0.049957	0.0	80341088	0	0	0.005858583	1.31298828125
F	run3	hmm	40	3	0.091943958	0.091117667	0.0	143681600	0	0	0.005929875	1.31298828125
F	run3	hmm	20	4	0.050622458	0.050193667	0.0	80341088	0	0	0.005977125	1.31298828125
F	run3	hmm	40	4	0.091688125	0.090862959	0.0	143681600	0	0	0.005867208	1.31298828125
F	run3	hmm	20	5	0.050556208	0.050138917	0.0	80341088	0	0	0.005973625	1.31298828125
F	run3	hmm	40	5	0.092376958	0.091548209	0.0	143681600	0	0	0.005948125	1.31298828125
FULLT	run4	hmm	20	1	0.059589916	0.059059375	0.0	88273456	0	0	0.006021042	1.35888671875
FULLT	run4	hmm	40	1	0.103787792	0.102861958	0.0	155554128	0	0	0.006046625	1.35888671875
FULLT	run4	hmm	20	2	0.059146792	0.058592584	0.0	88273456	0	0	0.005932041	1.35888671875
FULLT	run4	hmm	40	2	0.10334675	0.102424541	0.0	155554128	0	0	0.005987333	1.35888671875
FULLT	run4	hmm	20	3	0.059542417	0.059015291	0.0	88273456	0	0	0.005985125	1.35888671875
FULLT	run4	hmm	40	3	0.103634542	0.102639542	0.0	155554128	0	0	0.005919583	1.35888671875
FULLT	run4	hmm	20	4	0.0599445	0.059382208	0.0	88273456	0	0	0.005985709	1.35888671875
FULLT	run4	hmm	40	4	0.103021	0.102083042	0.0	155554128	0	0	0.0059655	1.35888671875
FULLT	run4	hmm	20	5	0.059272	0.058731209	0.0	88273456	0	0	0.005945791	1.35888671875
FULLT	run4	hmm	40	5	0.103953167	0.103014125	0.0	155554128	0	0	0.005906709	1.35888671875
F	run4	hmm	20	1	0.050840916	0.050410209	0.0	80341088	0	0	0.005949666	1.2978515625
F	run4	hmm	40	1	0.093263875	0.092397875	0.0	143681600	0	0	0.005936625	1.2978515625
F	run4	hmm	20	2	0.050859542	0.050419	0.0	80341088	0	0	0.005940708	1.2978515625
F	run4	hmm	40	2	0.091957709	0.091114	0.0	143681600	0	0	0.005877541	1.2978515625
F	run4	hmm	20	3	0.051203	0.0507535	0.0	80341088	0	0	0.005982333	1.2978515625
F	run4	hmm	40	3	0.0928955	0.09200675	0.0	143681600	0	0	0.00595	1.2978515625
F	run4	hmm	20	4	0.050880916	0.050444458	0.0	80341088	0	0	0.00589475	1.2978515625
F	run4	hmm	40	4	0.09221875	0.091393291	0.0	143681600	0	0	0.005928375	1.2978515625
F	run4	hmm	20	5	0.050864042	0.050426417	0.0	80341088	0	0	0.005980708	1.27392578125
F	run4	hmm	40	5	0.092726833	0.091889792	0.0	143681600	0	0	0.005919541	1.27392578125
v6	run4	hmm	20	1	0.056930292	0.056525417	0.0	71811232	0	0	0.005974375	1.19580078125
v6	run4	hmm	40	1	0.103983166	0.103103458	0.0	125968384	0	0	0.006016458	1.19580078125
v6	run4	hmm	20	2	0.056518584	0.05608575	0.0	71811232	0	0	0.005877208	1.19580078125
v6	run4	hmm	40	2	0.10383625	0.103033459	0.0	125968384	0	0	0.005942541	1.19580078125
v6	run4	hmm	20	3	0.056401	0.055993417	0.0	71811232	0	0	0.005894917	1.19580078125
v6	run4	hmm	40	3	0.103216084	0.102408375	0.0	125968384	0	0	0.005890041	1.19580078125
v6	run4	hmm	20	4	0.056470167	0.056050291	0.0	71811232	0	0	0.005929	1.19580078125
v6	run4	hmm	40	4	0.10410025	0.103286333	0.0	125968384	0	0	0.005960792	1.19580078125
v6	run4	hmm	20	5	0.056506375	0.056087875	0.0	71811232	0	0	0.005863	1.19580078125
v6	run4	hmm	40	5	0.10353475	0.102705167	0.0	125968384	0	0	0.005940666	1.19580078125
F	run5	hmm	20	1	0.050507041	0.05010475	0.0	80341088	0	0	0.006303333	1.3310546875
F	run5	hmm	40	1	0.090664125	0.089772	0.0	143681600	0	0	0.005955541	1.3310546875
F	run5	hmm	20	2	0.05031225	0.049884625	0.0	80341088	0	0	0.005960958	1.3310546875
F	run5	hmm	40	2	0.091082166	0.090228375	0.0	143681600	0	0	0.005861416	1.3310546875
F	run5	hmm	20	3	0.049927167	0.049502166	0.0	80341088	0	0	0.005935167	1.3310546875
F	run5	hmm	40	3	0.090642875	0.089826625	0.0	143681600	0	0	0.005924459	1.3310546875
F	run5	hmm	20	4	0.04992225	0.049482583	0.0	80341088	0	0	0.005873959	1.3310546875
F	run5	hmm	40	4	0.091187292	0.090372125	0.0	143681600	0	0	0.005966333	1.3310546875
F	run5	hmm	20	5	0.050060292	0.049630583	0.0	80341088	0	0	0.005890875	1.3310546875
F	run5	hmm	40	5	0.091728875	0.090885042	0.0	143681600	0	0	0.005951959	1.3310546875
v6	run5	hmm	20	1	0.056007833	0.055586167	0.0	71811232	0	0	0.006037083	1.236328125
v6	run5	hmm	40	1	0.101762875	0.100933125	0.0	125968384	0	0	0.006012917	1.21728515625
v6	run5	hmm	20	2	0.055450042	0.0550305	0.0	71811232	0	0	0.005902166	1.21728515625
v6	run5	hmm	40	2	0.101531292	0.100721416	0.0	125968384	0	0	0.005871833	1.21728515625
v6	run5	hmm	20	3	0.055826708	0.055386875	0.0	71811232	0	0	0.005947792	1.21728515625
v6	run5	hmm	40	3	0.101043333	0.100222	0.0	125968384	0	0	0.006115667	1.21728515625
v6	run5	hmm	20	4	0.0549575	0.054497875	0.0	71811232	0	0	0.005852833	1.21728515625
v6	run5	hmm	40	4	0.101890666	0.10104725	0.0	125968384	0	0	0.005942958	1.21728515625
v6	run5	hmm	20	5	0.055668292	0.0552325	0.0	71811232	0	0	0.005936833	1.21728515625
v6	run5	hmm	40	5	0.100752417	0.099896042	0.0	125968384	0	0	0.005872916	1.21728515625
FULLT	run5	hmm	20	1	0.059214667	0.058698458	0.0	88273456	0	0	0.006033833	1.14208984375
FULLT	run5	hmm	40	1	0.104060083	0.10313125	0.0	155554128	0	0	0.006027792	1.14208984375
FULLT	run5	hmm	20	2	0.0589845	0.058460708	0.0	88273456	0	0	0.005891709	1.14208984375
FULLT	run5	hmm	40	2	0.103083042	0.102164084	0.0	155554128	0	0	0.005938667	1.14208984375
FULLT	run5	hmm	20	3	0.058771083	0.0582325	0.0	88273456	0	0	0.005990417	1.14208984375
FULLT	run5	hmm	40	3	0.10379475	0.102836833	0.0	155554128	0	0	0.005937542	1.14208984375
FULLT	run5	hmm	20	4	0.059448375	0.05889125	0.0	88273456	0	0	0.005956292	1.14208984375
FULLT	run5	hmm	40	4	0.103686708	0.102691125	0.0	155554128	0	0	0.005913291	1.14208984375
FULLT	run5	hmm	20	5	0.058889334	0.058363875	0.0	88273456	0	0	0.005903666	1.14208984375
FULLT	run5	hmm	40	5	0.104224083	0.103270917	0.0	155554128	0	0	0.00596975	1.14208984375
FULLT	run1	gmm	20	1	0.073047625	0.07304975	0.0	83805504	0	0	0.00597325	1.328125
FULLT	run1	gmm	40	1	0.113258125	0.11324525	0.0	122831520	0	0	0.006021875	1.328125
FULLT	run1	gmm	20	2	0.073278167	0.073269792	0.0	83805504	0	0	0.006122959	1.328125
FULLT	run1	gmm	40	2	0.113449834	0.113451041	0.0	122831520	0	0	0.005964209	1.3818359375
FULLT	run1	gmm	20	3	0.072664792	0.072653208	0.0	83805504	0	0	0.005979375	1.3818359375
FULLT	run1	gmm	40	3	0.113331291	0.113318792	0.0	122831520	0	0	0.005899833	1.3818359375
FULLT	run1	gmm	20	4	0.073087416	0.073076916	0.0	83805504	0	0	0.005987167	1.3818359375
FULLT	run1	gmm	40	4	0.11218175	0.112171	0.0	122831520	0	0	0.005946542	1.3818359375
FULLT	run1	gmm	20	5	0.072788208	0.072789542	0.0	83805504	0	0	0.005939959	1.3818359375
FULLT	run1	gmm	40	5	0.113453042	0.113445041	0.0	122831520	0	0	0.005978417	1.3818359375
F	run1	gmm	20	1	0.050502791	0.050504125	0.0	61110064	0	0	0.006309708	1.42041015625
F	run1	gmm	40	1	0.083731792	0.083733167	0.0	91324880	0	0	0.006159125	1.42041015625
F	run1	gmm	20	2	0.050325542	0.05032725	0.0	61110064	0	0	0.005957541	1.42041015625
F	run1	gmm	40	2	0.083480375	0.083471458	0.0	91324880	0	0	0.005941041	1.466796875
F	run1	gmm	20	3	0.050079334	0.050074708	0.0	61110064	0	0	0.005923083	1.466796875
F	run1	gmm	40	3	0.083491917	0.0834815	0.0	91324880	0	0	0.005977667	1.466796875
F	run1	gmm	20	4	0.049953708	0.049956583	0.0	61110064	0	0	0.005946459	1.466796875
F	run1	gmm	40	4	0.08334175	0.083342959	0.0	91324880	0	0	0.005877292	1.466796875
F	run1	gmm	20	5	0.049663333	0.049664708	0.0	61110064	0	0	0.005950666	1.466796875
F	run1	gmm	40	5	0.083284541	0.083273	0.0	91324880	0	0	0.005946167	1.466796875
v6	run1	gmm	20	1	0.061446333	0.061448375	0.0	71025344	0	0	0.00600525	1.4814453125
v6	run1	gmm	40	1	0.107070708	0.107059084	0.0	109133280	0	0	0.006008458	1.4814453125
v6	run1	gmm	20	2	0.061326083	0.061316291	0.0	71025344	0	0	0.005967541	1.4814453125
v6	run1	gmm	40	2	0.105988084	0.105979959	0.0	109133280	0	0	0.005951541	1.4814453125
v6	run1	gmm	20	3	0.060921167	0.060912917	0.0	71025344	0	0	0.005929167	1.4814453125
v6	run1	gmm	40	3	0.10594225	0.105946	0.0	109133280	0	0	0.005953041	1.4814453125
v6	run1	gmm	20	4	0.060822208	0.060811583	0.0	71025344	0	0	0.005953125	1.4814453125
v6	run1	gmm	40	4	0.105844709	0.105834375	0.0	109133280	0	0	0.005897375	1.4814453125
v6	run1	gmm	20	5	0.06083775	0.060839167	0.0	71025344	0	0	0.005965333	1.4814453125
v6	run1	gmm	40	5	0.106697167	0.106698417	0.0	109133280	0	0	0.005865208	1.4814453125
F	run2	gmm	20	1	0.050760333	0.050762583	0.0	61110064	0	0	0.006359834	1.650390625
F	run2	gmm	40	1	0.084974	0.084960625	0.0	91324880	0	0	0.006021166	1.650390625
F	run2	gmm	20	2	0.050439334	0.05043075	0.0	61110064	0	0	0.005938417	1.650390625
F	run2	gmm	40	2	0.08398075	0.083971791	0.0	91324880	0	0	0.005924667	1.650390625
F	run2	gmm	20	3	0.050273958	0.050275459	0.0	61110064	0	0	0.005924292	1.650390625
F	run2	gmm	40	3	0.084423625	0.084425791	0.0	91324880	0	0	0.005902542	1.650390625
F	run2	gmm	20	4	0.050152791	0.050154875	0.0	61110064	0	0	0.00593975	1.650390625
F	run2	gmm	40	4	0.083827709	0.08381625	0.0	91324880	0	0	0.005948916	1.650390625
F	run2	gmm	20	5	0.050619625	0.050611959	0.0	61110064	0	0	0.005909958	1.650390625
F	run2	gmm	40	5	0.083879666	0.083872833	0.0	91324880	0	0	0.00591975	1.650390625
v6	run2	gmm	20	1	0.060048708	0.060051167	0.0	71025344	0	0	0.006026708	1.60693359375
v6	run2	gmm	40	1	0.104267041	0.104256375	0.0	109133280	0	0	0.005975584	1.60693359375
v6	run2	gmm	20	2	0.059673333	0.059674875	0.0	71025344	0	0	0.005916041	1.60693359375
v6	run2	gmm	40	2	0.103931	0.103921792	0.0	109133280	0	0	0.005986541	1.60693359375
v6	run2	gmm	20	3	0.059856958	0.059858792	0.0	71025344	0	0	0.005867417	1.60693359375
v6	run2	gmm	40	3	0.103996167	0.103986791	0.0	109133280	0	0	0.00596125	1.60693359375
v6	run2	gmm	20	4	0.059957	0.05995925	0.0	71025344	0	0	0.005969	1.55810546875
v6	run2	gmm	40	4	0.103886875	0.103879083	0.0	109133280	0	0	0.005942416	1.55810546875
v6	run2	gmm	20	5	0.060022083	0.060011541	0.0	71025344	0	0	0.005980291	1.55810546875
v6	run2	gmm	40	5	0.103367375	0.103359791	0.0	109133280	0	0	0.005935541	1.55810546875
FULLT	run2	gmm	20	1	0.073520333	0.073507208	0.0	83805504	0	0	0.0060665	1.3984375
FULLT	run2	gmm	40	1	0.114272417	0.114265083	0.0	122831520	0	0	0.0060005	1.3984375
FULLT	run2	gmm	20	2	0.073059959	0.073034041	0.0	83805504	0	0	0.005899583	1.3984375
FULLT	run2	gmm	40	2	0.113873208	0.113862084	0.0	122831520	0	0	0.005930083	1.3984375
FULLT	run2	gmm	20	3	0.0727495	0.072747667	0.0	83805504	0	0	0.005903334	1.3984375
FULLT	run2	gmm	40	3	0.114836792	0.114837917	0.0	122831520	0	0	0.005941166	1.3984375
FULLT	run2	gmm	20	4	0.07280725	0.072809875	0.0	83805504	0	0	0.005840208	1.4462890625
FULLT	run2	gmm	40	4	0.113423791	0.113413209	0.0	122831520	0	0	0.005948792	1.4462890625
FULLT	run2	gmm	20	5	0.073650166	0.073651458	0.0	83805504	0	0	0.005935959	1.4462890625
FULLT	run2	gmm	40	5	0.114301833	0.11429325	0.0	122831520	0	0	0.005842291	1.4462890625
v6	run3	gmm	20	1	0.059639458	0.059628458	0.0	71025344	0	0	0.006046625	1.392578125
v6	run3	gmm	40	1	0.103723	0.103712041	0.0	109133280	0	0	0.00602425	1.392578125
v6	run3	gmm	20	2	0.05904675	0.059039084	0.0	71025344	0	0	0.006218042	1.392578125
v6	run3	gmm	40	2	0.103410541	0.103401959	0.0	109133280	0	0	0.005941834	1.392578125
v6	run3	gmm	20	3	0.059061125	0.05906275	0.0	71025344	0	0	0.005895834	1.392578125
v6	run3	gmm	40	3	0.103287875	0.103290541	0.0	109133280	0	0	0.005913833	1.392578125
v6	run3	gmm	20	4	0.059039666	0.059041	0.0	71025344	0	0	0.005874208	1.392578125
v6	run3	gmm	40	4	0.103079291	0.103072625	0.0	109133280	0	0	0.005924875	1.392578125
v6	run3	gmm	20	5	0.058861125	0.058851	0.0	71025344	0	0	0.005933958	1.392578125
v6	run3	gmm	40	5	0.103565	0.10355625	0.0	109133280	0	0	0.005971834	1.392578125
FULLT	run3	gmm	20	1	0.073629292	0.073618791	0.0	83805504	0	0	0.006030541	1.337890625
FULLT	run3	gmm	40	1	0.115429458	0.11541825	0.0	122831520	0	0	0.006050459	1.337890625
FULLT	run3	gmm	20	2	0.072881916	0.072882958	0.0	83805504	0	0	0.00592975	1.337890625
FULLT	run3	gmm	40	2	0.114035959	0.114038583	0.0	122831520	0	0	0.005938459	1.337890625
FULLT	run3	gmm	20	3	0.073090792	0.073092792	0.0	83805504	0	0	0.005869667	1.337890625
FULLT	run3	gmm	40	3	0.1134935	0.113481417	0.0	122831520	0	0	0.005944084	1.337890625
FULLT	run3	gmm	20	4	0.07311775	0.073106083	0.0	83805504	0	0	0.005953334	1.337890625
FULLT	run3	gmm	40	4	0.113888	0.113878208	0.0	122831520	0	0	0.005894708	1.337890625
FULLT	run3	gmm	20	5	0.073319584	0.07331225	0.0	83805504	0	0	0.005978375	1.337890625
FULLT	run3	gmm	40	5	0.114203	0.114192167	0.0	122831520	0	0	0.005952792	1.337890625
F	run3	gmm	20	1	0.050775125	0.05077625	0.0	61110064	0	0	0.005908458	1.27880859375
F	run3	gmm	40	1	0.084302333	0.084293166	0.0	91324880	0	0	0.006026542	1.27880859375
F	run3	gmm	20	2	0.050260458	0.050262333	0.0	61110064	0	0	0.006056584	1.27880859375
F	run3	gmm	40	2	0.084455083	0.08445675	0.0	91324880	0	0	0.005921792	1.27880859375
F	run3	gmm	20	3	0.05009725	0.05009925	0.0	61110064	0	0	0.005906708	1.27880859375
F	run3	gmm	40	3	0.084027291	0.084029417	0.0	91324880	0	0	0.005897542	1.27880859375
F	run3	gmm	20	4	0.0503545	0.050344542	0.0	61110064	0	0	0.005965625	1.27880859375
F	run3	gmm	40	4	0.084482583	0.084470083	0.0	91324880	0	0	0.005936583	1.27880859375
F	run3	gmm	20	5	0.050207708	0.050209417	0.0	61110064	0	0	0.005902542	1.27880859375
F	run3	gmm	40	5	0.084760333	0.084750709	0.0	91324880	0	0	0.005946833	1.27880859375
FULLT	run4	gmm	20	1	0.073415208	0.073403666	0.0	83805504	0	0	0.006081209	1.1826171875
FULLT	run4	gmm	40	1	0.113185875	0.113188167	0.0	122831520	0	0	0.006013667	1.1826171875
FULLT	run4	gmm	20	2	0.072919542	0.072908417	0.0	83805504	0	0	0.00596475	1.1826171875
FULLT	run4	gmm	40	2	0.112922208	0.112910958	0.0	122831520	0	0	0.0059855	1.1826171875
FULLT	run4	gmm	20	3	0.073026958	0.073028584	0.0	83805504	0	0	0.005836209	1.1826171875
FULLT	run4	gmm	40	3	0.113334333	0.113327166	0.0	122831520	0	0	0.006003375	1.1826171875
FULLT	run4	gmm	20	4	0.072640375	0.072641542	0.0	83805504	0	0	0.005948	1.1826171875
FULLT	run4	gmm	40	4	0.113040417	0.113034167	0.0	122831520	0	0	0.005927083	1.1826171875
FULLT	run4	gmm	20	5	0.072941334	0.072943875	0.0	83805504	0	0	0.005893416	1.1826171875
FULLT	run4	gmm	40	5	0.113068375	0.113056959	0.0	122831520	0	0	0.005870625	1.1826171875
F	run4	gmm	20	1	0.049979208	0.049983417	0.0	61110064	0	0	0.0060385	1.119140625
F	run4	gmm	40	1	0.08260825	0.082595958	0.0	91324880	0	0	0.005969625	1.119140625
F	run4	gmm	20	2	0.049490166	0.0494795	0.0	61110064	0	0	0.005935792	1.119140625
F	run4	gmm	40	2	0.082365667	0.08235475	0.0	91324880	0	0	0.005977458	1.119140625
F	run4	gmm	20	3	0.049565459	0.049554375	0.0	61110064	0	0	0.005925958	1.119140625
F	run4	gmm	40	3	0.082395	0.082396083	0.0	91324880	0	0	0.005910459	1.119140625
F	run4	gmm	20	4	0.049593125	0.049595125	0.0	61110064	0	0	0.005936583	1.119140625
F	run4	gmm	40	4	0.082720958	0.082709625	0.0	91324880	0	0	0.005931041	1.119140625
F	run4	gmm	20	5	0.049764292	0.049765084	0.0	61110064	0	0	0.005953792	1.119140625
F	run4	gmm	40	5	0.082476125	0.082462958	0.0	91324880	0	0	0.005943833	1.119140625
v6	run4	gmm	20	1	0.060562417	0.060550875	0.0	71025344	0	0	0.006054833	1.15234375
v6	run4	gmm	40	1	0.105300334	0.105287875	0.0	109133280	0	0	0.006068542	1.15234375
v6	run4	gmm	20	2	0.059874375	0.059866334	0.0	71025344	0	0	0.00590875	1.15234375
v6	run4	gmm	40	2	0.106680708	0.106683209	0.0	109133280	0	0	0.005938625	1.15234375
v6	run4	gmm	20	3	0.060520125	0.06050925	0.0	71025344	0	0	0.005951958	1.15234375
v6	run4	gmm	40	3	0.105039125	0.105026917	0.0	109133280	0	0	0.005870625	1.15234375
v6	run4	gmm	20	4	0.060132208	0.060133667	0.0	71025344	0	0	0.005946209	1.15234375
v6	run4	gmm	40	4	0.105029625	0.105031042	0.0	109133280	0	0	0.005858542	1.14013671875
v6	run4	gmm	20	5	0.060306625	0.060308791	0.0	71025344	0	0	0.00587225	1.14013671875
v6	run4	gmm	40	5	0.104763292	0.104752083	0.0	109133280	0	0	0.005984375	1.14013671875
F	run5	gmm	20	1	0.049914833	0.049916834	0.0	61110064	0	0	0.006044292	1.162109375
F	run5	gmm	40	1	0.083167292	0.083154583	0.0	91324880	0	0	0.005966958	1.162109375
F	run5	gmm	20	2	0.049354792	0.049356292	0.0	61110064	0	0	0.00594775	1.162109375
F	run5	gmm	40	2	0.082552875	0.082544333	0.0	91324880	0	0	0.005951375	1.162109375
F	run5	gmm	20	3	0.049918292	0.049919667	0.0	61110064	0	0	0.005941417	1.162109375
F	run5	gmm	40	3	0.0824485	0.0824395	0.0	91324880	0	0	0.005900542	1.162109375
F	run5	gmm	20	4	0.049319042	0.049320083	0.0	61110064	0	0	0.005888916	1.162109375
F	run5	gmm	40	4	0.083098959	0.083090791	0.0	91324880	0	0	0.005950833	1.162109375
F	run5	gmm	20	5	0.049751542	0.049756042	0.0	61110064	0	0	0.005907583	1.14892578125
F	run5	gmm	40	5	0.082282959	0.082285084	0.0	91324880	0	0	0.005938791	1.14892578125
v6	run5	gmm	20	1	0.060577708	0.060579083	0.0	71025344	0	0	0.005921083	1.10595703125
v6	run5	gmm	40	1	0.105424375	0.105414375	0.0	109133280	0	0	0.00599075	1.10595703125
v6	run5	gmm	20	2	0.060426125	0.060427916	0.0	71025344	0	0	0.005902208	1.10595703125
v6	run5	gmm	40	2	0.105858708	0.105849041	0.0	109133280	0	0	0.005951792	1.10595703125
v6	run5	gmm	20	3	0.060278667	0.060266917	0.0	71025344	0	0	0.005936833	1.10595703125
v6	run5	gmm	40	3	0.105953958	0.105944334	0.0	109133280	0	0	0.00595375	1.10595703125
v6	run5	gmm	20	4	0.060867	0.060868292	0.0	71025344	0	0	0.005959291	1.10595703125
v6	run5	gmm	40	4	0.105620375	0.10560925	0.0	109133280	0	0	0.005932375	1.10595703125
v6	run5	gmm	20	5	0.060308209	0.060310417	0.0	71025344	0	0	0.005912291	1.10595703125
v6	run5	gmm	40	5	0.1056955	0.105684292	0.0	109133280	0	0	0.00596575	1.10595703125
FULLT	run5	gmm	20	1	0.07307525	0.073061459	0.0	83805504	0	0	0.006073625	1.06884765625
FULLT	run5	gmm	40	1	0.113454125	0.11344425	0.0	122831520	0	0	0.006043291	1.06884765625
FULLT	run5	gmm	20	2	0.072821583	0.072822708	0.0	83805504	0	0	0.005925083	1.06884765625
FULLT	run5	gmm	40	2	0.114017167	0.114007125	0.0	122831520	0	0	0.005990583	1.06884765625
FULLT	run5	gmm	20	3	0.072880542	0.072868625	0.0	83805504	0	0	0.005979	1.06884765625
FULLT	run5	gmm	40	3	0.112702709	0.112704292	0.0	122831520	0	0	0.00593775	1.06884765625
FULLT	run5	gmm	20	4	0.072436167	0.072438917	0.0	83805504	0	0	0.005933542	1.06884765625
FULLT	run5	gmm	40	4	0.112583583	0.112585083	0.0	122831520	0	0	0.005841917	1.06884765625
FULLT	run5	gmm	20	5	0.073030583	0.073022166	0.0	83805504	0	0	0.005926833	1.06884765625
FULLT	run5	gmm	40	5	0.1125085	0.112499375	0.0	122831520	0	0	0.00594725	1.06884765625
FULLT	run1	linreg	20	1	0.1898155	0.187797	0.0	201960112	0	0	0.006022125	1.3642578125
FULLT	run1	linreg	40	1	0.314706333	0.312682833	0.0	317186448	0	0	0.005870583	1.3642578125
FULLT	run1	linreg	20	2	0.191590333	0.189532	0.0	201960112	0	0	0.005968083	1.3642578125
FULLT	run1	linreg	40	2	0.313881625	0.311859375	0.0	317186448	0	0	0.005926583	1.3642578125
FULLT	run1	linreg	20	3	0.190184709	0.188089791	0.0	201960112	0	0	0.005981208	1.3642578125
FULLT	run1	linreg	40	3	0.312583042	0.310551834	0.0	317186448	0	0	0.00594825	1.3349609375
FULLT	run1	linreg	20	4	0.18871275	0.186674625	0.0	201960112	0	0	0.005945667	1.3349609375
FULLT	run1	linreg	40	4	0.313721917	0.31167675	0.0	317186448	0	0	0.005922459	1.3349609375
FULLT	run1	linreg	20	5	0.189723125	0.187702625	0.0	201960112	0	0	0.0058975	1.3349609375
FULLT	run1	linreg	40	5	0.313083167	0.31098725	0.0	317186448	0	0	0.005947958	1.3349609375
F	run1	linreg	20	1	0.148498125	0.148486416	0.0	165450960	0	0	0.006282791	1.37548828125
F	run1	linreg	40	1	0.252423916	0.252409834	0.0	260194096	0	0	0.005906291	1.37548828125
F	run1	linreg	20	2	0.147926333	0.147915708	0.0	165450960	0	0	0.005892958	1.37548828125
F	run1	linreg	40	2	0.254040375	0.254002375	0.0	260194096	0	0	0.005973083	1.37548828125
F	run1	linreg	20	3	0.147592166	0.147594084	0.0	165450960	0	0	0.005927791	1.37548828125
F	run1	linreg	40	3	0.2529855	0.252967959	0.0	260194096	0	0	0.005896791	1.42529296875
F	run1	linreg	20	4	0.148633792	0.14860925	0.0	165450960	0	0	0.005971958	1.42529296875
F	run1	linreg	40	4	0.253391625	0.253383042	0.0	260194096	0	0	0.00590675	1.42529296875
F	run1	linreg	20	5	0.148009166	0.147999459	0.0	165450960	0	0	0.005925625	1.42529296875
F	run1	linreg	40	5	0.252611	0.252590667	0.0	260194096	0	0	0.005902125	1.42529296875
F	run2	linreg	20	1	0.146008208	0.145995875	0.0	165450960	0	0	0.005998	1.3837890625
F	run2	linreg	40	1	0.248383125	0.248363	0.0	260194096	0	0	0.006062791	1.3837890625
F	run2	linreg	20	2	0.145502458	0.145477166	0.0	165450960	0	0	0.005902375	1.3837890625
F	run2	linreg	40	2	0.249438959	0.249416167	0.0	260194096	0	0	0.005944583	1.3837890625
F	run2	linreg	20	3	0.146425584	0.146418792	0.0	165450960	0	0	0.005933625	1.3837890625
F	run2	linreg	40	3	0.249760125	0.249736208	0.0	260194096	0	0	0.005936875	1.43310546875
F	run2	linreg	20	4	0.145229667	0.145218916	0.0	165450960	0	0	0.0059385	1.43310546875
F	run2	linreg	40	4	0.253526542	0.253493792	0.0	260194096	0	0	0.005899042	1.43310546875
F	run2	linreg	20	5	0.146419583	0.14640875	0.0	165450960	0	0	0.005933709	1.43310546875
F	run2	linreg	40	5	0.250460291	0.2504505	0.0	260194096	0	0	0.005892084	1.43310546875
FULLT	run2	linreg	20	1	0.189798333	0.187739416	0.0	201960112	0	0	0.005995958	1.29443359375
FULLT	run2	linreg	40	1	0.310858	0.308823625	0.0	317186448	0	0	0.006030292	1.29443359375
FULLT	run2	linreg	20	2	0.189221333	0.187190292	0.0	201960112	0	0	0.005954333	1.29443359375
FULLT	run2	linreg	40	2	0.311825625	0.309765416	0.0	317186448	0	0	0.005921541	1.29443359375
FULLT	run2	linreg	20	3	0.190323708	0.188276917	0.0	201960112	0	0	0.005980583	1.29443359375
FULLT	run2	linreg	40	3	0.310467917	0.308400458	0.0	317186448	0	0	0.005942958	1.29443359375
FULLT	run2	linreg	20	4	0.189323958	0.187280333	0.0	201960112	0	0	0.005940792	1.29443359375
FULLT	run2	linreg	40	4	0.311492333	0.309484041	0.0	317186448	0	0	0.005888125	1.29443359375
FULLT	run2	linreg	20	5	0.18959175	0.1875525	0.0	201960112	0	0	0.005950333	1.29443359375
FULLT	run2	linreg	40	5	0.30990575	0.307866083	0.0	317186448	0	0	0.005939917	1.2705078125
FULLT	run3	linreg	20	1	0.190466875	0.188433583	0.0	201960112	0	0	0.006050417	1.1982421875
FULLT	run3	linreg	40	1	0.312746875	0.310730875	0.0	317186448	0	0	0.00605025	1.1982421875
FULLT	run3	linreg	20	2	0.190366416	0.188298167	0.0	201960112	0	0	0.0058665	1.1982421875
FULLT	run3	linreg	40	2	0.31171375	0.309665083	0.0	317186448	0	0	0.005896667	1.1982421875
FULLT	run3	linreg	20	3	0.189764833	0.187736375	0.0	201960112	0	0	0.005939583	1.26220703125
FULLT	run3	linreg	40	3	0.311704792	0.309647875	0.0	317186448	0	0	0.005897792	1.26220703125
FULLT	run3	linreg	20	4	0.189314375	0.187284	0.0	201960112	0	0	0.0059315	1.26220703125
FULLT	run3	linreg	40	4	0.31079425	0.30878875	0.0	317186448	0	0	0.00584025	1.26220703125
FULLT	run3	linreg	20	5	0.190830083	0.188752542	0.0	201960112	0	0	0.005980334	1.26220703125
FULLT	run3	linreg	40	5	0.312471958	0.310397833	0.0	317186448	0	0	0.00592625	1.26220703125
F	run3	linreg	20	1	0.147494541	0.147495833	0.0	165450960	0	0	0.006021667	1.1865234375
F	run3	linreg	40	1	0.25404675	0.254021167	0.0	260194096	0	0	0.006042375	1.1865234375
F	run3	linreg	20	2	0.148476584	0.148464833	0.0	165450960	0	0	0.0058705	1.1865234375
F	run3	linreg	40	2	0.253792667	0.253770375	0.0	260194096	0	0	0.005970208	1.1865234375
F	run3	linreg	20	3	0.147336167	0.147325125	0.0	165450960	0	0	0.005913333	1.17138671875
F	run3	linreg	40	3	0.254296042	0.254272083	0.0	260194096	0	0	0.005958334	1.17138671875
F	run3	linreg	20	4	0.148072125	0.148063208	0.0	165450960	0	0	0.005915375	1.17138671875
F	run3	linreg	40	4	0.25409225	0.254070333	0.0	260194096	0	0	0.005934792	1.17138671875
F	run3	linreg	20	5	0.147607625	0.147596083	0.0	165450960	0	0	0.00593775	1.17138671875
F	run3	linreg	40	5	0.25502925	0.255018625	0.0	260194096	0	0	0.005840041	1.17138671875
FULLT	run4	linreg	20	1	0.19203325	0.190022833	0.0	201960112	0	0	0.006306292	1.265625
FULLT	run4	linreg	40	1	0.315226917	0.3131615	0.0	317186448	0	0	0.006046708	1.265625
FULLT	run4	linreg	20	2	0.192209208	0.190185625	0.0	201960112	0	0	0.005968334	1.265625
FULLT	run4	linreg	40	2	0.316627791	0.314566125	0.0	317186448	0	0	0.005904959	1.265625
FULLT	run4	linreg	20	3	0.192488041	0.190457625	0.0	201960112	0	0	0.005949541	1.265625
FULLT	run4	linreg	40	3	0.314980875	0.312936083	0.0	317186448	0	0	0.005927208	1.265625
FULLT	run4	linreg	20	4	0.191177958	0.189165875	0.0	201960112	0	0	0.005883166	1.244140625
FULLT	run4	linreg	40	4	0.313679125	0.311642125	0.0	317186448	0	0	0.005911041	1.244140625
FULLT	run4	linreg	20	5	0.192036542	0.190003875	0.0	201960112	0	0	0.005906667	1.244140625
FULLT	run4	linreg	40	5	0.326813417	0.3247625	0.0	317186448	0	0	0.005951833	1.244140625
F	run4	linreg	20	1	0.147550875	0.147543083	0.0	165450960	0	0	0.006334917	1.333984375
F	run4	linreg	40	1	0.252843625	0.252819917	0.0	260194096	0	0	0.006287708	1.333984375
F	run4	linreg	20	2	0.147064833	0.147053791	0.0	165450960	0	0	0.005970209	1.333984375
F	run4	linreg	40	2	0.252383875	0.252373583	0.0	260194096	0	0	0.005848042	1.333984375
F	run4	linreg	20	3	0.146966959	0.146946	0.0	165450960	0	0	0.005957583	1.333984375
F	run4	linreg	40	3	0.250986916	0.250976666	0.0	260194096	0	0	0.005903458	1.333984375
F	run4	linreg	20	4	0.147067667	0.147057917	0.0	165450960	0	0	0.005905208	1.333984375
F	run4	linreg	40	4	0.253220333	0.253196791	0.0	260194096	0	0	0.005962042	1.30712890625
F	run4	linreg	20	5	0.146949916	0.146952041	0.0	165450960	0	0	0.0059865	1.30712890625
F	run4	linreg	40	5	0.252093292	0.252063458	0.0	260194096	0	0	0.005950709	1.30712890625
F	run5	linreg	20	1	0.146902541	0.146891334	0.0	165450960	0	0	0.005971292	1.25
F	run5	linreg	40	1	0.252686375	0.252661667	0.0	260194096	0	0	0.0059895	1.25
F	run5	linreg	20	2	0.146383458	0.146373	0.0	165450960	0	0	0.005977	1.25
F	run5	linreg	40	2	0.250642333	0.250620958	0.0	260194096	0	0	0.005892417	1.25
F	run5	linreg	20	3	0.147022958	0.147011083	0.0	165450960	0	0	0.00598725	1.25
F	run5	linreg	40	3	0.251467625	0.251443625	0.0	260194096	0	0	0.005901	1.25
F	run5	linreg	20	4	0.146947917	0.146936792	0.0	165450960	0	0	0.005952583	1.22998046875
F	run5	linreg	40	4	0.250212959	0.2501945	0.0	260194096	0	0	0.005901958	1.22998046875
F	run5	linreg	20	5	0.146809416	0.1467995	0.0	165450960	0	0	0.005982708	1.22998046875
F	run5	linreg	40	5	0.25103975	0.251009875	0.0	260194096	0	0	0.005910834	1.22998046875
FULLT	run5	linreg	20	1	0.189889167	0.187832583	0.0	201960112	0	0	0.00604575	1.42626953125
FULLT	run5	linreg	40	1	0.311186417	0.309134833	0.0	317186448	0	0	0.006044041	1.42626953125
FULLT	run5	linreg	20	2	0.189926666	0.187845042	0.0	201960112	0	0	0.005963208	1.42626953125
FULLT	run5	linreg	40	2	0.312160958	0.310093792	0.0	317186448	0	0	0.005957208	1.42626953125
FULLT	run5	linreg	20	3	0.190936791	0.188929958	0.0	201960112	0	0	0.005954917	1.42626953125
FULLT	run5	linreg	40	3	0.3115755	0.309520334	0.0	317186448	0	0	0.005875375	1.42626953125
FULLT	run5	linreg	20	4	0.189269125	0.1872365	0.0	201960112	0	0	0.00593775	1.42626953125
FULLT	run5	linreg	40	4	0.311594334	0.309566708	0.0	317186448	0	0	0.00589275	1.42626953125
FULLT	run5	linreg	20	5	0.189529417	0.187512042	0.0	201960112	0	0	0.005963333	1.42626953125
FULLT	run5	linreg	40	5	0.312194666	0.310114958	0.0	317186448	0	0	0.005938542	1.42626953125
FULLT	run1	filter	1	1	0.0049275	0.004927958	0.0	4033200	0	0	0.006071917	1.40478515625
FULLT	run1	filter	1	2	0.004742917	0.004744	0.0	4033200	0	0	0.005939125	1.40478515625
FULLT	run1	filter	1	3	0.004773708	0.00477475	0.0	4033200	0	0	0.005857375	1.40478515625
FULLT	run1	filter	1	4	0.004892834	0.004893959	0.0	4033200	0	0	0.005898541	1.40478515625
FULLT	run1	filter	1	5	0.004743916	0.004744916	0.0	4033200	0	0	0.005945791	1.40478515625
F	run1	filter	1	1	0.003333417	0.003333792	0.0	3377888	0	0	0.005931625	1.3818359375
F	run1	filter	1	2	0.003223459	0.003224375	0.0	3377888	0	0	0.005889875	1.3818359375
F	run1	filter	1	3	0.003163959	0.003164875	0.0	3377888	0	0	0.005960625	1.3818359375
F	run1	filter	1	4	0.003281167	0.003284625	0.0	3377888	0	0	0.005932917	1.3818359375
F	run1	filter	1	5	0.003198583	0.003199459	0.0	3377888	0	0	0.005935917	1.3818359375
v6	run1	filter	1	1	0.007153458	0.007154167	0.0	4927296	0	0	0.005991416	1.296875
v6	run1	filter	1	2	0.007114583	0.007115875	0.0	4927296	0	0	0.005969875	1.296875
v6	run1	filter	1	3	0.006864584	0.006865709	0.0	4927296	0	0	0.005981958	1.296875
v6	run1	filter	1	4	0.007141125	0.007142083	0.0	4927296	0	0	0.005944042	1.296875
v6	run1	filter	1	5	0.006971334	0.006972166	0.0	4927296	0	0	0.005929667	1.296875
F	run2	filter	1	1	0.00321975	0.0032205	0.0	3377888	0	0	0.006020334	1.23046875
F	run2	filter	1	2	0.00318725	0.003188625	0.0	3377888	0	0	0.005902416	1.23046875
F	run2	filter	1	3	0.003120834	0.003122	0.0	3377888	0	0	0.005867875	1.23046875
F	run2	filter	1	4	0.003151458	0.003152292	0.0	3377888	0	0	0.005899041	1.23046875
F	run2	filter	1	5	0.003118041	0.003119083	0.0	3377888	0	0	0.005894209	1.23046875
v6	run2	filter	1	1	0.007056	0.007056459	0.0	4927296	0	0	0.006254167	1.25244140625
v6	run2	filter	1	2	0.006678958	0.006679958	0.0	4927296	0	0	0.00589325	1.25244140625
v6	run2	filter	1	3	0.006923458	0.006924542	0.0	4927296	0	0	0.005934375	1.25244140625
v6	run2	filter	1	4	0.006912042	0.006912917	0.0	4927296	0	0	0.005858042	1.25244140625
v6	run2	filter	1	5	0.006830167	0.006831584	0.0	4927296	0	0	0.005889166	1.25244140625
FULLT	run2	filter	1	1	0.004754583	0.004755208	0.0	4033200	0	0	0.005915833	1.19580078125
FULLT	run2	filter	1	2	0.004626959	0.004627958	0.0	4033200	0	0	0.005926083	1.19580078125
FULLT	run2	filter	1	3	0.004610833	0.004611917	0.0	4033200	0	0	0.00590375	1.19580078125
FULLT	run2	filter	1	4	0.00440275	0.004403708	0.0	4033200	0	0	0.005906292	1.19580078125
FULLT	run2	filter	1	5	0.004605333	0.004609333	0.0	4033200	0	0	0.005941333	1.19580078125
v6	run3	filter	1	1	0.006592667	0.006593125	0.0	4927296	0	0	0.005935042	1.22509765625
v6	run3	filter	1	2	0.006401791	0.006402791	0.0	4927296	0	0	0.005867333	1.22509765625
v6	run3	filter	1	3	0.006420417	0.006421667	0.0	4927296	0	0	0.005847125	1.22509765625
v6	run3	filter	1	4	0.006354542	0.0063555	0.0	4927296	0	0	0.005905625	1.22509765625
v6	run3	filter	1	5	0.006442125	0.006442916	0.0	4927296	0	0	0.005940125	1.22509765625
FULLT	run3	filter	1	1	0.004242125	0.004242875	0.0	4033200	0	0	0.005970375	1.1748046875
FULLT	run3	filter	1	2	0.004153542	0.004154625	0.0	4033200	0	0	0.005907417	1.1748046875
FULLT	run3	filter	1	3	0.004082375	0.004083417	0.0	4033200	0	0	0.005972333	1.1748046875
FULLT	run3	filter	1	4	0.004215125	0.00421575	0.0	4033200	0	0	0.00617425	1.1748046875
FULLT	run3	filter	1	5	0.0041115	0.004112792	0.0	4033200	0	0	0.005987834	1.1748046875
F	run3	filter	1	1	0.003808167	0.003808833	0.0	3377888	0	0	0.005986834	1.13525390625
F	run3	filter	1	2	0.003656125	0.003657334	0.0	3377888	0	0	0.005950958	1.13525390625
F	run3	filter	1	3	0.003581459	0.00358275	0.0	3377888	0	0	0.005934375	1.13525390625
F	run3	filter	1	4	0.003639958	0.003641	0.0	3377888	0	0	0.00591025	1.13525390625
F	run3	filter	1	5	0.003634584	0.003635834	0.0	3377888	0	0	0.005938084	1.13525390625
FULLT	run4	filter	1	1	0.00423375	0.004234375	0.0	4033200	0	0	0.006006542	1.1044921875
FULLT	run4	filter	1	2	0.004366125	0.004354584	0.0	4033200	0	0	0.00592675	1.1044921875
FULLT	run4	filter	1	3	0.004239291	0.004239958	0.0	4033200	0	0	0.005980625	1.1044921875
FULLT	run4	filter	1	4	0.004146167	0.004147041	0.0	4033200	0	0	0.005839708	1.1044921875
FULLT	run4	filter	1	5	0.004191375	0.004192667	0.0	4033200	0	0	0.005870667	1.1044921875
F	run4	filter	1	1	0.003666958	0.003667459	0.0	3377888	0	0	0.00600775	1.08056640625
F	run4	filter	1	2	0.003537083	0.003537708	0.0	3377888	0	0	0.005920791	1.08056640625
F	run4	filter	1	3	0.003627666	0.00362875	0.0	3377888	0	0	0.005863958	1.08056640625
F	run4	filter	1	4	0.003560875	0.003561834	0.0	3377888	0	0	0.005929542	1.08056640625
F	run4	filter	1	5	0.003530458	0.003531375	0.0	3377888	0	0	0.005893583	1.08056640625
v6	run4	filter	1	1	0.006931625	0.006932084	0.0	4927296	0	0	0.00593375	1.0615234375
v6	run4	filter	1	2	0.006788125	0.006789041	0.0	4927296	0	0	0.005891667	1.0615234375
v6	run4	filter	1	3	0.006677	0.00667775	0.0	4927296	0	0	0.00598325	1.0615234375
v6	run4	filter	1	4	0.006727583	0.006728333	0.0	4927296	0	0	0.005940875	1.0615234375
v6	run4	filter	1	5	0.006805208	0.006806125	0.0	4927296	0	0	0.005839792	1.0615234375
F	run5	filter	1	1	0.003471959	0.003472625	0.0	3377888	0	0	0.006227167	1.046875
F	run5	filter	1	2	0.003376208	0.003377333	0.0	3377888	0	0	0.006224	1.046875
F	run5	filter	1	3	0.003507709	0.003509042	0.0	3377888	0	0	0.005926708	1.046875
F	run5	filter	1	4	0.00347575	0.003476666	0.0	3377888	0	0	0.005872334	1.046875
F	run5	filter	1	5	0.003545291	0.00354625	0.0	3377888	0	0	0.005892375	1.046875
v6	run5	filter	1	1	0.006320917	0.006321458	0.0	4927296	0	0	0.006327208	1.2568359375
v6	run5	filter	1	2	0.006350375	0.006352125	0.0	4927296	0	0	0.00590025	1.2568359375
v6	run5	filter	1	3	0.006248333	0.006249125	0.0	4927296	0	0	0.005963834	1.2568359375
v6	run5	filter	1	4	0.006537917	0.00653875	0.0	4927296	0	0	0.006146834	1.2568359375
v6	run5	filter	1	5	0.006266042	0.006267042	0.0	4927296	0	0	0.006021666	1.2568359375
FULLT	run5	filter	1	1	0.004549167	0.00454975	0.0	4033200	0	0	0.00599325	1.27294921875
FULLT	run5	filter	1	2	0.004563667	0.004565166	0.0	4033200	0	0	0.0058685	1.27294921875
FULLT	run5	filter	1	3	0.004422583	0.004424125	0.0	4033200	0	0	0.005937333	1.27294921875
FULLT	run5	filter	1	4	0.0045765	0.004577834	0.0	4033200	0	0	0.005932333	1.27294921875
FULLT	run5	filter	1	5	0.00464175	0.004642833	0.0	4033200	0	0	0.005898917	1.27294921875
FULLT	run1	ssm1+defaults	1	1	0.055884833	0.053928791	0.0	64565104	0	0	0.005978417	1.2119140625
FULLT	run1	ssm1+defaults	1	2	0.055621333	0.053626417	0.0	64565104	0	0	0.006008834	1.2119140625
FULLT	run1	ssm1+defaults	1	3	0.056069542	0.054121958	0.0	64565104	0	0	0.005963625	1.19482421875
FULLT	run1	ssm1+defaults	1	4	0.05602225	0.05401925	0.0	64565104	0	0	0.00589725	1.19482421875
FULLT	run1	ssm1+defaults	1	5	0.05584925	0.053883458	0.0	64565104	0	0	0.005897834	1.19482421875
F	run1	ssm1+defaults	1	1	0.036599917	0.036062875	0.0	53785776	0	0	0.006248917	1.1513671875
F	run1	ssm1+defaults	1	2	0.036183542	0.035641542	0.0	53785776	0	0	0.005958666	1.1513671875
F	run1	ssm1+defaults	1	3	0.036905709	0.036359958	0.0	53785776	0	0	0.0058905	1.1513671875
F	run1	ssm1+defaults	1	4	0.036333917	0.03580525	0.0	53785776	0	0	0.005946416	1.1513671875
F	run1	ssm1+defaults	1	5	0.036155625	0.035621083	0.0	53785776	0	0	0.005977625	1.1513671875
v6	run1	ssm1+defaults	1	1	0.041696833	0.041144875	0.0	58670112	0	0	0.006029584	1.11767578125
v6	run1	ssm1+defaults	1	2	0.041452041	0.040914625	0.0	58670112	0	0	0.005943708	1.11767578125
v6	run1	ssm1+defaults	1	3	0.041687583	0.041156625	0.0	58670112	0	0	0.005949375	1.11767578125
v6	run1	ssm1+defaults	1	4	0.041947208	0.041414708	0.0	58670112	0	0	0.005931	1.11767578125
v6	run1	ssm1+defaults	1	5	0.04184575	0.041303416	0.0	58670112	0	0	0.0058975	1.11767578125
F	run2	ssm1+defaults	1	1	0.036650834	0.036111	0.0	53785776	0	0	0.005923084	1.08349609375
F	run2	ssm1+defaults	1	2	0.03631325	0.035783375	0.0	53785776	0	0	0.005941875	1.08349609375
F	run2	ssm1+defaults	1	3	0.036364792	0.035812459	0.0	53785776	0	0	0.005934333	1.08349609375
F	run2	ssm1+defaults	1	4	0.036569292	0.036031875	0.0	53785776	0	0	0.005902542	1.08349609375
F	run2	ssm1+defaults	1	5	0.036245917	0.035690167	0.0	53785776	0	0	0.00594075	1.08349609375
v6	run2	ssm1+defaults	1	1	0.042140334	0.041597708	0.0	58670112	0	0	0.006030083	1.064453125
v6	run2	ssm1+defaults	1	2	0.041621416	0.041087125	0.0	58670112	0	0	0.005920167	1.064453125
v6	run2	ssm1+defaults	1	3	0.042232542	0.041709167	0.0	58670112	0	0	0.005855166	1.064453125
v6	run2	ssm1+defaults	1	4	0.041568083	0.041028708	0.0	58670112	0	0	0.005958458	1.064453125
v6	run2	ssm1+defaults	1	5	0.041529041	0.040984291	0.0	58670112	0	0	0.005853084	1.064453125
FULLT	run2	ssm1+defaults	1	1	0.057091792	0.055124375	0.0	64565104	0	0	0.006268125	1.04541015625
FULLT	run2	ssm1+defaults	1	2	0.055923875	0.053941875	0.0	64565104	0	0	0.00596225	1.04541015625
FULLT	run2	ssm1+defaults	1	3	0.05541575	0.053443125	0.0	64565104	0	0	0.005837791	1.04541015625
FULLT	run2	ssm1+defaults	1	4	0.055955125	0.05397425	0.0	64565104	0	0	0.005929292	1.04541015625
FULLT	run2	ssm1+defaults	1	5	0.055716125	0.053752083	0.0	64565104	0	0	0.005915333	1.04541015625
v6	run3	ssm1+defaults	1	1	0.042027166	0.0414855	0.0	58670112	0	0	0.006018	1.03466796875
v6	run3	ssm1+defaults	1	2	0.041877208	0.041334958	0.0	58670112	0	0	0.005903416	1.03466796875
v6	run3	ssm1+defaults	1	3	0.041381792	0.040841291	0.0	58670112	0	0	0.00598375	1.03466796875
v6	run3	ssm1+defaults	1	4	0.041559083	0.041013292	0.0	58670112	0	0	0.005921125	1.03466796875
v6	run3	ssm1+defaults	1	5	0.04170975	0.041172375	0.0	58670112	0	0	0.005865542	1.03466796875
FULLT	run3	ssm1+defaults	1	1	0.056485333	0.05453	0.0	64565104	0	0	0.006057875	1.10009765625
FULLT	run3	ssm1+defaults	1	2	0.055981167	0.05402925	0.0	64565104	0	0	0.005839583	1.10009765625
FULLT	run3	ssm1+defaults	1	3	0.056590209	0.054639417	0.0	64565104	0	0	0.005939375	1.10009765625
FULLT	run3	ssm1+defaults	1	4	0.055981208	0.054046209	0.0	64565104	0	0	0.005958792	1.10009765625
FULLT	run3	ssm1+defaults	1	5	0.055531792	0.05353925	0.0	64565104	0	0	0.005905166	1.10009765625
F	run3	ssm1+defaults	1	1	0.03647175	0.035920583	0.0	53785776	0	0	0.006278834	1.35400390625
F	run3	ssm1+defaults	1	2	0.036226292	0.035679708	0.0	53785776	0	0	0.005901083	1.35400390625
F	run3	ssm1+defaults	1	3	0.036168292	0.035632834	0.0	53785776	0	0	0.005934667	1.35400390625
F	run3	ssm1+defaults	1	4	0.036155417	0.035620875	0.0	53785776	0	0	0.005944625	1.35400390625
F	run3	ssm1+defaults	1	5	0.0363925	0.035852958	0.0	53785776	0	0	0.005900625	1.35400390625
FULLT	run4	ssm1+defaults	1	1	0.055425875	0.053471375	0.0	64565104	0	0	0.006094917	1.2744140625
FULLT	run4	ssm1+defaults	1	2	0.054470209	0.052502667	0.0	64565104	0	0	0.005935584	1.251953125
FULLT	run4	ssm1+defaults	1	3	0.054475458	0.05252575	0.0	64565104	0	0	0.005931042	1.251953125
FULLT	run4	ssm1+defaults	1	4	0.054214875	0.05226	0.0	64565104	0	0	0.005938041	1.251953125
FULLT	run4	ssm1+defaults	1	5	0.054461083	0.052505709	0.0	64565104	0	0	0.005920917	1.251953125
F	run4	ssm1+defaults	1	1	0.036753416	0.036207583	0.0	53785776	0	0	0.006036333	1.33642578125
F	run4	ssm1+defaults	1	2	0.036973792	0.036451583	0.0	53785776	0	0	0.005876083	1.33642578125
F	run4	ssm1+defaults	1	3	0.036570542	0.036025209	0.0	53785776	0	0	0.005980583	1.33642578125
F	run4	ssm1+defaults	1	4	0.036239417	0.035705292	0.0	53785776	0	0	0.0059335	1.33642578125
F	run4	ssm1+defaults	1	5	0.036739666	0.036209334	0.0	53785776	0	0	0.005950875	1.33642578125
v6	run4	ssm1+defaults	1	1	0.043048625	0.042514083	0.0	58670112	0	0	0.006031625	1.26123046875
v6	run4	ssm1+defaults	1	2	0.041124583	0.040583583	0.0	58670112	0	0	0.005921208	1.26123046875
v6	run4	ssm1+defaults	1	3	0.041183542	0.040649792	0.0	58670112	0	0	0.005857708	1.26123046875
v6	run4	ssm1+defaults	1	4	0.041754334	0.041216959	0.0	58670112	0	0	0.006040375	1.26123046875
v6	run4	ssm1+defaults	1	5	0.041553709	0.041017417	0.0	58670112	0	0	0.005861167	1.26123046875
F	run5	ssm1+defaults	1	1	0.036233042	0.035709542	0.0	53785776	0	0	0.005956084	1.18603515625
F	run5	ssm1+defaults	1	2	0.035239334	0.034700417	0.0	53785776	0	0	0.005915708	1.18603515625
F	run5	ssm1+defaults	1	3	0.03591325	0.03525875	0.0	53785776	0	0	0.005947042	1.18603515625
F	run5	ssm1+defaults	1	4	0.035757292	0.035207625	0.0	53785776	0	0	0.005913417	1.18603515625
F	run5	ssm1+defaults	1	5	0.035842167	0.035305583	0.0	53785776	0	0	0.005961708	1.18603515625
v6	run5	ssm1+defaults	1	1	0.041652417	0.041100875	0.0	58670112	0	0	0.00589775	1.14404296875
v6	run5	ssm1+defaults	1	2	0.041702541	0.041157625	0.0	58670112	0	0	0.005940708	1.14404296875
v6	run5	ssm1+defaults	1	3	0.041594291	0.041036458	0.0	58670112	0	0	0.005904458	1.14404296875
v6	run5	ssm1+defaults	1	4	0.041685709	0.041149334	0.0	58670112	0	0	0.005905125	1.14404296875
v6	run5	ssm1+defaults	1	5	0.041840375	0.041303292	0.0	58670112	0	0	0.005932917	1.14404296875
FULLT	run5	ssm1+defaults	1	1	0.056045792	0.054111833	0.0	64565104	0	0	0.005991542	1.25634765625
FULLT	run5	ssm1+defaults	1	2	0.057085667	0.055137959	0.0	64565104	0	0	0.005918375	1.25634765625
FULLT	run5	ssm1+defaults	1	3	0.056074292	0.05411175	0.0	64565104	0	0	0.005939333	1.25634765625
FULLT	run5	ssm1+defaults	1	4	0.055751833	0.053811583	0.0	64565104	0	0	0.005838584	1.25634765625
FULLT	run5	ssm1+defaults	1	5	0.055657	0.053684291	0.0	64565104	0	0	0.005930875	1.25634765625
FULLT	run1	iid+defaults	20	1	0.030442708	0.030444875	0.0	45521264	0	0	0.006023416	1.19873046875
FULLT	run1	iid+defaults	40	1	0.042367334	0.042368333	0.0	65725520	0	0	0.005884375	1.19873046875
FULLT	run1	iid+defaults	20	2	0.03008825	0.030089667	0.0	45521264	0	0	0.005945084	1.19873046875
FULLT	run1	iid+defaults	40	2	0.042705875	0.042708	0.0	65725520	0	0	0.00596875	1.19873046875
FULLT	run1	iid+defaults	20	3	0.030027833	0.030029833	0.0	45521264	0	0	0.00594375	1.19873046875
FULLT	run1	iid+defaults	40	3	0.042600292	0.042602291	0.0	65725520	0	0	0.005900834	1.19873046875
FULLT	run1	iid+defaults	20	4	0.030056084	0.030057916	0.0	45521264	0	0	0.005924791	1.19873046875
FULLT	run1	iid+defaults	40	4	0.042403209	0.04239125	0.0	65725520	0	0	0.005969	1.19873046875
FULLT	run1	iid+defaults	20	5	0.030176541	0.030178625	0.0	45521264	0	0	0.005961917	1.19873046875
FULLT	run1	iid+defaults	40	5	0.042230791	0.042231875	0.0	65725520	0	0	0.005945541	1.19873046875
F	run1	iid+defaults	20	1	0.02077175	0.020773541	0.0	36676656	0	0	0.005963541	1.154296875
F	run1	iid+defaults	40	1	0.031204458	0.031191708	0.0	53676432	0	0	0.00602875	1.154296875
F	run1	iid+defaults	20	2	0.020821542	0.020823708	0.0	36676656	0	0	0.005925667	1.154296875
F	run1	iid+defaults	40	2	0.031616416	0.031618	0.0	53676432	0	0	0.005928459	1.154296875
F	run1	iid+defaults	20	3	0.020894167	0.020895667	0.0	36676656	0	0	0.00588725	1.154296875
F	run1	iid+defaults	40	3	0.030832	0.03082025	0.0	53676432	0	0	0.005918792	1.154296875
F	run1	iid+defaults	20	4	0.020914417	0.02091575	0.0	36676656	0	0	0.005969834	1.154296875
F	run1	iid+defaults	40	4	0.031415375	0.031416792	0.0	53676432	0	0	0.005893209	1.154296875
F	run1	iid+defaults	20	5	0.020808791	0.020810041	0.0	36676656	0	0	0.0059305	1.154296875
F	run1	iid+defaults	40	5	0.03149725	0.03148875	0.0	53676432	0	0	0.005936875	1.154296875
v6	run1	iid+defaults	20	1	0.023785958	0.023787792	0.0	36196000	0	0	0.006029	1.119140625
v6	run1	iid+defaults	40	1	0.034332833	0.0343345	0.0	51940096	0	0	0.005968833	1.119140625
v6	run1	iid+defaults	20	2	0.023246083	0.02324775	0.0	36196000	0	0	0.005932	1.119140625
v6	run1	iid+defaults	40	2	0.03424875	0.034250625	0.0	51940096	0	0	0.005929542	1.119140625
v6	run1	iid+defaults	20	3	0.023395	0.023382959	0.0	36196000	0	0	0.005959375	1.119140625
v6	run1	iid+defaults	40	3	0.03476325	0.034766292	0.0	51940096	0	0	0.005955208	1.119140625
v6	run1	iid+defaults	20	4	0.023312	0.023313708	0.0	36196000	0	0	0.005896	1.119140625
v6	run1	iid+defaults	40	4	0.034513667	0.034515084	0.0	51940096	0	0	0.005983292	1.119140625
v6	run1	iid+defaults	20	5	0.023508708	0.023497458	0.0	36196000	0	0	0.005961542	1.119140625
v6	run1	iid+defaults	40	5	0.034268042	0.034269625	0.0	51940096	0	0	0.005923708	1.119140625
F	run2	iid+defaults	20	1	0.02123825	0.021239792	0.0	36676656	0	0	0.005965209	1.166015625
F	run2	iid+defaults	40	1	0.031791167	0.031781834	0.0	53676432	0	0	0.00620025	1.15234375
F	run2	iid+defaults	20	2	0.02082175	0.02082375	0.0	36676656	0	0	0.005882	1.15234375
F	run2	iid+defaults	40	2	0.0314395	0.031441291	0.0	53676432	0	0	0.005935209	1.15234375
F	run2	iid+defaults	20	3	0.020901	0.020902875	0.0	36676656	0	0	0.005870917	1.15234375
F	run2	iid+defaults	40	3	0.031479333	0.031472416	0.0	53676432	0	0	0.005898917	1.15234375
F	run2	iid+defaults	20	4	0.020970333	0.020972583	0.0	36676656	0	0	0.005828834	1.15234375
F	run2	iid+defaults	40	4	0.031358875	0.031360333	0.0	53676432	0	0	0.005874166	1.15234375
F	run2	iid+defaults	20	5	0.021092875	0.021094333	0.0	36676656	0	0	0.005937125	1.15234375
F	run2	iid+defaults	40	5	0.031450209	0.031439625	0.0	53676432	0	0	0.00596425	1.15234375
v6	run2	iid+defaults	20	1	0.023824375	0.023825459	0.0	36196000	0	0	0.006012042	1.1982421875
v6	run2	iid+defaults	40	1	0.034910333	0.034897042	0.0	51940096	0	0	0.005969083	1.1982421875
v6	run2	iid+defaults	20	2	0.023581791	0.023570166	0.0	36196000	0	0	0.005943041	1.1982421875
v6	run2	iid+defaults	40	2	0.034819334	0.034821083	0.0	51940096	0	0	0.005949417	1.1982421875
v6	run2	iid+defaults	20	3	0.023466834	0.023468417	0.0	36196000	0	0	0.00589075	1.1982421875
v6	run2	iid+defaults	40	3	0.034671458	0.034673792	0.0	51940096	0	0	0.005931041	1.1982421875
v6	run2	iid+defaults	20	4	0.023402917	0.02340425	0.0	36196000	0	0	0.00593675	1.1982421875
v6	run2	iid+defaults	40	4	0.035049334	0.035050709	0.0	51940096	0	0	0.0059725	1.1982421875
v6	run2	iid+defaults	20	5	0.023443708	0.023445125	0.0	36196000	0	0	0.005938	1.1982421875
v6	run2	iid+defaults	40	5	0.034791458	0.034792875	0.0	51940096	0	0	0.005960792	1.1982421875
FULLT	run2	iid+defaults	20	1	0.030779292	0.030781208	0.0	45521264	0	0	0.006007459	1.22119140625
FULLT	run2	iid+defaults	40	1	0.043669709	0.043657917	0.0	65725520	0	0	0.006020083	1.22119140625
FULLT	run2	iid+defaults	20	2	0.03061875	0.03062025	0.0	45521264	0	0	0.005929208	1.22119140625
FULLT	run2	iid+defaults	40	2	0.04318125	0.043183125	0.0	65725520	0	0	0.005919292	1.22119140625
FULLT	run2	iid+defaults	20	3	0.030631666	0.030634167	0.0	45521264	0	0	0.005899667	1.22119140625
FULLT	run2	iid+defaults	40	3	0.043299375	0.043301708	0.0	65725520	0	0	0.005932333	1.22119140625
FULLT	run2	iid+defaults	20	4	0.030825167	0.030817333	0.0	45521264	0	0	0.005964833	1.22119140625
FULLT	run2	iid+defaults	40	4	0.043290042	0.043292375	0.0	65725520	0	0	0.005906167	1.22119140625
FULLT	run2	iid+defaults	20	5	0.030404709	0.03040675	0.0	45521264	0	0	0.005934917	1.22119140625
FULLT	run2	iid+defaults	40	5	0.043191	0.043180542	0.0	65725520	0	0	0.005928125	1.22119140625
v6	run3	iid+defaults	20	1	0.023434709	0.02343675	0.0	36196000	0	0	0.00606925	1.2451171875
v6	run3	iid+defaults	40	1	0.034232333	0.034223875	0.0	51940096	0	0	0.006092708	1.2451171875
v6	run3	iid+defaults	20	2	0.0229105	0.022911875	0.0	36196000	0	0	0.005869875	1.2451171875
v6	run3	iid+defaults	40	2	0.033801833	0.033803583	0.0	51940096	0	0	0.005973709	1.2451171875
v6	run3	iid+defaults	20	3	0.022918958	0.022920458	0.0	36196000	0	0	0.005892083	1.2451171875
v6	run3	iid+defaults	40	3	0.033718042	0.033709958	0.0	51940096	0	0	0.005902208	1.2451171875
v6	run3	iid+defaults	20	4	0.022987209	0.022989625	0.0	36196000	0	0	0.0058415	1.2451171875
v6	run3	iid+defaults	40	4	0.033720625	0.03372275	0.0	51940096	0	0	0.005864625	1.2451171875
v6	run3	iid+defaults	20	5	0.02305275	0.02305475	0.0	36196000	0	0	0.005985708	1.2451171875
v6	run3	iid+defaults	40	5	0.034250125	0.034242042	0.0	51940096	0	0	0.005965125	1.2451171875
FULLT	run3	iid+defaults	20	1	0.030568541	0.030570625	0.0	45521264	0	0	0.005991208	1.4111328125
FULLT	run3	iid+defaults	40	1	0.0431635	0.043165375	0.0	65725520	0	0	0.00594275	1.3779296875
FULLT	run3	iid+defaults	20	2	0.030774041	0.030775541	0.0	45521264	0	0	0.005969958	1.3779296875
FULLT	run3	iid+defaults	40	2	0.043016917	0.043018625	0.0	65725520	0	0	0.005929416	1.3779296875
FULLT	run3	iid+defaults	20	3	0.03097875	0.030980875	0.0	45521264	0	0	0.005963666	1.3779296875
FULLT	run3	iid+defaults	40	3	0.043314708	0.043305208	0.0	65725520	0	0	0.005935708	1.3779296875
FULLT	run3	iid+defaults	20	4	0.030968334	0.030970334	0.0	45521264	0	0	0.00593225	1.3779296875
FULLT	run3	iid+defaults	40	4	0.042987875	0.042977083	0.0	65725520	0	0	0.005978292	1.3779296875
FULLT	run3	iid+defaults	20	5	0.030771625	0.030763542	0.0	45521264	0	0	0.005937375	1.3779296875
FULLT	run3	iid+defaults	40	5	0.043293708	0.043295083	0.0	65725520	0	0	0.00585775	1.3779296875
F	run3	iid+defaults	20	1	0.021224917	0.02122625	0.0	36676656	0	0	0.005966	1.29345703125
F	run3	iid+defaults	40	1	0.031775333	0.031776583	0.0	53676432	0	0	0.0060255	1.29345703125
F	run3	iid+defaults	20	2	0.020925542	0.020927417	0.0	36676656	0	0	0.005897709	1.29345703125
F	run3	iid+defaults	40	2	0.031913958	0.031915958	0.0	53676432	0	0	0.005940625	1.29345703125
F	run3	iid+defaults	20	3	0.021068667	0.021070334	0.0	36676656	0	0	0.005945875	1.29345703125
F	run3	iid+defaults	40	3	0.031569083	0.031570166	0.0	53676432	0	0	0.005914416	1.29345703125
F	run3	iid+defaults	20	4	0.021305083	0.021306167	0.0	36676656	0	0	0.005936417	1.29345703125
F	run3	iid+defaults	40	4	0.031535375	0.03153675	0.0	53676432	0	0	0.005869708	1.29345703125
F	run3	iid+defaults	20	5	0.021180167	0.021181208	0.0	36676656	0	0	0.005940875	1.29345703125
F	run3	iid+defaults	40	5	0.031737875	0.03173975	0.0	53676432	0	0	0.005968709	1.29345703125
FULLT	run4	iid+defaults	20	1	0.031010291	0.031011625	0.0	45521264	0	0	0.005984958	1.2275390625
FULLT	run4	iid+defaults	40	1	0.043174	0.043163917	0.0	65725520	0	0	0.00603525	1.2275390625
FULLT	run4	iid+defaults	20	2	0.030438291	0.030440208	0.0	45521264	0	0	0.005932584	1.2275390625
FULLT	run4	iid+defaults	40	2	0.043255666	0.043246375	0.0	65725520	0	0	0.00593875	1.2275390625
FULLT	run4	iid+defaults	20	3	0.030729166	0.030730292	0.0	45521264	0	0	0.005854958	1.2275390625
FULLT	run4	iid+defaults	40	3	0.043199292	0.043201292	0.0	65725520	0	0	0.005933625	1.2275390625
FULLT	run4	iid+defaults	20	4	0.030549167	0.030537709	0.0	45521264	0	0	0.00597825	1.2275390625
FULLT	run4	iid+defaults	40	4	0.043028375	0.04303	0.0	65725520	0	0	0.005872041	1.2275390625
FULLT	run4	iid+defaults	20	5	0.0306655	0.030667291	0.0	45521264	0	0	0.005947292	1.2275390625
FULLT	run4	iid+defaults	40	5	0.042895458	0.042897041	0.0	65725520	0	0	0.005935209	1.2890625
F	run4	iid+defaults	20	1	0.021512834	0.021514125	0.0	36676656	0	0	0.006013125	1.2978515625
F	run4	iid+defaults	40	1	0.033345	0.033347125	0.0	53676432	0	0	0.006033333	1.2978515625
F	run4	iid+defaults	20	2	0.021535417	0.021527833	0.0	36676656	0	0	0.005968625	1.2978515625
F	run4	iid+defaults	40	2	0.03276925	0.032759042	0.0	53676432	0	0	0.0058985	1.2978515625
F	run4	iid+defaults	20	3	0.02141275	0.021414584	0.0	36676656	0	0	0.00593325	1.2978515625
F	run4	iid+defaults	40	3	0.03259725	0.032599166	0.0	53676432	0	0	0.00592625	1.2978515625
F	run4	iid+defaults	20	4	0.021524833	0.021526167	0.0	36676656	0	0	0.005959875	1.2978515625
F	run4	iid+defaults	40	4	0.032532334	0.032521458	0.0	53676432	0	0	0.005931542	1.2978515625
F	run4	iid+defaults	20	5	0.021522583	0.021523875	0.0	36676656	0	0	0.005912709	1.2978515625
F	run4	iid+defaults	40	5	0.032594458	0.032586708	0.0	53676432	0	0	0.00594125	1.2978515625
v6	run4	iid+defaults	20	1	0.023805	0.023806417	0.0	36196000	0	0	0.006044292	1.37890625
v6	run4	iid+defaults	40	1	0.034974625	0.034964541	0.0	51940096	0	0	0.006071375	1.37890625
v6	run4	iid+defaults	20	2	0.023464667	0.023466375	0.0	36196000	0	0	0.005939459	1.37890625
v6	run4	iid+defaults	40	2	0.0346405	0.034641834	0.0	51940096	0	0	0.005930542	1.37890625
v6	run4	iid+defaults	20	3	0.023171583	0.023173375	0.0	36196000	0	0	0.005900375	1.37890625
v6	run4	iid+defaults	40	3	0.03459475	0.0345855	0.0	51940096	0	0	0.005976208	1.37890625
v6	run4	iid+defaults	20	4	0.02360475	0.023606417	0.0	36196000	0	0	0.005978917	1.37890625
v6	run4	iid+defaults	40	4	0.034539625	0.034541333	0.0	51940096	0	0	0.005947208	1.37890625
v6	run4	iid+defaults	20	5	0.023497458	0.02349925	0.0	36196000	0	0	0.005982958	1.37890625
v6	run4	iid+defaults	40	5	0.034509459	0.034501375	0.0	51940096	0	0	0.005968125	1.37890625
F	run5	iid+defaults	20	1	0.021230458	0.021219875	0.0	36676656	0	0	0.005974833	1.3740234375
F	run5	iid+defaults	40	1	0.031438458	0.031439708	0.0	53676432	0	0	0.005867208	1.3740234375
F	run5	iid+defaults	20	2	0.021015875	0.021017208	0.0	36676656	0	0	0.005999458	1.3740234375
F	run5	iid+defaults	40	2	0.031103916	0.031106125	0.0	53676432	0	0	0.0059385	1.3740234375
F	run5	iid+defaults	20	3	0.020883667	0.020875708	0.0	36676656	0	0	0.005956916	1.3740234375
F	run5	iid+defaults	40	3	0.031526375	0.031528333	0.0	53676432	0	0	0.005859792	1.3740234375
F	run5	iid+defaults	20	4	0.021000542	0.021002208	0.0	36676656	0	0	0.005928125	1.3740234375
F	run5	iid+defaults	40	4	0.031461667	0.031463042	0.0	53676432	0	0	0.00594075	1.3740234375
F	run5	iid+defaults	20	5	0.020844833	0.020834667	0.0	36676656	0	0	0.00594425	1.3740234375
F	run5	iid+defaults	40	5	0.031451709	0.031442416	0.0	53676432	0	0	0.00592875	1.3740234375
v6	run5	iid+defaults	20	1	0.022702458	0.022691583	0.0	36196000	0	0	0.006055375	1.3642578125
v6	run5	iid+defaults	40	1	0.033176125	0.033177833	0.0	51940096	0	0	0.005897125	1.3642578125
v6	run5	iid+defaults	20	2	0.02275225	0.022754042	0.0	36196000	0	0	0.005928875	1.3642578125
v6	run5	iid+defaults	40	2	0.033628292	0.033630542	0.0	51940096	0	0	0.005937792	1.3642578125
v6	run5	iid+defaults	20	3	0.022866792	0.022868584	0.0	36196000	0	0	0.0059335	1.3642578125
v6	run5	iid+defaults	40	3	0.033353875	0.0333555	0.0	51940096	0	0	0.00589425	1.3642578125
v6	run5	iid+defaults	20	4	0.022730459	0.022732167	0.0	36196000	0	0	0.005900458	1.3642578125
v6	run5	iid+defaults	40	4	0.033623167	0.033625375	0.0	51940096	0	0	0.005938875	1.3349609375
v6	run5	iid+defaults	20	5	0.022729542	0.022717416	0.0	36196000	0	0	0.005900041	1.3349609375
v6	run5	iid+defaults	40	5	0.033625792	0.03362825	0.0	51940096	0	0	0.00592975	1.3349609375
FULLT	run5	iid+defaults	20	1	0.030560083	0.030561916	0.0	45521264	0	0	0.006027458	1.333984375
FULLT	run5	iid+defaults	40	1	0.042855375	0.042843	0.0	65725520	0	0	0.006032167	1.333984375
FULLT	run5	iid+defaults	20	2	0.030195708	0.030197708	0.0	45521264	0	0	0.0059325	1.333984375
FULLT	run5	iid+defaults	40	2	0.042777	0.042778084	0.0	65725520	0	0	0.005900667	1.333984375
FULLT	run5	iid+defaults	20	3	0.030139	0.030128792	0.0	45521264	0	0	0.005923291	1.333984375
FULLT	run5	iid+defaults	40	3	0.042574666	0.042577292	0.0	65725520	0	0	0.005902875	1.333984375
FULLT	run5	iid+defaults	20	4	0.030356	0.03035775	0.0	45521264	0	0	0.00597125	1.333984375
FULLT	run5	iid+defaults	40	4	0.042545791	0.042547709	0.0	65725520	0	0	0.005940208	1.333984375
FULLT	run5	iid+defaults	20	5	0.02999	0.029992084	0.0	45521264	0	0	0.005890625	1.333984375
FULLT	run5	iid+defaults	40	5	0.04267375	0.04267575	0.0	65725520	0	0	0.005911042	1.333984375
FULLT	run1	ssm1@100	1	1	0.005670833	0.005586292	0.0	6432544	0	0	0.006048083	1.25927734375
FULLT	run1	ssm1@100	1	2	0.005664959	0.005578416	0.0	6432544	0	0	0.005960917	1.25927734375
FULLT	run1	ssm1@100	1	3	0.005721208	0.005634625	0.0	6432544	0	0	0.00595375	1.318359375
FULLT	run1	ssm1@100	1	4	0.00570975	0.005613958	0.0	6432544	0	0	0.005922458	1.318359375
FULLT	run1	ssm1@100	1	5	0.005553666	0.005468625	0.0	6432544	0	0	0.005921083	1.318359375
F	run1	ssm1@100	1	1	0.003747166	0.003747875	0.0	5351712	0	0	0.005835375	1.32080078125
F	run1	ssm1@100	1	2	0.003738709	0.003739833	0.0	5351712	0	0	0.005874041	1.32080078125
F	run1	ssm1@100	1	3	0.003744709	0.003745833	0.0	5351712	0	0	0.0058745	1.32080078125
F	run1	ssm1@100	1	4	0.003731375	0.00373225	0.0	5351712	0	0	0.005924541	1.32080078125
F	run1	ssm1@100	1	5	0.00371575	0.003716791	0.0	5351712	0	0	0.005958958	1.32080078125
v6	run1	ssm1@100	1	1	0.004439042	0.004439667	0.0	5820784	0	0	0.006020333	1.2490234375
v6	run1	ssm1@100	1	2	0.004329375	0.004330792	0.0	5820784	0	0	0.005896291	1.2490234375
v6	run1	ssm1@100	1	3	0.004282417	0.004283959	0.0	5820784	0	0	0.005910125	1.2490234375
v6	run1	ssm1@100	1	4	0.004334417	0.004336125	0.0	5820784	0	0	0.005926167	1.2490234375
v6	run1	ssm1@100	1	5	0.004309291	0.004310417	0.0	5820784	0	0	0.005962958	1.2490234375
F	run2	ssm1@100	1	1	0.003820291	0.00382075	0.0	5351712	0	0	0.006319	1.26708984375
F	run2	ssm1@100	1	2	0.003776291	0.003764667	0.0	5351712	0	0	0.005895417	1.26708984375
F	run2	ssm1@100	1	3	0.003761458	0.003750042	0.0	5351712	0	0	0.005965083	1.26708984375
F	run2	ssm1@100	1	4	0.0037425	0.003743583	0.0	5351712	0	0	0.005979417	1.26708984375
F	run2	ssm1@100	1	5	0.003731333	0.003732584	0.0	5351712	0	0	0.005897	1.26708984375
v6	run2	ssm1@100	1	1	0.0044265	0.004427333	0.0	5820784	0	0	0.006031167	1.27490234375
v6	run2	ssm1@100	1	2	0.004302792	0.004304334	0.0	5820784	0	0	0.005930334	1.27490234375
v6	run2	ssm1@100	1	3	0.004325417	0.004327	0.0	5820784	0	0	0.00595025	1.27490234375
v6	run2	ssm1@100	1	4	0.004292625	0.004294125	0.0	5820784	0	0	0.005918084	1.27490234375
v6	run2	ssm1@100	1	5	0.004275625	0.00427725	0.0	5820784	0	0	0.005943458	1.27490234375
FULLT	run2	ssm1@100	1	1	0.005788125	0.005701291	0.0	6432544	0	0	0.005916792	1.26904296875
FULLT	run2	ssm1@100	1	2	0.005600334	0.005521125	0.0	6432544	0	0	0.005922625	1.26904296875
FULLT	run2	ssm1@100	1	3	0.005773833	0.005686459	0.0	6432544	0	0	0.005929959	1.26904296875
FULLT	run2	ssm1@100	1	4	0.005746792	0.00565025	0.0	6432544	0	0	0.005941709	1.26904296875
FULLT	run2	ssm1@100	1	5	0.005696125	0.005609083	0.0	6432544	0	0	0.0058345	1.26904296875
v6	run3	ssm1@100	1	1	0.00441875	0.004419541	0.0	5820784	0	0	0.006057166	1.22705078125
v6	run3	ssm1@100	1	2	0.00427625	0.004278333	0.0	5820784	0	0	0.005903667	1.22705078125
v6	run3	ssm1@100	1	3	0.004318875	0.004320208	0.0	5820784	0	0	0.005931542	1.22705078125
v6	run3	ssm1@100	1	4	0.004378625	0.00437975	0.0	5820784	0	0	0.005873	1.22705078125
v6	run3	ssm1@100	1	5	0.004299834	0.004301458	0.0	5820784	0	0	0.005937125	1.22705078125
FULLT	run3	ssm1@100	1	1	0.005572125	0.005485167	0.0	6432544	0	0	0.005991292	1.44482421875
FULLT	run3	ssm1@100	1	2	0.00557625	0.005489625	0.0	6432544	0	0	0.00593075	1.44482421875
FULLT	run3	ssm1@100	1	3	0.005642958	0.00555475	0.0	6432544	0	0	0.005896792	1.44482421875
FULLT	run3	ssm1@100	1	4	0.005593542	0.005504125	0.0	6432544	0	0	0.0059015	1.44482421875
FULLT	run3	ssm1@100	1	5	0.005682166	0.005596167	0.0	6432544	0	0	0.005938208	1.44482421875
F	run3	ssm1@100	1	1	0.003880625	0.003881416	0.0	5351712	0	0	0.006301875	1.505859375
F	run3	ssm1@100	1	2	0.003764167	0.003765417	0.0	5351712	0	0	0.005921209	1.505859375
F	run3	ssm1@100	1	3	0.00375075	0.003751875	0.0	5351712	0	0	0.0059375	1.505859375
F	run3	ssm1@100	1	4	0.003772667	0.003774084	0.0	5351712	0	0	0.005899959	1.505859375
F	run3	ssm1@100	1	5	0.003788166	0.003789541	0.0	5351712	0	0	0.005957875	1.505859375
FULLT	run4	ssm1@100	1	1	0.005661208	0.005580417	0.0	6432544	0	0	0.006739042	1.423828125
FULLT	run4	ssm1@100	1	2	0.0055305	0.0054445	0.0	6432544	0	0	0.005899542	1.423828125
FULLT	run4	ssm1@100	1	3	0.005556125	0.005469666	0.0	6432544	0	0	0.00591	1.423828125
FULLT	run4	ssm1@100	1	4	0.005529459	0.005443416	0.0	6432544	0	0	0.005929291	1.423828125
FULLT	run4	ssm1@100	1	5	0.005531542	0.005445708	0.0	6432544	0	0	0.005929667	1.423828125
F	run4	ssm1@100	1	1	0.003850084	0.003850625	0.0	5351712	0	0	0.005929375	1.4765625
F	run4	ssm1@100	1	2	0.003767375	0.003768583	0.0	5351712	0	0	0.005904666	1.4765625
F	run4	ssm1@100	1	3	0.003775167	0.003775917	0.0	5351712	0	0	0.005946375	1.4765625
F	run4	ssm1@100	1	4	0.003738916	0.003740334	0.0	5351712	0	0	0.005944292	1.4765625
F	run4	ssm1@100	1	5	0.003668375	0.0036695	0.0	5351712	0	0	0.005935625	1.4765625
v6	run4	ssm1@100	1	1	0.004407792	0.0044085	0.0	5820784	0	0	0.005862292	1.3701171875
v6	run4	ssm1@100	1	2	0.004358	0.00435925	0.0	5820784	0	0	0.005903666	1.3701171875
v6	run4	ssm1@100	1	3	0.004359	0.004359916	0.0	5820784	0	0	0.005972166	1.3701171875
v6	run4	ssm1@100	1	4	0.004311334	0.004312708	0.0	5820784	0	0	0.005894167	1.3701171875
v6	run4	ssm1@100	1	5	0.004328833	0.004330209	0.0	5820784	0	0	0.005939375	1.3701171875
F	run5	ssm1@100	1	1	0.003842	0.003842666	0.0	5351712	0	0	0.005998875	1.28759765625
F	run5	ssm1@100	1	2	0.003761292	0.003762625	0.0	5351712	0	0	0.005939791	1.28759765625
F	run5	ssm1@100	1	3	0.003669917	0.003670917	0.0	5351712	0	0	0.005942417	1.28759765625
F	run5	ssm1@100	1	4	0.003749208	0.0037505	0.0	5351712	0	0	0.005856125	1.28759765625
F	run5	ssm1@100	1	5	0.003840834	0.003842042	0.0	5351712	0	0	0.005950292	1.28759765625
v6	run5	ssm1@100	1	1	0.004468166	0.004468917	0.0	5820784	0	0	0.0060355	1.22314453125
v6	run5	ssm1@100	1	2	0.004311333	0.004312458	0.0	5820784	0	0	0.005933916	1.22314453125
v6	run5	ssm1@100	1	3	0.004300458	0.004302208	0.0	5820784	0	0	0.005934916	1.22314453125
v6	run5	ssm1@100	1	4	0.004355375	0.004356666	0.0	5820784	0	0	0.005998666	1.22314453125
v6	run5	ssm1@100	1	5	0.004376917	0.004378667	0.0	5820784	0	0	0.005900458	1.22314453125
FULLT	run5	ssm1@100	1	1	0.005716209	0.005629709	0.0	6432544	0	0	0.005929167	1.306640625
FULLT	run5	ssm1@100	1	2	0.005646541	0.0055625	0.0	6432544	0	0	0.005904125	1.306640625
FULLT	run5	ssm1@100	1	3	0.005575417	0.005489167	0.0	6432544	0	0	0.00589625	1.306640625
FULLT	run5	ssm1@100	1	4	0.005584542	0.0054975	0.0	6432544	0	0	0.005838334	1.306640625
FULLT	run5	ssm1@100	1	5	0.005502833	0.005414125	0.0	6432544	0	0	0.005959084	1.306640625
FULLT	run1	ssm1@10000	1	1	0.642340417	0.622538	0.0	650242176	0	0	0.006024875	1.33642578125
FULLT	run1	ssm1@10000	1	2	0.642584125	0.622756208	0.0	650242176	0	0	0.005840333	1.33642578125
FULLT	run1	ssm1@10000	1	3	0.644693875	0.624776458	0.0	650242176	0	0	0.005976125	1.30908203125
FULLT	run1	ssm1@10000	1	4	0.64414525	0.624167333	0.0	650242176	0	0	0.005942209	1.30908203125
FULLT	run1	ssm1@10000	1	5	0.643666167	0.623913167	0.0	650242176	0	0	0.005883833	1.30908203125
F	run1	ssm1@10000	1	1	0.44090525	0.435315666	0.0	542486736	0	0	0.006012875	1.20263671875
F	run1	ssm1@10000	1	2	0.451044708	0.445552875	0.0	542486736	0	0	0.00593175	1.20263671875
F	run1	ssm1@10000	1	3	0.445239875	0.439698875	0.0	542486736	0	0	0.005946209	1.20263671875
F	run1	ssm1@10000	1	4	0.445020666	0.439444708	0.0	542486736	0	0	0.005887625	1.20263671875
F	run1	ssm1@10000	1	5	0.444436542	0.438899541	0.0	542486736	0	0	0.005946708	1.18603515625
v6	run1	ssm1@10000	1	1	0.497505417	0.491958625	0.0	590427264	0	0	0.005967667	1.2001953125
v6	run1	ssm1@10000	1	2	0.498052875	0.492474083	0.0	590427264	0	0	0.005986917	1.18408203125
v6	run1	ssm1@10000	1	3	0.495779833	0.490260792	0.0	590427264	0	0	0.00583275	1.18408203125
v6	run1	ssm1@10000	1	4	0.496637041	0.491067541	0.0	590427264	0	0	0.005956167	1.18408203125
v6	run1	ssm1@10000	1	5	0.49300425	0.48744575	0.0	590427264	0	0	0.005934375	1.18408203125
F	run2	ssm1@10000	1	1	0.439835125	0.434228542	0.0	542486736	0	0	0.006030583	1.19384765625
F	run2	ssm1@10000	1	2	0.439421709	0.433813625	0.0	542486736	0	0	0.005908875	1.19384765625
F	run2	ssm1@10000	1	3	0.439993083	0.434435208	0.0	542486736	0	0	0.005955583	1.19384765625
F	run2	ssm1@10000	1	4	0.439127042	0.433571584	0.0	542486736	0	0	0.005949583	1.19384765625
F	run2	ssm1@10000	1	5	0.43795925	0.432390042	0.0	542486736	0	0	0.00583825	1.19384765625
v6	run2	ssm1@10000	1	1	0.498585709	0.493005209	0.0	590427264	0	0	0.006008708	1.126953125
v6	run2	ssm1@10000	1	2	0.49746025	0.491898292	0.0	590427264	0	0	0.005894	1.126953125
v6	run2	ssm1@10000	1	3	0.497280042	0.491726291	0.0	590427264	0	0	0.005973792	1.11669921875
v6	run2	ssm1@10000	1	4	0.498670875	0.493079334	0.0	590427264	0	0	0.005962375	1.11669921875
v6	run2	ssm1@10000	1	5	0.49706425	0.491497834	0.0	590427264	0	0	0.005896584	1.11669921875
FULLT	run2	ssm1@10000	1	1	0.632534667	0.612879709	0.0	650242176	0	0	0.0059235	1.07568359375
FULLT	run2	ssm1@10000	1	2	0.6330305	0.613405625	0.0	650242176	0	0	0.005908875	1.0693359375
FULLT	run2	ssm1@10000	1	3	0.630598292	0.610869666	0.0	650242176	0	0	0.0059425	1.0693359375
FULLT	run2	ssm1@10000	1	4	0.631616667	0.611797167	0.0	650242176	0	0	0.005933167	1.0693359375
FULLT	run2	ssm1@10000	1	5	0.629613209	0.609876833	0.0	650242176	0	0	0.005861375	1.0693359375
v6	run3	ssm1@10000	1	1	0.495877417	0.490337958	0.0	590427264	0	0	0.006260875	1.04443359375
v6	run3	ssm1@10000	1	2	0.494081	0.488547875	0.0	590427264	0	0	0.005965125	1.04443359375
v6	run3	ssm1@10000	1	3	0.493512125	0.487968625	0.0	590427264	0	0	0.005917166	1.04443359375
v6	run3	ssm1@10000	1	4	0.494194041	0.488689084	0.0	590427264	0	0	0.006015167	1.04052734375
v6	run3	ssm1@10000	1	5	0.494082041	0.48849975	0.0	590427264	0	0	0.005973334	1.04052734375
FULLT	run3	ssm1@10000	1	1	0.638510792	0.618837792	0.0	650242176	0	0	0.006042917	1.09326171875
FULLT	run3	ssm1@10000	1	2	0.636982875	0.617151	0.0	650242176	0	0	0.005889833	1.09326171875
FULLT	run3	ssm1@10000	1	3	0.635149542	0.615253291	0.0	650242176	0	0	0.005832375	1.16552734375
FULLT	run3	ssm1@10000	1	4	0.633913292	0.613988083	0.0	650242176	0	0	0.0059445	1.16552734375
FULLT	run3	ssm1@10000	1	5	0.63442675	0.61461775	0.0	650242176	0	0	0.005931209	1.16552734375
F	run3	ssm1@10000	1	1	0.442958417	0.437381625	0.0	542486736	0	0	0.0060505	1.26806640625
F	run3	ssm1@10000	1	2	0.44366575	0.43805875	0.0	542486736	0	0	0.005967958	1.26806640625
F	run3	ssm1@10000	1	3	0.440781416	0.435236125	0.0	542486736	0	0	0.005955125	1.26806640625
F	run3	ssm1@10000	1	4	0.442211792	0.436611542	0.0	542486736	0	0	0.0059705	1.26806640625
F	run3	ssm1@10000	1	5	0.442754917	0.437151542	0.0	542486736	0	0	0.005939709	1.26806640625
FULLT	run4	ssm1@10000	1	1	0.639407375	0.619611625	0.0	650242176	0	0	0.005994333	1.2138671875
FULLT	run4	ssm1@10000	1	2	0.638053625	0.618026292	0.0	650242176	0	0	0.005935209	1.2138671875
FULLT	run4	ssm1@10000	1	3	0.638556375	0.618698458	0.0	650242176	0	0	0.00592925	1.2138671875
FULLT	run4	ssm1@10000	1	4	0.637742333	0.6178605	0.0	650242176	0	0	0.0059075	1.2138671875
FULLT	run4	ssm1@10000	1	5	0.637761417	0.617958625	0.0	650242176	0	0	0.005977166	1.1962890625
F	run4	ssm1@10000	1	1	0.439685125	0.434037667	0.0	542486736	0	0	0.0060165	1.1396484375
F	run4	ssm1@10000	1	2	0.439512541	0.433918792	0.0	542486736	0	0	0.005928542	1.20849609375
F	run4	ssm1@10000	1	3	0.438947667	0.433376291	0.0	542486736	0	0	0.005896	1.20849609375
F	run4	ssm1@10000	1	4	0.439412833	0.433803917	0.0	542486736	0	0	0.005965584	1.20849609375
F	run4	ssm1@10000	1	5	0.439325583	0.4337045	0.0	542486736	0	0	0.005964833	1.20849609375
v6	run4	ssm1@10000	1	1	0.5003445	0.494789583	0.0	590427264	0	0	0.006039167	1.2724609375
v6	run4	ssm1@10000	1	2	0.500178667	0.494663875	0.0	590427264	0	0	0.005965375	1.2724609375
v6	run4	ssm1@10000	1	3	0.498683041	0.493122417	0.0	590427264	0	0	0.005981875	1.2724609375
v6	run4	ssm1@10000	1	4	0.499372083	0.493747709	0.0	590427264	0	0	0.005925083	1.2724609375
v6	run4	ssm1@10000	1	5	0.500331292	0.494794375	0.0	590427264	0	0	0.005929125	1.17041015625
F	run5	ssm1@10000	1	1	0.442963041	0.437368792	0.0	542486736	0	0	0.005868083	1.26953125
F	run5	ssm1@10000	1	2	0.444000792	0.438422833	0.0	542486736	0	0	0.00592625	1.24755859375
F	run5	ssm1@10000	1	3	0.446027125	0.440464	0.0	542486736	0	0	0.005841083	1.24755859375
F	run5	ssm1@10000	1	4	0.444059375	0.438481542	0.0	542486736	0	0	0.005940041	1.24755859375
F	run5	ssm1@10000	1	5	0.445331583	0.439751625	0.0	542486736	0	0	0.005896333	1.24755859375
v6	run5	ssm1@10000	1	1	0.502026291	0.496387833	0.0	590427264	0	0	0.005968708	1.40234375
v6	run5	ssm1@10000	1	2	0.498952708	0.493419584	0.0	590427264	0	0	0.00590075	1.40234375
v6	run5	ssm1@10000	1	3	0.499654875	0.494064209	0.0	590427264	0	0	0.005916708	1.40234375
v6	run5	ssm1@10000	1	4	0.499300917	0.493749708	0.0	590427264	0	0	0.005988375	1.40234375
v6	run5	ssm1@10000	1	5	0.498808375	0.49328925	0.0	590427264	0	0	0.005914208	1.40234375
FULLT	run5	ssm1@10000	1	1	0.641050917	0.621324208	0.0	650242176	0	0	0.006011042	1.24267578125
FULLT	run5	ssm1@10000	1	2	0.639302292	0.619212291	0.0	650242176	0	0	0.005905333	1.24267578125
FULLT	run5	ssm1@10000	1	3	0.639024958	0.618959375	0.0	650242176	0	0	0.005952333	1.24267578125
FULLT	run5	ssm1@10000	1	4	0.638163	0.618264334	0.0	650242176	0	0	0.005923583	1.22314453125
FULLT	run5	ssm1@10000	1	5	0.638677458	0.61892925	0.0	650242176	0	0	0.005970041	1.22314453125
FULLT	run1	iid@100	20	1	0.003440459	0.003440875	0.0	4500576	0	0	0.006028	1.25341796875
FULLT	run1	iid@100	40	1	0.0046975	0.004698	0.0	6415552	0	0	0.005939375	1.25341796875
FULLT	run1	iid@100	20	2	0.003332833	0.003333833	0.0	4500576	0	0	0.005932833	1.25341796875
FULLT	run1	iid@100	40	2	0.004608	0.004608959	0.0	6415552	0	0	0.005895292	1.25341796875
FULLT	run1	iid@100	20	3	0.003292291	0.003295792	0.0	4500576	0	0	0.00592525	1.25341796875
FULLT	run1	iid@100	40	3	0.004608292	0.004609334	0.0	6415552	0	0	0.005951084	1.25341796875
FULLT	run1	iid@100	20	4	0.003393958	0.003394959	0.0	4500576	0	0	0.005937375	1.25341796875
FULLT	run1	iid@100	40	4	0.004654	0.004655333	0.0	6415552	0	0	0.005967041	1.25341796875
FULLT	run1	iid@100	20	5	0.003346167	0.003347375	0.0	4500576	0	0	0.005901459	1.25341796875
FULLT	run1	iid@100	40	5	0.004606542	0.004607083	0.0	6415552	0	0	0.005921084	1.25341796875
F	run1	iid@100	20	1	0.002516208	0.002517042	0.0	3604768	0	0	0.006068208	1.1962890625
F	run1	iid@100	40	1	0.003666208	0.003666625	0.0	5195264	0	0	0.006035125	1.1962890625
F	run1	iid@100	20	2	0.002373958	0.002374917	0.0	3604768	0	0	0.005918625	1.1962890625
F	run1	iid@100	40	2	0.003546292	0.003547125	0.0	5195264	0	0	0.005906333	1.1962890625
F	run1	iid@100	20	3	0.002433875	0.002434708	0.0	3604768	0	0	0.005929875	1.1962890625
F	run1	iid@100	40	3	0.003556125	0.003557458	0.0	5195264	0	0	0.005933167	1.1962890625
F	run1	iid@100	20	4	0.002414709	0.002415875	0.0	3604768	0	0	0.005919875	1.1962890625
F	run1	iid@100	40	4	0.003539584	0.003540542	0.0	5195264	0	0	0.005919209	1.1962890625
F	run1	iid@100	20	5	0.002387417	0.002388791	0.0	3604768	0	0	0.00589775	1.1962890625
F	run1	iid@100	40	5	0.003588125	0.003589875	0.0	5195264	0	0	0.005929	1.1962890625
v6	run1	iid@100	20	1	0.002946458	0.002946875	0.0	3591136	0	0	0.006033625	1.15185546875
v6	run1	iid@100	40	1	0.004262	0.004262625	0.0	5076032	0	0	0.006057292	1.15185546875
v6	run1	iid@100	20	2	0.002789625	0.002790833	0.0	3591136	0	0	0.005937583	1.15185546875
v6	run1	iid@100	40	2	0.004163209	0.004164375	0.0	5076032	0	0	0.005898333	1.15185546875
v6	run1	iid@100	20	3	0.002843125	0.002844625	0.0	3591136	0	0	0.005965167	1.15185546875
v6	run1	iid@100	40	3	0.004200917	0.004202417	0.0	5076032	0	0	0.005916667	1.15185546875
v6	run1	iid@100	20	4	0.002798	0.002799458	0.0	3591136	0	0	0.005940125	1.15185546875
v6	run1	iid@100	40	4	0.004142209	0.004143083	0.0	5076032	0	0	0.005898125	1.15185546875
v6	run1	iid@100	20	5	0.002849125	0.00285025	0.0	3591136	0	0	0.005937958	1.15185546875
v6	run1	iid@100	40	5	0.004106458	0.004107708	0.0	5076032	0	0	0.005944875	1.15185546875
F	run2	iid@100	20	1	0.002538167	0.00253875	0.0	3604768	0	0	0.006012667	1.11767578125
F	run2	iid@100	40	1	0.003708291	0.003708959	0.0	5195264	0	0	0.005963708	1.11767578125
F	run2	iid@100	20	2	0.0024175	0.002418417	0.0	3604768	0	0	0.005952583	1.11767578125
F	run2	iid@100	40	2	0.003610666	0.003611708	0.0	5195264	0	0	0.005961291	1.11767578125
F	run2	iid@100	20	3	0.002505041	0.002506333	0.0	3604768	0	0	0.005870958	1.11767578125
F	run2	iid@100	40	3	0.003570709	0.003572042	0.0	5195264	0	0	0.005943875	1.11767578125
F	run2	iid@100	20	4	0.002569375	0.002570542	0.0	3604768	0	0	0.005918625	1.11767578125
F	run2	iid@100	40	4	0.003690667	0.003692208	0.0	5195264	0	0	0.005882333	1.11767578125
F	run2	iid@100	20	5	0.002596584	0.002597583	0.0	3604768	0	0	0.005929209	1.11767578125
F	run2	iid@100	40	5	0.003739583	0.003740833	0.0	5195264	0	0	0.005924541	1.11767578125
v6	run2	iid@100	20	1	0.00285675	0.002857542	0.0	3591136	0	0	0.005962334	1.0908203125
v6	run2	iid@100	40	1	0.004203375	0.004204083	0.0	5076032	0	0	0.006005958	1.0908203125
v6	run2	iid@100	20	2	0.002775541	0.002776917	0.0	3591136	0	0	0.005894167	1.0908203125
v6	run2	iid@100	40	2	0.004108042	0.004109375	0.0	5076032	0	0	0.005942958	1.0908203125
v6	run2	iid@100	20	3	0.002791583	0.0027925	0.0	3591136	0	0	0.005957541	1.0908203125
v6	run2	iid@100	40	3	0.004174	0.004177291	0.0	5076032	0	0	0.005947875	1.0908203125
v6	run2	iid@100	20	4	0.0028205	0.002823625	0.0	3591136	0	0	0.005909625	1.0908203125
v6	run2	iid@100	40	4	0.0041885	0.004189583	0.0	5076032	0	0	0.005944292	1.0908203125
v6	run2	iid@100	20	5	0.002790625	0.002791792	0.0	3591136	0	0	0.005897417	1.0908203125
v6	run2	iid@100	40	5	0.00409775	0.004099166	0.0	5076032	0	0	0.005927834	1.0908203125
FULLT	run2	iid@100	20	1	0.003628542	0.003629041	0.0	4500576	0	0	0.006015709	1.0703125
FULLT	run2	iid@100	40	1	0.005069209	0.005069708	0.0	6415552	0	0	0.005931458	1.0703125
FULLT	run2	iid@100	20	2	0.003478167	0.003478833	0.0	4500576	0	0	0.005928916	1.0703125
FULLT	run2	iid@100	40	2	0.004956958	0.004958	0.0	6415552	0	0	0.005938792	1.0703125
FULLT	run2	iid@100	20	3	0.003489917	0.003490625	0.0	4500576	0	0	0.005930667	1.064453125
FULLT	run2	iid@100	40	3	0.004947125	0.004948375	0.0	6415552	0	0	0.006007958	1.064453125
FULLT	run2	iid@100	20	4	0.003547042	0.003547917	0.0	4500576	0	0	0.00594775	1.064453125
FULLT	run2	iid@100	40	4	0.0049555	0.004957958	0.0	6415552	0	0	0.005893583	1.064453125
FULLT	run2	iid@100	20	5	0.003507333	0.003508375	0.0	4500576	0	0	0.005930375	1.064453125
FULLT	run2	iid@100	40	5	0.004935125	0.004936333	0.0	6415552	0	0	0.005958584	1.064453125
v6	run3	iid@100	20	1	0.002881458	0.002882167	0.0	3591136	0	0	0.005832917	1.05419921875
v6	run3	iid@100	40	1	0.004213041	0.004213541	0.0	5076032	0	0	0.005897333	1.05419921875
v6	run3	iid@100	20	2	0.002810958	0.002812041	0.0	3591136	0	0	0.00590275	1.05419921875
v6	run3	iid@100	40	2	0.004160542	0.004161584	0.0	5076032	0	0	0.005921584	1.05419921875
v6	run3	iid@100	20	3	0.002825042	0.002826541	0.0	3591136	0	0	0.005950625	1.0498046875
v6	run3	iid@100	40	3	0.004252209	0.004253791	0.0	5076032	0	0	0.005846709	1.0498046875
v6	run3	iid@100	20	4	0.002807125	0.002808542	0.0	3591136	0	0	0.005939542	1.0498046875
v6	run3	iid@100	40	4	0.004255833	0.004257125	0.0	5076032	0	0	0.005926292	1.0498046875
v6	run3	iid@100	20	5	0.002916375	0.002917459	0.0	3591136	0	0	0.005937	1.0498046875
v6	run3	iid@100	40	5	0.004271583	0.004273208	0.0	5076032	0	0	0.005934875	1.0498046875
FULLT	run3	iid@100	20	1	0.003586792	0.003587542	0.0	4500576	0	0	0.006014417	1.0380859375
FULLT	run3	iid@100	40	1	0.005058667	0.005059334	0.0	6415552	0	0	0.006006666	1.0380859375
FULLT	run3	iid@100	20	2	0.003466041	0.003466834	0.0	4500576	0	0	0.005947625	1.0380859375
FULLT	run3	iid@100	40	2	0.004945583	0.0049465	0.0	6415552	0	0	0.005887625	1.0380859375
FULLT	run3	iid@100	20	3	0.003474208	0.003475083	0.0	4500576	0	0	0.005936208	1.0380859375
FULLT	run3	iid@100	40	3	0.004944041	0.00494475	0.0	6415552	0	0	0.005827958	1.0380859375
FULLT	run3	iid@100	20	4	0.003487375	0.003488167	0.0	4500576	0	0	0.00595825	1.0380859375
FULLT	run3	iid@100	40	4	0.005020291	0.005024167	0.0	6415552	0	0	0.005938417	1.0380859375
FULLT	run3	iid@100	20	5	0.003530875	0.003532333	0.0	4500576	0	0	0.005926833	1.0380859375
FULLT	run3	iid@100	40	5	0.004947333	0.004948417	0.0	6415552	0	0	0.005900917	1.0380859375
F	run3	iid@100	20	1	0.002589292	0.002589625	0.0	3604768	0	0	0.00602525	1.18896484375
F	run3	iid@100	40	1	0.003873875	0.003874458	0.0	5195264	0	0	0.006043541	1.18896484375
F	run3	iid@100	20	2	0.002505709	0.002506542	0.0	3604768	0	0	0.005934208	1.18896484375
F	run3	iid@100	40	2	0.003786083	0.003787042	0.0	5195264	0	0	0.005900166	1.18896484375
F	run3	iid@100	20	3	0.002534625	0.002535375	0.0	3604768	0	0	0.005952	1.18896484375
F	run3	iid@100	40	3	0.003785667	0.003786416	0.0	5195264	0	0	0.0059455	1.18896484375
F	run3	iid@100	20	4	0.002572875	0.002573709	0.0	3604768	0	0	0.005937375	1.18896484375
F	run3	iid@100	40	4	0.003733917	0.003734834	0.0	5195264	0	0	0.005928042	1.18896484375
F	run3	iid@100	20	5	0.002544916	0.002545541	0.0	3604768	0	0	0.005894958	1.18896484375
F	run3	iid@100	40	5	0.003815916	0.003816875	0.0	5195264	0	0	0.005996625	1.18896484375
FULLT	run4	iid@100	20	1	0.003542667	0.003543208	0.0	4500576	0	0	0.005966125	1.146484375
FULLT	run4	iid@100	40	1	0.004932625	0.004933083	0.0	6415552	0	0	0.006045958	1.146484375
FULLT	run4	iid@100	20	2	0.003437125	0.003438292	0.0	4500576	0	0	0.005897667	1.146484375
FULLT	run4	iid@100	40	2	0.00483725	0.004838125	0.0	6415552	0	0	0.005911625	1.146484375
FULLT	run4	iid@100	20	3	0.003507	0.003507875	0.0	4500576	0	0	0.005956125	1.146484375
FULLT	run4	iid@100	40	3	0.004865458	0.004866875	0.0	6415552	0	0	0.005944458	1.146484375
FULLT	run4	iid@100	20	4	0.00367325	0.00367425	0.0	4500576	0	0	0.006165916	1.146484375
FULLT	run4	iid@100	40	4	0.005007	0.005010792	0.0	6415552	0	0	0.005987875	1.146484375
FULLT	run4	iid@100	20	5	0.003706125	0.003707125	0.0	4500576	0	0	0.006283833	1.146484375
FULLT	run4	iid@100	40	5	0.004871042	0.004875	0.0	6415552	0	0	0.005932292	1.146484375
F	run4	iid@100	20	1	0.002521666	0.00252225	0.0	3604768	0	0	0.006037542	1.11279296875
F	run4	iid@100	40	1	0.003696125	0.003696625	0.0	5195264	0	0	0.006315209	1.11279296875
F	run4	iid@100	20	2	0.00243075	0.00243225	0.0	3604768	0	0	0.005903375	1.11279296875
F	run4	iid@100	40	2	0.003604875	0.00360575	0.0	5195264	0	0	0.005935667	1.11279296875
F	run4	iid@100	20	3	0.002447084	0.002438208	0.0	3604768	0	0	0.005972083	1.11279296875
F	run4	iid@100	40	3	0.003671209	0.003672125	0.0	5195264	0	0	0.0059655	1.11279296875
F	run4	iid@100	20	4	0.002407875	0.002408792	0.0	3604768	0	0	0.005864916	1.11279296875
F	run4	iid@100	40	4	0.003612	0.003601708	0.0	5195264	0	0	0.005973084	1.18359375
F	run4	iid@100	20	5	0.002395708	0.002396875	0.0	3604768	0	0	0.005905042	1.18359375
F	run4	iid@100	40	5	0.003622333	0.003623375	0.0	5195264	0	0	0.005871875	1.18359375
v6	run4	iid@100	20	1	0.002856916	0.002857417	0.0	3591136	0	0	0.005948792	1.23486328125
v6	run4	iid@100	40	1	0.004141916	0.004142417	0.0	5076032	0	0	0.005980208	1.23486328125
v6	run4	iid@100	20	2	0.002816917	0.002817833	0.0	3591136	0	0	0.005938209	1.23486328125
v6	run4	iid@100	40	2	0.00408675	0.004088125	0.0	5076032	0	0	0.00593125	1.23486328125
v6	run4	iid@100	20	3	0.002772167	0.002773291	0.0	3591136	0	0	0.005938167	1.23486328125
v6	run4	iid@100	40	3	0.004088417	0.004089958	0.0	5076032	0	0	0.005894458	1.23486328125
v6	run4	iid@100	20	4	0.002825458	0.002826458	0.0	3591136	0	0	0.005868916	1.23486328125
v6	run4	iid@100	40	4	0.004084917	0.004086167	0.0	5076032	0	0	0.005916333	1.2158203125
v6	run4	iid@100	20	5	0.002856958	0.002858666	0.0	3591136	0	0	0.005887458	1.2158203125
v6	run4	iid@100	40	5	0.004079667	0.004081042	0.0	5076032	0	0	0.005938292	1.2158203125
F	run5	iid@100	20	1	0.002584208	0.002585083	0.0	3604768	0	0	0.006034625	1.16748046875
F	run5	iid@100	40	1	0.00378925	0.003789833	0.0	5195264	0	0	0.006006791	1.16748046875
F	run5	iid@100	20	2	0.002477792	0.002479	0.0	3604768	0	0	0.005922042	1.16748046875
F	run5	iid@100	40	2	0.0036965	0.003697334	0.0	5195264	0	0	0.00594075	1.16748046875
F	run5	iid@100	20	3	0.002495083	0.002496166	0.0	3604768	0	0	0.005939792	1.16748046875
F	run5	iid@100	40	3	0.003650083	0.00365125	0.0	5195264	0	0	0.005903375	1.16748046875
F	run5	iid@100	20	4	0.002573042	0.002573958	0.0	3604768	0	0	0.005931083	1.16748046875
F	run5	iid@100	40	4	0.003702084	0.003702791	0.0	5195264	0	0	0.005896667	1.16748046875
F	run5	iid@100	20	5	0.002487291	0.002488333	0.0	3604768	0	0	0.005861125	1.16748046875
F	run5	iid@100	40	5	0.003699583	0.00369125	0.0	5195264	0	0	0.005957042	1.16748046875
v6	run5	iid@100	20	1	0.002926125	0.002926667	0.0	3591136	0	0	0.006040625	1.12939453125
v6	run5	iid@100	40	1	0.004237208	0.004237875	0.0	5076032	0	0	0.006038875	1.12939453125
v6	run5	iid@100	20	2	0.002780208	0.00278125	0.0	3591136	0	0	0.006082792	1.12939453125
v6	run5	iid@100	40	2	0.00413225	0.004133042	0.0	5076032	0	0	0.005959	1.12939453125
v6	run5	iid@100	20	3	0.002775041	0.002776292	0.0	3591136	0	0	0.005920167	1.12939453125
v6	run5	iid@100	40	3	0.0041715	0.0041725	0.0	5076032	0	0	0.005931458	1.12939453125
v6	run5	iid@100	20	4	0.002807542	0.002808792	0.0	3591136	0	0	0.005969375	1.12939453125
v6	run5	iid@100	40	4	0.004095792	0.004096917	0.0	5076032	0	0	0.005917291	1.12939453125
v6	run5	iid@100	20	5	0.002792083	0.002793416	0.0	3591136	0	0	0.005903292	1.12939453125
v6	run5	iid@100	40	5	0.004253625	0.004254458	0.0	5076032	0	0	0.005963791	1.12939453125
FULLT	run5	iid@100	20	1	0.003659667	0.003660167	0.0	4500576	0	0	0.005907625	1.173828125
FULLT	run5	iid@100	40	1	0.0050555	0.005056208	0.0	6415552	0	0	0.005959083	1.173828125
FULLT	run5	iid@100	20	2	0.003606834	0.003608292	0.0	4500576	0	0	0.005930125	1.173828125
FULLT	run5	iid@100	40	2	0.004924958	0.004925875	0.0	6415552	0	0	0.0059265	1.173828125
FULLT	run5	iid@100	20	3	0.003452583	0.003453542	0.0	4500576	0	0	0.005939292	1.173828125
FULLT	run5	iid@100	40	3	0.004930167	0.0049315	0.0	6415552	0	0	0.005894208	1.173828125
FULLT	run5	iid@100	20	4	0.003520208	0.00352125	0.0	4500576	0	0	0.0059015	1.173828125
FULLT	run5	iid@100	40	4	0.004928166	0.004929125	0.0	6415552	0	0	0.00593675	1.173828125
FULLT	run5	iid@100	20	5	0.003477333	0.003478209	0.0	4500576	0	0	0.005945542	1.173828125
FULLT	run5	iid@100	40	5	0.004878	0.004878875	0.0	6415552	0	0	0.005928666	1.173828125
FULLT	run1	iid@10000	20	1	0.33350975	0.333487417	0.0	437500336	0	0	0.005938458	1.91796875
FULLT	run1	iid@10000	40	1	0.4872605	0.48722775	0.0	626327312	0	0	0.006235375	1.91796875
FULLT	run1	iid@10000	20	2	0.335501084	0.335468709	0.0	437500336	0	0	0.005949791	1.84423828125
FULLT	run1	iid@10000	40	2	0.486418792	0.486372542	0.0	626327312	0	0	0.005983875	1.84423828125
FULLT	run1	iid@10000	20	3	0.331255667	0.331220667	0.0	437500336	0	0	0.005983708	1.84423828125
FULLT	run1	iid@10000	40	3	0.485187041	0.485157583	0.0	626327312	0	0	0.00593775	1.84423828125
FULLT	run1	iid@10000	20	4	0.335444417	0.335423959	0.0	437500336	0	0	0.005971583	1.84423828125
FULLT	run1	iid@10000	40	4	0.490256209	0.490225834	0.0	626327312	0	0	0.005906625	1.84423828125
FULLT	run1	iid@10000	20	5	0.33276375	0.332740042	0.0	437500336	0	0	0.005938416	1.84423828125
FULLT	run1	iid@10000	40	5	0.485730959	0.485698667	0.0	626327312	0	0	0.005934875	1.84423828125
F	run1	iid@10000	20	1	0.229787791	0.229764417	0.0	349167728	0	0	0.006082167	1.669921875
F	run1	iid@10000	40	1	0.3629065	0.362885959	0.0	505990224	0	0	0.006035208	1.669921875
F	run1	iid@10000	20	2	0.232674458	0.232652167	0.0	349167728	0	0	0.00585075	1.669921875
F	run1	iid@10000	40	2	0.358575416	0.35854075	0.0	505990224	0	0	0.0058345	1.669921875
F	run1	iid@10000	20	3	0.230444083	0.230423792	0.0	349167728	0	0	0.005884875	1.6962890625
F	run1	iid@10000	40	3	0.359550083	0.359518583	0.0	505990224	0	0	0.005985667	1.6962890625
F	run1	iid@10000	20	4	0.229813666	0.22979175	0.0	349167728	0	0	0.0059565	1.6962890625
F	run1	iid@10000	40	4	0.358105666	0.358083042	0.0	505990224	0	0	0.005942958	1.6962890625
F	run1	iid@10000	20	5	0.2299225	0.229911875	0.0	349167728	0	0	0.005928625	1.6962890625
F	run1	iid@10000	40	5	0.358102417	0.35808325	0.0	505990224	0	0	0.005940666	1.6962890625
v6	run1	iid@10000	20	1	0.275015791	0.274990542	0.0	343954224	0	0	0.006330833	1.51513671875
v6	run1	iid@10000	40	1	0.428163584	0.428129166	0.0	487999120	0	0	0.006067375	1.51513671875
v6	run1	iid@10000	20	2	0.273637	0.273614458	0.0	343954224	0	0	0.005956542	1.51513671875
v6	run1	iid@10000	40	2	0.4318425	0.431792333	0.0	487999120	0	0	0.005945625	1.51513671875
v6	run1	iid@10000	20	3	0.2764945	0.276473208	0.0	343954224	0	0	0.0059655	1.51513671875
v6	run1	iid@10000	40	3	0.425026708	0.424991375	0.0	487999120	0	0	0.005957458	1.51513671875
v6	run1	iid@10000	20	4	0.267231125	0.267195792	0.0	343954224	0	0	0.005980459	1.51513671875
v6	run1	iid@10000	40	4	0.431223166	0.431178583	0.0	487999120	0	0	0.005979875	1.51513671875
v6	run1	iid@10000	20	5	0.278316708	0.278295417	0.0	343954224	0	0	0.005875667	1.4736328125
v6	run1	iid@10000	40	5	0.428889667	0.428842625	0.0	487999120	0	0	0.0059245	1.4736328125
F	run2	iid@10000	20	1	0.232198291	0.2321755	0.0	349167728	0	0	0.006077416	1.412109375
F	run2	iid@10000	40	1	0.3618905	0.36185175	0.0	505990224	0	0	0.006129166	1.458984375
F	run2	iid@10000	20	2	0.233554667	0.233534417	0.0	349167728	0	0	0.005922458	1.458984375
F	run2	iid@10000	40	2	0.356884375	0.35686325	0.0	505990224	0	0	0.005946333	1.458984375
F	run2	iid@10000	20	3	0.231642375	0.23163375	0.0	349167728	0	0	0.00596075	1.458984375
F	run2	iid@10000	40	3	0.356870792	0.356850459	0.0	505990224	0	0	0.005968833	1.458984375
F	run2	iid@10000	20	4	0.231613459	0.231591834	0.0	349167728	0	0	0.005938625	1.458984375
F	run2	iid@10000	40	4	0.357548292	0.357516666	0.0	505990224	0	0	0.005904708	1.458984375
F	run2	iid@10000	20	5	0.232945666	0.232925375	0.0	349167728	0	0	0.005892208	1.458984375
F	run2	iid@10000	40	5	0.359976917	0.359941084	0.0	505990224	0	0	0.005952916	1.458984375
v6	run2	iid@10000	20	1	0.276010459	0.275988459	0.0	343954224	0	0	0.00632475	1.30126953125
v6	run2	iid@10000	40	1	0.427565333	0.427531333	0.0	487999120	0	0	0.006010375	1.30126953125
v6	run2	iid@10000	20	2	0.271578333	0.271558	0.0	343954224	0	0	0.005984209	1.30126953125
v6	run2	iid@10000	40	2	0.423169291	0.423135833	0.0	487999120	0	0	0.005904	1.30126953125
v6	run2	iid@10000	20	3	0.272507458	0.272476916	0.0	343954224	0	0	0.005968584	1.30126953125
v6	run2	iid@10000	40	3	0.423008	0.422986209	0.0	487999120	0	0	0.0058505	1.27685546875
v6	run2	iid@10000	20	4	0.2768315	0.276807375	0.0	343954224	0	0	0.005927041	1.27685546875
v6	run2	iid@10000	40	4	0.417523083	0.417490458	0.0	487999120	0	0	0.006002125	1.27685546875
v6	run2	iid@10000	20	5	0.271028416	0.271005792	0.0	343954224	0	0	0.005980916	1.27685546875
v6	run2	iid@10000	40	5	0.422912375	0.422879084	0.0	487999120	0	0	0.00596175	1.27685546875
FULLT	run2	iid@10000	20	1	0.336315958	0.336295208	0.0	437500336	0	0	0.006015417	1.703125
FULLT	run2	iid@10000	40	1	0.495961	0.495917041	0.0	626327312	0	0	0.006079042	1.703125
FULLT	run2	iid@10000	20	2	0.334418666	0.334386625	0.0	437500336	0	0	0.005922625	1.646484375
FULLT	run2	iid@10000	40	2	0.49433725	0.494292708	0.0	626327312	0	0	0.005997709	1.646484375
FULLT	run2	iid@10000	20	3	0.336897625	0.336877917	0.0	437500336	0	0	0.005901083	1.646484375
FULLT	run2	iid@10000	40	3	0.489097208	0.489066792	0.0	626327312	0	0	0.005949334	1.646484375
FULLT	run2	iid@10000	20	4	0.334417083	0.334397458	0.0	437500336	0	0	0.005952209	1.646484375
FULLT	run2	iid@10000	40	4	0.494041583	0.494006959	0.0	626327312	0	0	0.005875459	1.646484375
FULLT	run2	iid@10000	20	5	0.334503542	0.334483875	0.0	437500336	0	0	0.005891542	1.646484375
FULLT	run2	iid@10000	40	5	0.492573459	0.492542167	0.0	626327312	0	0	0.005995041	1.646484375
v6	run3	iid@10000	20	1	0.275372375	0.27535	0.0	343954224	0	0	0.005891375	1.57177734375
v6	run3	iid@10000	40	1	0.425421417	0.42538375	0.0	487999120	0	0	0.00600375	1.57177734375
v6	run3	iid@10000	20	2	0.267537375	0.267516708	0.0	343954224	0	0	0.00596975	1.57177734375
v6	run3	iid@10000	40	2	0.416592875	0.416558625	0.0	487999120	0	0	0.005976583	1.52587890625
v6	run3	iid@10000	20	3	0.2719	0.271877458	0.0	343954224	0	0	0.005928459	1.52587890625
v6	run3	iid@10000	40	3	0.415907375	0.415872875	0.0	487999120	0	0	0.005973	1.52587890625
v6	run3	iid@10000	20	4	0.269579834	0.269560125	0.0	343954224	0	0	0.0059315	1.52587890625
v6	run3	iid@10000	40	4	0.431345291	0.431312417	0.0	487999120	0	0	0.005955834	1.52587890625
v6	run3	iid@10000	20	5	0.268007042	0.267985542	0.0	343954224	0	0	0.005963458	1.52587890625
v6	run3	iid@10000	40	5	0.42803525	0.427999125	0.0	487999120	0	0	0.005936292	1.52587890625
FULLT	run3	iid@10000	20	1	0.342943875	0.342912875	0.0	437500336	0	0	0.005983584	1.34521484375
FULLT	run3	iid@10000	40	1	0.503256375	0.503215375	0.0	626327312	0	0	0.00608875	1.3173828125
FULLT	run3	iid@10000	20	2	0.342054292	0.342032959	0.0	437500336	0	0	0.005869292	1.3173828125
FULLT	run3	iid@10000	40	2	0.505490084	0.505445958	0.0	626327312	0	0	0.005918875	1.3173828125
FULLT	run3	iid@10000	20	3	0.339485291	0.339449791	0.0	437500336	0	0	0.0059055	1.3173828125
FULLT	run3	iid@10000	40	3	0.501594375	0.501550542	0.0	626327312	0	0	0.005959042	1.3173828125
FULLT	run3	iid@10000	20	4	0.338951625	0.338932958	0.0	437500336	0	0	0.005898708	1.3173828125
FULLT	run3	iid@10000	40	4	0.505554	0.505523708	0.0	626327312	0	0	0.005900083	1.3173828125
FULLT	run3	iid@10000	20	5	0.338183084	0.338160208	0.0	437500336	0	0	0.0059265	1.3173828125
FULLT	run3	iid@10000	40	5	0.4999855	0.49995475	0.0	626327312	0	0	0.00601675	1.29150390625
F	run3	iid@10000	20	1	0.231868875	0.231861417	0.0	349167728	0	0	0.005967333	1.2880859375
F	run3	iid@10000	40	1	0.360985417	0.360952333	0.0	505990224	0	0	0.006053792	1.2880859375
F	run3	iid@10000	20	2	0.232599875	0.232581834	0.0	349167728	0	0	0.005973041	1.2646484375
F	run3	iid@10000	40	2	0.355294583	0.355263667	0.0	505990224	0	0	0.005934125	1.2646484375
F	run3	iid@10000	20	3	0.230600541	0.230592166	0.0	349167728	0	0	0.005870209	1.2646484375
F	run3	iid@10000	40	3	0.356922458	0.356900541	0.0	505990224	0	0	0.005920708	1.2646484375
F	run3	iid@10000	20	4	0.22917375	0.229154375	0.0	349167728	0	0	0.005899375	1.2646484375
F	run3	iid@10000	40	4	0.360093875	0.36006325	0.0	505990224	0	0	0.005963209	1.2646484375
F	run3	iid@10000	20	5	0.2294525	0.229431708	0.0	349167728	0	0	0.005964083	1.2646484375
F	run3	iid@10000	40	5	0.359345875	0.359323541	0.0	505990224	0	0	0.005895709	1.2646484375
FULLT	run4	iid@10000	20	1	0.335034792	0.334998	0.0	437500336	0	0	0.00602875	1.32080078125
FULLT	run4	iid@10000	40	1	0.49744575	0.497409875	0.0	626327312	0	0	0.006018541	1.294921875
FULLT	run4	iid@10000	20	2	0.331389375	0.331366542	0.0	437500336	0	0	0.00596875	1.294921875
FULLT	run4	iid@10000	40	2	0.490154417	0.490120833	0.0	626327312	0	0	0.005936375	1.294921875
FULLT	run4	iid@10000	20	3	0.332405083	0.332385834	0.0	437500336	0	0	0.005983791	1.294921875
FULLT	run4	iid@10000	40	3	0.489928084	0.489899708	0.0	626327312	0	0	0.005929833	1.294921875
FULLT	run4	iid@10000	20	4	0.335407125	0.335386875	0.0	437500336	0	0	0.005937167	1.294921875
FULLT	run4	iid@10000	40	4	0.498410459	0.498383375	0.0	626327312	0	0	0.005985541	1.294921875
FULLT	run4	iid@10000	20	5	0.335684	0.335663417	0.0	437500336	0	0	0.005869875	1.294921875
FULLT	run4	iid@10000	40	5	0.491797375	0.49174525	0.0	626327312	0	0	0.005935208	1.27099609375
F	run4	iid@10000	20	1	0.241907917	0.2419	0.0	349167728	0	0	0.00680475	1.34130859375
F	run4	iid@10000	40	1	0.380081542	0.380046709	0.0	505990224	0	0	0.006059583	1.34130859375
F	run4	iid@10000	20	2	0.243671667	0.243662166	0.0	349167728	0	0	0.005919125	1.31396484375
F	run4	iid@10000	40	2	0.378874834	0.378851458	0.0	505990224	0	0	0.005940041	1.31396484375
F	run4	iid@10000	20	3	0.242735667	0.242715166	0.0	349167728	0	0	0.00598175	1.31396484375
F	run4	iid@10000	40	3	0.381570959	0.38153625	0.0	505990224	0	0	0.005942333	1.31396484375
F	run4	iid@10000	20	4	0.241860541	0.241836958	0.0	349167728	0	0	0.005959083	1.31396484375
F	run4	iid@10000	40	4	0.380814667	0.380771125	0.0	505990224	0	0	0.005991625	1.31396484375
F	run4	iid@10000	20	5	0.24280925	0.242787583	0.0	349167728	0	0	0.0059435	1.31396484375
F	run4	iid@10000	40	5	0.383806208	0.383772125	0.0	505990224	0	0	0.005930583	1.31396484375
v6	run4	iid@10000	20	1	0.27868325	0.278675667	0.0	343954224	0	0	0.005993791	1.49072265625
v6	run4	iid@10000	40	1	0.429957958	0.429924	0.0	487999120	0	0	0.006046291	1.49072265625
v6	run4	iid@10000	20	2	0.271650958	0.271630959	0.0	343954224	0	0	0.005974666	1.49072265625
v6	run4	iid@10000	40	2	0.428156416	0.428114042	0.0	487999120	0	0	0.005972042	1.49072265625
v6	run4	iid@10000	20	3	0.275742709	0.275721541	0.0	343954224	0	0	0.005980041	1.49072265625
v6	run4	iid@10000	40	3	0.437842041	0.437807417	0.0	487999120	0	0	0.005987292	1.451171875
v6	run4	iid@10000	20	4	0.273241208	0.27323175	0.0	343954224	0	0	0.005955917	1.451171875
v6	run4	iid@10000	40	4	0.420164542	0.420129666	0.0	487999120	0	0	0.005916125	1.451171875
v6	run4	iid@10000	20	5	0.277509	0.277498417	0.0	343954224	0	0	0.005865958	1.451171875
v6	run4	iid@10000	40	5	0.427782791	0.427746542	0.0	487999120	0	0	0.005974167	1.451171875
F	run5	iid@10000	20	1	0.238241167	0.2382165	0.0	349167728	0	0	0.006030792	1.4892578125
F	run5	iid@10000	40	1	0.371215667	0.371179459	0.0	505990224	0	0	0.006058875	1.4892578125
F	run5	iid@10000	20	2	0.2419735	0.24195225	0.0	349167728	0	0	0.005940917	1.4892578125
F	run5	iid@10000	40	2	0.370559	0.37052475	0.0	505990224	0	0	0.005899125	1.4892578125
F	run5	iid@10000	20	3	0.237186458	0.237166709	0.0	349167728	0	0	0.005894291	1.4892578125
F	run5	iid@10000	40	3	0.372036416	0.372002167	0.0	505990224	0	0	0.005986042	1.4892578125
F	run5	iid@10000	20	4	0.236725375	0.236705333	0.0	349167728	0	0	0.005944834	1.4892578125
F	run5	iid@10000	40	4	0.370357459	0.370335708	0.0	505990224	0	0	0.005950375	1.4892578125
F	run5	iid@10000	20	5	0.237535833	0.237525708	0.0	349167728	0	0	0.005943959	1.44970703125
F	run5	iid@10000	40	5	0.3706835	0.370650041	0.0	505990224	0	0	0.005911542	1.44970703125
v6	run5	iid@10000	20	1	0.275951834	0.27593975	0.0	343954224	0	0	0.006000083	1.38916015625
v6	run5	iid@10000	40	1	0.436855	0.436823209	0.0	487999120	0	0	0.005984625	1.35791015625
v6	run5	iid@10000	20	2	0.281637292	0.28161575	0.0	343954224	0	0	0.0059275	1.35791015625
v6	run5	iid@10000	40	2	0.434035708	0.43400525	0.0	487999120	0	0	0.005940625	1.35791015625
v6	run5	iid@10000	20	3	0.277637875	0.277613625	0.0	343954224	0	0	0.005974	1.35791015625
v6	run5	iid@10000	40	3	0.431144791	0.431115334	0.0	487999120	0	0	0.005997208	1.35791015625
v6	run5	iid@10000	20	4	0.279236041	0.279216334	0.0	343954224	0	0	0.005998625	1.35791015625
v6	run5	iid@10000	40	4	0.43295525	0.432920708	0.0	487999120	0	0	0.005979333	1.35791015625
v6	run5	iid@10000	20	5	0.27364275	0.273621542	0.0	343954224	0	0	0.005989834	1.35791015625
v6	run5	iid@10000	40	5	0.420952916	0.420919958	0.0	487999120	0	0	0.005970375	1.35791015625
FULLT	run5	iid@10000	20	1	0.343008042	0.342984083	0.0	437500336	0	0	0.005985833	1.21630859375
FULLT	run5	iid@10000	40	1	0.506007333	0.505957958	0.0	626327312	0	0	0.005999375	1.21630859375
FULLT	run5	iid@10000	20	2	0.341389416	0.341358084	0.0	437500336	0	0	0.005913167	1.21630859375
FULLT	run5	iid@10000	40	2	0.498325833	0.498281166	0.0	626327312	0	0	0.005922625	1.21630859375
FULLT	run5	iid@10000	20	3	0.340972292	0.340934834	0.0	437500336	0	0	0.005933584	1.21630859375
FULLT	run5	iid@10000	40	3	0.498862	0.49881325	0.0	626327312	0	0	0.005996708	1.21630859375
FULLT	run5	iid@10000	20	4	0.339414333	0.339383292	0.0	437500336	0	0	0.005965792	1.19873046875
FULLT	run5	iid@10000	40	4	0.499876625	0.499830208	0.0	626327312	0	0	0.005971709	1.19873046875
FULLT	run5	iid@10000	20	5	0.34207525	0.34204175	0.0	437500336	0	0	0.00598325	1.19873046875
FULLT	run5	iid@10000	40	5	0.508928	0.508883833	0.0	626327312	0	0	0.00595475	1.19873046875
F	run1	iid@100000	20	1	3.364438875	3.364158125	0.0	3497126688	0	0	0.005999292	1.38232421875
F	run1	iid@100000	40	1	5.338394542	5.337945333	0.0	5065149184	0	0	0.005941417	1.3515625
F	run1	iid@100000	20	2	3.298536834	3.298278625	0.0	3497126688	0	0	0.005931209	1.37060546875
F	run1	iid@100000	40	2	5.406503958	5.406059667	0.0	5065149184	0	0	0.005969792	1.37060546875
F	run1	iid@100000	20	3	3.323510959	3.323249708	0.0	3497126976	0	0	0.005927375	1.38671875
F	run1	iid@100000	40	3	5.366754	5.366302	0.0	5065149184	0	0	0.005896	1.435546875
v6	run1	iid@100000	20	1	4.627713875	4.627322125	0.0	3439462528	0	0	0.00599525	1.13427734375
v6	run1	iid@100000	40	1	7.808588208	7.807938792	0.0	4879507424	0	0	0.005870417	1.123046875
v6	run1	iid@100000	20	2	4.637944041	4.637557	0.0	3439462528	0	0	0.0058915	1.103515625
v6	run1	iid@100000	40	2	7.875434	7.874781167	0.0	4879507424	0	0	0.005983209	1.09521484375
v6	run1	iid@100000	20	3	4.663055292	4.662657375	0.0	3439462528	0	0	0.005959833	1.080078125
v6	run1	iid@100000	40	3	7.754400958	7.753751875	0.0	4879507424	0	0	0.005966708	1.0732421875
F	run2	iid@100000	20	1	3.32942975	3.329146959	0.0	3492670240	0	0	0.005956583	1.451171875
F	run2	iid@100000	40	1	5.31219525	5.311771042	0.0	5060692736	0	0	0.005948292	1.4150390625
F	run2	iid@100000	20	2	3.295098917	3.294816416	0.0	3492670240	0	0	0.005983375	1.38134765625
F	run2	iid@100000	40	2	5.368315667	5.36788475	0.0	5060692736	0	0	0.006059417	1.3505859375
F	run2	iid@100000	20	3	3.304640583	3.304356208	0.0	3492670528	0	0	0.00597025	1.322265625
F	run2	iid@100000	40	3	5.353009875	5.3525705	0.0	5060692736	0	0	0.005975459	1.29638671875
v6	run2	iid@100000	20	1	4.725896166	4.725498916	0.0	3439462528	0	0	0.006015125	1.443359375
v6	run2	iid@100000	40	1	7.876250833	7.875511542	0.0	4879507424	0	0	0.00602375	1.40771484375
v6	run2	iid@100000	20	2	4.678831375	4.6784655	0.0	3439462528	0	0	0.005924625	1.3447265625
v6	run2	iid@100000	40	2	7.8708265	7.870180917	0.0	4879507424	0	0	0.005918083	1.55712890625
v6	run2	iid@100000	20	3	4.661640166	4.661241791	0.0	3439462528	0	0	0.00596825	1.6181640625
v6	run2	iid@100000	40	3	7.78796975	7.787328	0.0	4879507424	0	0	0.005872125	1.568359375
v6	run3	iid@100000	20	1	4.70532425	4.7049025	0.0	3439462528	0	0	0.00595325	1.498046875
v6	run3	iid@100000	40	1	7.766392875	7.765721958	0.0	4879507424	0	0	0.005963	1.4580078125
v6	run3	iid@100000	20	2	4.673522375	4.673126583	0.0	3439462528	0	0	0.005971333	1.46044921875
v6	run3	iid@100000	40	2	7.816707542	7.816078125	0.0	4879507424	0	0	0.005944417	1.58349609375
v6	run3	iid@100000	20	3	4.66533225	4.664943209	0.0	3439462528	0	0	0.005984958	1.4931640625
v6	run3	iid@100000	40	3	7.790416042	7.789733584	0.0	4879507424	0	0	0.00594875	1.45361328125
F	run3	iid@100000	20	1	3.330946083	3.330657625	0.0	3497126688	0	0	0.006792917	1.13916015625
F	run3	iid@100000	40	1	5.326929125	5.326497208	0.0	5065149184	0	0	0.006261583	1.1279296875
F	run3	iid@100000	20	2	3.256136083	3.255845834	0.0	3497126688	0	0	0.005969	1.11767578125
F	run3	iid@100000	40	2	5.354495666	5.354054375	0.0	5065149184	0	0	0.005974291	1.18798828125
F	run3	iid@100000	20	3	3.308154709	3.3078835	0.0	3497126976	0	0	0.005917459	1.23876953125
F	run3	iid@100000	40	3	5.333832333	5.333377875	0.0	5065149184	0	0	0.00595975	1.21923828125
F	run4	iid@100000	20	1	3.309060083	3.308772708	0.0	3497126688	0	0	0.006017166	1.119140625
F	run4	iid@100000	40	1	5.246059042	5.245621291	0.0	5065149184	0	0	0.0060125	1.119140625
F	run4	iid@100000	20	2	3.266763084	3.266485	0.0	3497126688	0	0	0.005949125	1.24755859375
F	run4	iid@100000	40	2	5.337766583	5.337321709	0.0	5065149184	0	0	0.00592975	1.3076171875
F	run4	iid@100000	20	3	3.283972333	3.283684083	0.0	3497126976	0	0	0.0058975	1.28271484375
F	run4	iid@100000	40	3	5.31369325	5.313230333	0.0	5065149184	0	0	0.005982042	1.259765625
v6	run4	iid@100000	20	1	4.661566666	4.661179209	0.0	3439462528	0	0	0.00599075	1.2578125
v6	run4	iid@100000	40	1	7.794255667	7.793611875	0.0	4879507424	0	0	0.005986584	1.31689453125
v6	run4	iid@100000	20	2	4.6579125	4.657538583	0.0	3439462528	0	0	0.00584025	1.341796875
v6	run4	iid@100000	40	2	7.878105042	7.877435458	0.0	4879507424	0	0	0.005914833	1.31396484375
v6	run4	iid@100000	20	3	4.652150959	4.651747459	0.0	3439462528	0	0	0.005902292	1.49267578125
v6	run4	iid@100000	40	3	7.80105475	7.800393083	0.0	4879507424	0	0	0.005896666	1.453125
F	run5	iid@100000	20	1	3.352890583	3.35262025	0.0	3497126688	0	0	0.006197333	1.349609375
F	run5	iid@100000	40	1	5.378888791	5.378448458	0.0	5065149184	0	0	0.006032375	1.3212890625
F	run5	iid@100000	20	2	3.303119333	3.302851958	0.0	3497126688	0	0	0.005898875	1.271484375
F	run5	iid@100000	40	2	5.419241875	5.418738583	0.0	5065149184	0	0	0.005969666	1.271484375
F	run5	iid@100000	20	3	3.323369666	3.323090666	0.0	3497126976	0	0	0.005975792	1.2294921875
F	run5	iid@100000	40	3	5.376420916	5.375974209	0.0	5065149184	0	0	0.005970458	1.2109375
v6	run5	iid@100000	20	1	4.647454416	4.64704325	0.0	3439462528	0	0	0.006023625	1.32958984375
v6	run5	iid@100000	40	1	7.787962875	7.787267458	0.0	4879507424	0	0	0.005984459	1.302734375
v6	run5	iid@100000	20	2	4.688053208	4.687664084	0.0	3439462528	0	0	0.005956042	1.32958984375
v6	run5	iid@100000	40	2	7.858097292	7.857441	0.0	4879507424	0	0	0.005948708	1.3828125
v6	run5	iid@100000	20	3	4.676264292	4.675878792	0.0	3439462528	0	0	0.00585875	1.40380859375
v6	run5	iid@100000	40	3	7.792038541	7.791367958	0.0	4879507424	0	0	0.005923	1.37109375
FULLT	run1	betabern@50000	1	1	0.81168025	0.811624292	0.0	878225392	0	0	0.005956833	1.111328125
FULLT	run1	betabern@50000	1	2	0.801046917	0.800981583	0.0	878225392	0	0	0.005959542	1.18212890625
FULLT	run1	betabern@50000	1	3	0.7996	0.799549208	0.0	878225392	0	0	0.00592125	1.18212890625
F	run1	betabern@50000	1	1	0.455333459	0.455302166	0.0	679821232	0	0	0.005972208	1.14111328125
F	run1	betabern@50000	1	2	0.45868925	0.45865975	0.0	679821232	0	0	0.005969291	1.12939453125
F	run1	betabern@50000	1	3	0.457739375	0.457708834	0.0	679821232	0	0	0.005943541	1.12939453125
v6	run1	betabern@50000	1	1	0.577101292	0.577057292	0.0	718794240	0	0	0.006050333	1.10009765625
v6	run1	betabern@50000	1	2	0.580585208	0.580531459	0.0	718794240	0	0	0.005967125	1.091796875
v6	run1	betabern@50000	1	3	0.57517625	0.5751145	0.0	718794240	0	0	0.00597825	1.091796875
F	run2	betabern@50000	1	1	0.45638875	0.456356083	0.0	679821232	0	0	0.006012875	1.06494140625
F	run2	betabern@50000	1	2	0.454565333	0.454534792	0.0	679821232	0	0	0.00589975	1.06494140625
F	run2	betabern@50000	1	3	0.454490458	0.454459333	0.0	679821232	0	0	0.005922875	1.06494140625
v6	run2	betabern@50000	1	1	0.575497	0.575450666	0.0	718794240	0	0	0.006038083	1.05029296875
v6	run2	betabern@50000	1	2	0.574787959	0.574728875	0.0	718794240	0	0	0.005970541	1.0458984375
v6	run2	betabern@50000	1	3	0.579172416	0.579116958	0.0	718794240	0	0	0.005977958	1.0458984375
FULLT	run2	betabern@50000	1	1	0.794669375	0.794607	0.0	878225392	0	0	0.006032334	1.0322265625
FULLT	run2	betabern@50000	1	2	0.798347042	0.798296167	0.0	878225392	0	0	0.005948875	1.0322265625
FULLT	run2	betabern@50000	1	3	0.790713959	0.7906615	0.0	878225392	0	0	0.005936084	1.0322265625
v6	run3	betabern@50000	1	1	0.574244833	0.574199584	0.0	718794240	0	0	0.006347416	1.02197265625
v6	run3	betabern@50000	1	2	0.580296166	0.580250542	0.0	718794240	0	0	0.005932625	1.02197265625
v6	run3	betabern@50000	1	3	0.584178042	0.584131959	0.0	718794240	0	0	0.005977084	1.02197265625
FULLT	run3	betabern@50000	1	1	0.809708417	0.809649	0.0	878225392	0	0	0.005911791	1.01513671875
FULLT	run3	betabern@50000	1	2	0.80567225	0.805606167	0.0	878225392	0	0	0.005914333	1.013671875
FULLT	run3	betabern@50000	1	3	0.802435542	0.802372625	0.0	878225392	0	0	0.005978542	1.013671875
F	run3	betabern@50000	1	1	0.461577666	0.461544417	0.0	679821232	0	0	0.006019125	1.19580078125
F	run3	betabern@50000	1	2	0.464749167	0.464718666	0.0	679821232	0	0	0.005915417	1.19580078125
F	run3	betabern@50000	1	3	0.459706167	0.45967	0.0	679821232	0	0	0.005918833	1.19580078125
FULLT	run4	betabern@50000	1	1	0.802741833	0.8026865	0.0	878225392	0	0	0.005970625	1.513671875
FULLT	run4	betabern@50000	1	2	0.80315975	0.803111083	0.0	878225392	0	0	0.005874584	1.513671875
FULLT	run4	betabern@50000	1	3	0.8031645	0.80309225	0.0	878225392	0	0	0.005984458	1.47216796875
F	run4	betabern@50000	1	1	0.459283333	0.459249167	0.0	679821232	0	0	0.00589325	1.5146484375
F	run4	betabern@50000	1	2	0.459991625	0.459958125	0.0	679821232	0	0	0.005978	1.55322265625
F	run4	betabern@50000	1	3	0.454286084	0.45425725	0.0	679821232	0	0	0.005923333	1.55322265625
v6	run4	betabern@50000	1	1	0.57646725	0.576423	0.0	718794240	0	0	0.00626975	1.578125
v6	run4	betabern@50000	1	2	0.57296875	0.57292425	0.0	718794240	0	0	0.005901583	1.53173828125
v6	run4	betabern@50000	1	3	0.566389917	0.566341875	0.0	718794240	0	0	0.005941333	1.53173828125
F	run5	betabern@50000	1	1	0.455800792	0.455768417	0.0	679821232	0	0	0.006019125	1.61669921875
F	run5	betabern@50000	1	2	0.457658917	0.457624166	0.0	679821232	0	0	0.00598025	1.56689453125
F	run5	betabern@50000	1	3	0.455313959	0.455279417	0.0	679821232	0	0	0.006005166	1.56689453125
v6	run5	betabern@50000	1	1	0.5826425	0.582601583	0.0	718794240	0	0	0.005886417	1.52099609375
v6	run5	betabern@50000	1	2	0.568758584	0.568716375	0.0	718794240	0	0	0.005973167	1.47900390625
v6	run5	betabern@50000	1	3	0.570108208	0.570055583	0.0	718794240	0	0	0.005935542	1.47900390625
FULLT	run5	betabern@50000	1	1	0.796979584	0.796914042	0.0	878225392	0	0	0.005937542	1.4775390625
FULLT	run5	betabern@50000	1	2	0.798273375	0.7982125	0.0	878225392	0	0	0.006001916	1.4775390625
FULLT	run5	betabern@50000	1	3	0.799077	0.79900525	0.0	878225392	0	0	0.005872375	1.4775390625
